node_id,ml_score,ris_score,fair_ris_score,fairness_bonus,weak_group_bonus,community_diversity_bonus,protected_group_coverage_bonus,spread_proxy_score,combined_score
1007,0.8484475929807249,0.2,0.3333333333333333,0.05555555555555555,0.05555555555555555,0.8888888888888888,0.0,0.5019037319485797,1.8346748078659392
1009,0.8369925175614531,0.0,0.0,0.9206349206349206,0.9206349206349206,0.8888888888888888,0.0,0.4554077662056939,2.1331372338546597
1025,0.6546949655663413,0.0,0.0,0.05,0.05,0.5555555555555556,0.0,0.18172138763864334,0.8587528087296741
1048,0.8117195057876281,0.2,0.16666666666666666,0.1780821917808219,0.1780821917808219,1.0,0.0,0.5626314235622139,1.811338415257047
1049,0.7639708973428686,0.2,0.16666666666666666,0.7551020408163265,0.7551020408163265,0.8888888888888888,1.0,0.46616823354937265,3.2607934068205275
1074,0.6723691051898426,0.0,0.0,0.2647058823529412,0.2647058823529412,0.6666666666666666,1.0,0.3212068354021491,2.197180323480024
1092,0.7364039220373501,0.4,0.5,0.7916666666666666,0.7916666666666666,0.7777777777777778,0.0,0.38219631589932207,2.7289168273414295
1097,0.7933769054480916,0.0,0.0,0.851063829787234,0.851063829787234,0.8888888888888888,0.0,0.36643771160884797,1.9974471926888817
11,0.7367712198669588,0.0,0.0,0.0,0.0,0.7777777777777778,0.0,0.34666156066235615,1.0432933670607025
1119,0.7684298366510666,0.0,0.0,0.09803921568627451,0.09803921568627451,1.0,0.0,0.433235294507078,1.3092342191448525
1131,0.7349010068210892,0.0,0.0,0.02857142857142857,0.02857142857142857,0.5555555555555556,0.0,0.23908176464636782,0.9164126169825159
1137,0.8503728911281533,0.0,0.0,0.04477611940298507,0.04477611940298507,0.7777777777777778,0.0,0.4573801077189365,1.2118780751691558
1138,0.8137152056487665,0.0,0.0,0.03508771929824561,0.03508771929824561,0.7777777777777778,0.0,0.39707331324696543,1.1524065774400574
1155,0.6463236164928186,0.0,0.0,0.42857142857142855,0.42857142857142855,0.6666666666666666,1.0,0.30204062864271874,2.3351475449068224
1159,0.794771346229009,0.4,0.3333333333333333,0.9193548387096774,0.9193548387096774,0.8888888888888888,0.0,0.4684851175468755,2.787533272533178
1175,0.8261510365654029,0.0,0.0,0.15942028985507245,0.15942028985507245,1.0,0.0,0.5041430396857481,1.4393832313251538
1190,0.7303434941732598,0.4,0.3333333333333333,0.08108108108108109,0.08108108108108109,0.8888888888888888,0.0,0.32706640947553683,1.847592535237022
1197,0.7053877824308066,0.4,0.3333333333333333,0.0,0.0,0.4444444444444444,0.0,0.17028684959045076,1.4641084097599668
1198,0.6813490981387308,0.0,0.0,0.5128205128205128,0.5128205128205128,1.0,1.0,0.4508908427541258,2.6701212186192747
12,0.7220109289497919,0.0,0.0,0.8444444444444444,0.8444444444444444,1.0,0.0,0.40203583035753643,2.0106664268523136
1209,0.6065675991839528,0.0,0.0,0.4666666666666667,0.4666666666666667,0.5555555555555556,1.0,0.21238060832479005,2.2539940072031275
1215,0.5182343378751647,0.0,0.0,0.8,0.8,0.3333333333333333,1.0,0.1286197032816164,2.3808785844919287
1216,0.7995536301601598,0.0,0.0,0.06557377049180328,0.06557377049180328,0.8888888888888888,0.0,0.4664180525623098,1.2562729770732832
1228,0.7144879834339899,0.4,0.6666666666666666,0.3076923076923077,0.3076923076923077,0.7777777777777778,1.0,0.38347790616960326,3.430113947452831
1234,0.7563731465873631,0.2,0.3333333333333333,0.0,0.0,0.6666666666666666,0.0,0.28107268501889326,1.5152236099520446
1235,0.8477760689422594,0.0,0.0,0.9135802469135802,0.9135802469135802,0.8888888888888888,0.0,0.5812877452494623,2.183983037717391
1237,0.8636943504402569,0.4,0.3333333333333333,0.0759493670886076,0.0759493670886076,1.0,0.0,0.5536261819521173,2.0819858851776343
1240,0.5991438492451509,0.0,0.0,0.23529411764705882,0.23529411764705882,0.7777777777777778,0.0,0.2167332783981621,1.1302770123668182
1245,0.6987026829507782,0.2,0.16666666666666666,0.09375,0.09375,0.6666666666666666,0.0,0.27186502704513454,1.3649212222169318
1261,0.6148943112734915,0.0,0.0,0.9285714285714286,0.9285714285714286,0.0,0.0,0.04608540039587349,1.377431606621222
1264,0.6615951540427241,0.0,0.0,0.0,0.0,0.3333333333333333,0.0,0.15995478435203506,0.6937651882373874
1267,0.8439392028961525,0.0,0.0,0.08450704225352113,0.08450704225352113,1.0,0.0,0.5070016094460362,1.3780651280592422
1291,0.8497333131664606,0.0,0.0,0.9375,0.9375,1.0,0.0,0.5957826581934726,2.2706263824939112
13,0.6647346766184531,0.2,0.3333333333333333,0.8148148148148148,0.8148148148148148,0.6666666666666666,0.0,0.25222003226475176,2.254350434686966
1315,0.901172896926585,0.2,0.16666666666666666,0.16379310344827586,0.16379310344827586,1.0,0.0,0.8106006843039684,1.9588544050184726
1318,0.8311705638783412,0.0,0.0,0.06451612903225806,0.06451612903225806,0.7777777777777778,0.0,0.4145052942983585,1.2010265303553291
1324,0.8954407095311174,0.0,0.0,0.05263157894736842,0.05263157894736842,1.0,0.0,0.6510550307946178,1.4398620879369977
1326,0.6322823858139727,0.2,0.3333333333333333,0.5185185185185185,0.5185185185185185,1.0,1.0,0.3749753180067386,3.1511063157909946
1335,1.0,0.0,0.0,0.10596026490066225,0.10596026490066225,1.0,0.0,1.0,1.705960264900662
1336,0.6191432488886567,0.6,0.6666666666666666,0.0625,0.0625,0.4444444444444444,0.0,0.13849304734292867,1.9935197153814534
134,0.6226779674089844,0.0,0.0,0.8695652173913043,0.8695652173913043,1.0,0.0,0.28829822805670735,1.9207590858002763
1348,0.6722729113953133,0.0,0.0,0.92,0.92,0.6666666666666666,0.0,0.2341371034570039,1.817579212692854
135,0.5803073428659187,0.0,0.0,0.0,0.0,0.4444444444444444,0.0,0.12429580896632413,0.6781556858148948
1424,0.838970493914245,0.0,0.0,0.8714285714285714,0.8714285714285714,1.0,0.0,0.5197243104096372,2.1665976413323977
1448,0.905963823803164,0.4,0.3333333333333333,0.9158878504672897,0.9158878504672897,0.8888888888888888,0.0,0.749186323120881,2.9741815008223007
1477,0.625541435401778,0.2,0.16666666666666666,0.5,0.5,0.6666666666666666,1.0,0.27290227571303616,2.720373248399792
1494,0.8276282691052171,0.4,0.3333333333333333,0.7611940298507462,0.7611940298507462,1.0,1.0,0.5671479315804829,3.747392990856591
1499,0.7240661174384826,0.4,0.3333333333333333,0.05128205128205128,0.05128205128205128,0.6666666666666666,0.0,0.302181648559151,1.6923343262459827
1506,0.5627480641580062,0.0,0.0,0.5555555555555556,0.5555555555555556,0.4444444444444444,1.0,0.174703684869712,2.2415828966362668
1512,0.5797724375376249,0.0,0.0,0.0,0.0,0.5555555555555556,0.0,0.13436491287886662,0.7373644492056618
1520,0.6243809285203797,0.0,0.0,0.76,0.76,0.8888888888888888,0.0,0.27954692550088944,1.753329864609066
1528,0.7045295324795599,0.2,0.16666666666666666,0.9583333333333334,0.9583333333333334,0.3333333333333333,0.0,0.1510082633153391,2.0185739780618275
1540,0.6951613454659136,0.0,0.0,1.0,1.0,0.3333333333333333,0.0,0.1390578100604982,1.7089027325170054
1550,0.6774669113313118,0.2,0.3333333333333333,0.35714285714285715,0.35714285714285715,0.6666666666666666,1.0,0.29247127159430175,2.8216915370458295
1561,0.3668876862917142,0.4,0.3333333333333333,1.0,1.0,0.0,0.0,0.0013993925144271634,1.9373811374099708
1587,0.6472497245061145,0.2,0.16666666666666666,0.08333333333333333,0.08333333333333333,0.6666666666666666,0.0,0.23206863361383048,1.3025689272664789
1593,0.7991662292771025,0.4,0.6666666666666666,0.9393939393939394,0.9393939393939394,0.8888888888888888,0.0,0.4824143005888375,3.2162204645678902
1595,0.779846018815911,0.0,0.0,0.6610169491525424,0.6610169491525424,1.0,1.0,0.5399342401407599,2.9228828583799844
16,0.6508103445116339,0.0,0.0,0.7352941176470589,0.7352941176470589,1.0,1.0,0.4190249213373873,2.8584713273401574
1616,0.7419168904214011,0.0,0.0,0.075,0.075,0.8888888888888888,0.0,0.33492671357789344,1.1727569531705824
1625,0.8653290158721129,0.0,0.0,0.11764705882352941,0.11764705882352941,1.0,0.0,0.7383014567658922,1.5186979526403654
1628,0.9073365204650452,0.2,0.16666666666666666,0.826530612244898,0.826530612244898,0.8888888888888888,0.0,0.6758302140887552,2.516442706650376
1650,0.6192422871968712,0.0,0.0,0.45,0.45,0.5555555555555556,1.0,0.2525830581274335,2.262280602066561
1674,0.6713027681220821,0.0,0.0,0.6060606060606061,0.6060606060606061,1.0,1.0,0.4117241131783466,2.740662189017402
1682,0.4836558688197812,0.0,0.0,1.0,1.0,0.0,0.0,0.019127861670093685,1.3462102528418842
1691,0.6883901720958131,0.2,0.16666666666666666,0.11764705882352941,0.11764705882352941,1.0,0.0,0.33440884707987306,1.5732837181225476
1714,0.6990886068748067,0.0,0.0,0.07407407407407407,0.07407407407407407,0.5555555555555556,0.0,0.2119250930810617,0.9259839138966411
1718,0.7407387694360287,0.0,0.0,0.13636363636363635,0.13636363636363635,1.0,0.0,0.39153821279208,1.3114960600856886
1729,0.7871637217288845,0.0,0.0,0.875,0.875,0.8888888888888888,0.0,0.3665214309169981,2.0170676220214627
1771,0.7116842502285867,0.2,0.16666666666666666,0.9428571428571428,0.9428571428571428,0.5555555555555556,0.0,0.25797448406301415,2.162003689420137
1792,0.8042710920005984,0.2,0.16666666666666666,0.018518518518518517,0.018518518518518517,0.7777777777777778,0.0,0.385524407879244,1.4646069349595239
1795,0.6038033814703455,0.2,0.16666666666666666,0.06666666666666667,0.06666666666666667,0.5555555555555556,0.0,0.16281324538443703,1.172232109627461
180,0.7505575383578568,0.0,0.0,0.10204081632653061,0.10204081632653061,0.8888888888888888,0.0,0.40586173599446573,1.2342202320192612
1809,0.7510020756744574,0.2,0.16666666666666666,0.027777777777777776,0.027777777777777776,0.5555555555555556,0.0,0.24938705866046545,1.2710118319918617
1822,0.611854483432212,0.2,0.3333333333333333,0.5294117647058824,0.5294117647058824,0.6666666666666666,1.0,0.24405307580849214,2.928664466765161
1847,0.7821174723979606,0.2,0.16666666666666666,0.1,0.1,0.8888888888888888,0.0,0.440932108186,1.608299518397417
1849,0.8098965554306826,0.2,0.3333333333333333,0.9420289855072463,0.9420289855072463,0.8888888888888888,0.0,0.5042974447581836,2.695119996656442
1875,0.6735261111313205,0.0,0.0,0.16129032258064516,0.16129032258064516,0.7777777777777778,0.0,0.2873626832996533,1.1365925625813198
1897,0.8124937605318803,0.0,0.0,0.1232876712328767,0.1232876712328767,1.0,0.0,0.5553477395357506,1.4141723994194932
1901,0.7537466211143328,0.2,0.16666666666666666,0.058823529411764705,0.058823529411764705,0.2222222222222222,0.0,0.17186218340193776,1.106302148663684
1931,0.7423438136340276,0.2,0.16666666666666666,0.029411764705882353,0.029411764705882353,0.7777777777777778,0.0,0.2873992879011269,1.3929010382990412
1938,0.6357796059856227,0.0,0.0,1.0,1.0,0.3333333333333333,0.0,0.1216466504579523,1.6603710510397836
1942,0.7151416472086431,0.2,0.16666666666666666,0.918918918918919,0.918918918918919,0.8888888888888888,0.0,0.3224956004227547,2.3329607565785153
1967,0.5476549924907573,0.0,0.0,0.0,0.0,0.2222222222222222,0.0,0.04688617417105543,0.5132240755230634
1971,0.6493084412858187,0.0,0.0,0.7741935483870968,0.7741935483870968,0.6666666666666666,0.0,0.27390532674821316,1.6716049213197883
1973,0.6570833177204177,0.0,0.0,0.19047619047619047,0.19047619047619047,0.5555555555555556,0.0,0.19124579228385455,1.0047106075718024
1978,0.5669365421818131,0.0,0.0,0.25,0.25,0.4444444444444444,1.0,0.18873210699216245,1.9445706445463564
1984,0.4823653895438412,0.0,0.0,0.0,0.0,0.0,0.0,0.0,0.33765577268068886
1985,0.5606781744567594,0.2,0.3333333333333333,0.8333333333333334,0.8333333333333334,0.4444444444444444,1.0,0.1526894269050533,3.049106048437309
1999,0.6129566504319695,0.0,0.0,0.0,0.0,0.3333333333333333,0.0,0.09493309402758357,0.6337095595800787
20,0.781925960043882,0.4,0.3333333333333333,0.2698412698412698,0.2698412698412698,1.0,0.0,0.49256976347882825,2.1942173472635185
2014,0.5670381925194213,0.0,0.0,0.0,0.0,0.0,1.0,0.10044311204881358,1.4371039795831204
2016,0.6801391678320512,0.0,0.0,0.10344827586206896,0.10344827586206896,0.8888888888888888,1.0,0.3592110214546783,2.1676745463708205
205,0.913116626975672,0.0,0.0,0.9101123595505618,0.9101123595505618,0.8888888888888888,0.0,0.6070480752461817,2.236557672976449
2053,0.618971210512885,0.0,0.0,0.6818181818181818,0.6818181818181818,0.7777777777777778,1.0,0.300366270118288,2.6241334261134055
2055,0.6003892539196167,0.0,0.0,0.7142857142857143,0.7142857142857143,0.8888888888888888,1.0,0.32166885377878934,2.707670177985406
2073,0.8079206577609684,0.0,0.0,0.0784313725490196,0.0784313725490196,0.6666666666666666,0.0,0.35057126601438343,1.1175376727207842
2089,0.7093406991650532,0.2,0.16666666666666666,0.9230769230769231,0.9230769230769231,0.7777777777777778,0.0,0.3217290639199229,2.2771959269493185
2113,0.7678404205941697,0.2,0.16666666666666666,0.15254237288135594,0.15254237288135594,1.0,0.0,0.4709902310142453,1.7184267597029728
2121,0.6523406928743017,0.2,0.16666666666666666,0.39285714285714285,0.39285714285714285,0.7777777777777778,1.0,0.3358901658434093,2.7127405830954063
2164,0.8094047827762508,0.2,0.16666666666666666,0.09803921568627451,0.09803921568627451,0.6666666666666666,0.0,0.34322470642206643,1.47524577953181
2170,0.7173464735278342,0.0,0.0,0.9259259259259259,0.9259259259259259,0.4444444444444444,0.0,0.18851724541537385,1.7256975777837815
2196,0.6983116990745211,0.0,0.0,0.967741935483871,0.967741935483871,0.4444444444444444,0.0,0.21432025993063689,1.764510451030513
220,0.6353364909258646,0.0,0.0,0.6428571428571429,0.6428571428571429,0.6666666666666666,1.0,0.3188524272786466,2.5484669907500397
2216,0.7912312942455214,0.0,0.0,0.1694915254237288,0.1694915254237288,1.0,0.0,0.4604278041486488,1.4075245530550533
2234,0.7692747666199601,0.2,0.16666666666666666,0.1694915254237288,0.1694915254237288,1.0,0.0,0.48010722369913955,1.7400267515373564
2284,0.6569306165674871,0.0,0.0,0.8846153846153846,0.8846153846153846,0.7777777777777778,0.0,0.27265493364821186,1.842417678560799
2289,0.7026968177823679,0.2,0.3333333333333333,0.875,0.875,0.3333333333333333,1.0,0.20369136060815912,3.155030983357588
231,0.7966278290261287,0.0,0.0,0.08928571428571429,0.08928571428571429,0.6666666666666666,0.0,0.3897022958422234,1.1361394462742271
2317,0.8127210481157695,0.0,0.0,0.8805970149253731,0.8805970149253731,0.8888888888888888,0.0,0.49701405579078684,2.092751815367171
2333,0.8759079810763257,0.2,0.16666666666666666,0.1411764705882353,0.1411764705882353,0.8888888888888888,0.0,0.6031082703591174,1.7799998099297545
2343,0.7776768583221582,0.2,0.16666666666666666,0.0784313725490196,0.0784313725490196,0.7777777777777778,0.0,0.3657594785354242,1.4979978536775886
2347,0.8077929828582494,0.0,0.0,0.03571428571428571,0.03571428571428571,0.6666666666666666,0.0,0.36159486125015067,1.0791406515484538
2375,0.6704190816542269,0.0,0.0,0.896551724137931,0.896551724137931,0.8888888888888888,0.0,0.29204359803787655,1.9271069649554848
2382,0.8149443090717285,0.4,0.5,0.10606060606060606,0.10606060606060606,0.8888888888888888,0.0,0.4818012705102624,2.193686575059365
2411,0.8666786829135806,0.0,0.0,0.8804347826086957,0.8804347826086957,1.0,0.0,0.6662840589678678,2.2536234842353493
2429,0.6608465272727323,0.0,0.0,0.7878787878787878,0.7878787878787878,0.7777777777777778,0.0,0.3054190953302663,1.7615278839906958
2435,0.7002467342111028,0.0,0.0,0.125,0.125,0.7777777777777778,0.0,0.31492389454264863,1.1300311606537203
2436,0.6935498190588434,0.0,0.0,0.13157894736842105,0.13157894736842105,0.6666666666666666,0.0,0.2821123293459358,1.0632420857813192
2495,0.7711172730084916,0.0,0.0,0.044444444444444446,0.044444444444444446,0.7777777777777778,0.0,0.3526748395258133,1.1141853602496028
2531,0.7192936799008578,0.0,0.0,0.0,0.0,0.3333333333333333,0.0,0.15774071091344605,0.7332685269626454
2587,0.6558913570819228,0.0,0.0,0.0,0.0,0.8888888888888888,0.0,0.27551640811200107,1.0137749576465909
2596,0.6902154199445812,0.0,0.0,0.8529411764705882,0.8529411764705882,0.7777777777777778,0.0,0.2926611161384432,1.842045305776061
2628,0.8546757650989658,0.4,0.5,0.8636363636363636,0.8636363636363636,0.8888888888888888,0.0,0.4600383649569596,2.970369189632868
2652,0.717656689626086,0.0,0.0,0.06060606060606061,0.06060606060606061,0.7777777777777778,0.0,0.28424238483614306,1.0655515861676668
2659,0.8272613815420053,0.2,0.16666666666666666,0.1875,0.1875,1.0,0.0,0.48430291521440105,1.8003041331651641
2684,0.6003612464002542,0.0,0.0,0.3888888888888889,0.3888888888888889,0.5555555555555556,1.0,0.23344984946833666,2.180299478934179
2692,0.6922080564832894,0.0,0.0,0.9310344827586207,0.9310344827586207,0.5555555555555556,0.0,0.22421000534720492,1.7830419022135828
2727,0.6660819641148188,0.0,0.0,0.37037037037037035,0.37037037037037035,0.8888888888888888,1.0,0.33897383166556466,2.4166617223614137
2730,0.7939795867851552,0.2,0.3333333333333333,0.1111111111111111,0.1111111111111111,0.8888888888888888,0.0,0.47538662527330616,1.8414959164144866
2744,0.5988717605707189,0.0,0.0,0.3333333333333333,0.3333333333333333,0.4444444444444444,1.0,0.20332010656867988,2.0560938305825305
2787,0.8045497449373811,0.2,0.3333333333333333,0.08823529411764706,0.08823529411764706,0.8888888888888888,0.0,0.5159040133930395,1.842226165375474
2806,0.8421047103779074,0.0,0.0,0.078125,0.078125,0.8888888888888888,0.0,0.46913613986886893,1.2996971976565272
2848,0.8203303410325749,0.0,0.0,0.07936507936507936,0.07936507936507936,0.8888888888888888,0.0,0.4689077227393837,1.2856038516280797
2855,0.7600681698645109,0.4,0.5,0.09433962264150944,0.09433962264150944,1.0,0.0,0.4435276966370859,2.183798420201501
2866,0.6543496580156071,0.4,0.3333333333333333,0.0,0.0,0.3333333333333333,0.0,0.12067794195497056,1.3529826040595796
2868,0.810028168890812,0.0,0.0,0.1320754716981132,0.1320754716981132,0.7777777777777778,0.0,0.37554465972725737,1.2382019427014734
2889,0.6284170472799201,0.0,0.0,0.5333333333333333,0.5333333333333333,0.7777777777777778,1.0,0.3567985738974713,2.504833584877155
2908,0.837646536900317,0.0,0.0,0.05970149253731343,0.05970149253731343,0.8888888888888888,0.0,0.4780565353956869,1.2817211269702544
291,0.8271861660359049,0.0,0.0,0.9344262295081968,0.9344262295081968,0.8888888888888888,0.0,0.4552005034878892,2.1399811915729305
2930,0.7015727972592016,0.2,0.16666666666666666,0.11627906976744186,0.11627906976744186,1.0,0.0,0.3910235746425428,1.6037894577059
2946,0.6278171831054485,0.0,0.0,0.35714285714285715,0.35714285714285715,0.7777777777777778,1.0,0.34475276544422906,2.3234048803832517
2980,0.5553359452715567,0.2,0.16666666666666666,0.0,0.0,0.3333333333333333,0.0,0.07242732976103221,0.9243727602611692
2990,0.6098620383511557,0.0,0.0,0.45,0.45,0.6666666666666666,1.0,0.26878729665102735,2.317751678839553
2993,0.131839571616239,0.0,0.0,0.5,0.5,0.0,0.0,0.030475901396631276,0.6044780606900199
3005,0.4843967483926446,0.0,0.0,0.5,0.5,0.1111111111111111,0.0,0.017829340599141548,0.9017650156700634
3007,0.704886190733942,0.2,0.16666666666666666,0.02857142857142857,0.02857142857142857,0.7777777777777778,0.0,0.29973793480433586,1.3707758248958113
3010,0.8604542852461913,0.0,0.0,0.0641025641025641,0.0641025641025641,1.0,0.0,0.5484614386920287,1.3858051392517095
3030,0.8612246561352195,0.0,0.0,0.8285714285714286,0.8285714285714286,0.8888888888888888,0.0,0.4905177265910856,2.072080222946961
3034,0.8001569952745516,0.2,0.16666666666666666,0.02040816326530612,0.02040816326530612,0.7777777777777778,0.0,0.359298594749349,1.4531263867461206
3051,0.674765197703274,0.0,0.0,0.7837837837837838,0.7837837837837838,0.8888888888888888,0.0,0.35863486053289956,1.8440178108336798
3059,0.7214983421134901,0.0,0.0,0.15217391304347827,0.15217391304347827,0.6666666666666666,0.0,0.3321342062070031,1.1234097683390558
3061,0.6044119432924316,0.0,0.0,0.07692307692307693,0.07692307692307693,0.5555555555555556,0.0,0.14572546519016624,0.8360794010816234
3067,0.48358435938679944,0.0,0.0,0.42857142857142855,0.42857142857142855,0.1111111111111111,1.0,0.11436135664228586,1.868380578354658
3073,0.661241094142189,0.0,0.0,0.5454545454545454,0.5454545454545454,0.6666666666666666,1.0,0.2743960322745274,2.451415057597222
3078,0.8239571506834628,0.4,0.5,0.029411764705882353,0.029411764705882353,0.8888888888888888,0.0,0.4834822393574901,2.124019110371747
3087,0.6706314902434548,0.2,0.16666666666666666,0.35714285714285715,0.35714285714285715,0.8888888888888888,1.0,0.3442730406008243,2.7487385609980493
3088,0.717956676415508,0.0,0.0,0.03333333333333333,0.03333333333333333,0.5555555555555556,0.0,0.22508161784937064,0.9037134317417149
3090,0.7182513844439564,0.2,0.16666666666666666,0.14634146341463414,0.14634146341463414,1.0,0.0,0.38579133626141177,1.6434339670299685
3099,0.7039139140754469,0.0,0.0,0.9142857142857143,0.9142857142857143,0.8888888888888888,0.0,0.3131826009883379,1.9767429389783064
3116,0.6577525442670604,0.0,0.0,0.05,0.05,0.4444444444444444,0.0,0.16882465938390867,0.800178866962728
3123,0.6693999799242977,0.2,0.3333333333333333,0.23076923076923078,0.23076923076923078,0.6666666666666666,1.0,0.3090065773567698,2.6962851809922803
3145,0.8073111112995297,0.0,0.0,0.84,0.84,0.7777777777777778,0.0,0.3583017626192668,1.9373273718462662
3161,0.7106968757666853,0.4,0.3333333333333333,0.8857142857142857,0.8857142857142857,0.8888888888888888,0.0,0.3369985790788813,2.642445974826962
3168,0.6555563061911114,0.0,0.0,0.4827586206896552,0.4827586206896552,0.8888888888888888,1.0,0.3555352575843276,2.5283065825016084
319,0.6343007597313138,0.2,0.16666666666666666,0.14285714285714285,0.14285714285714285,0.4444444444444444,0.0,0.12885022563610724,1.2006299871457278
3197,0.0,0.0,0.0,0.0,0.0,0.0,0.0,0.014774317631279836,0.005909727052511935
3232,0.7590461689187101,0.2,0.16666666666666666,0.12727272727272726,0.12727272727272726,1.0,0.0,0.4391376739318132,1.6742601150885494
325,0.7974959527219945,0.2,0.16666666666666666,0.9032258064516129,0.9032258064516129,1.0,0.0,0.4797889999104661,2.4933885733211953
3255,0.7640345159854831,0.0,0.0,0.8958333333333334,0.8958333333333334,0.8888888888888888,0.0,0.3924977312350617,2.0321010314616403
3259,0.843849600715067,0.2,0.3333333333333333,0.14942528735632185,0.14942528735632185,1.0,0.0,0.6554010297070004,2.0422804197396687
326,0.7112834746609901,0.0,0.0,0.02631578947368421,0.02631578947368421,1.0,0.0,0.3621857238617782,1.1690885112810885
3265,0.6973279076058193,0.0,0.0,0.08823529411764706,0.08823529411764706,0.8888888888888888,0.0,0.3194975562465765,1.1486082963847954
3282,0.6732217481669981,0.0,0.0,0.12,0.12,0.5555555555555556,0.0,0.2119802970314299,0.9538251203072484
3286,0.7324761136065945,0.0,0.0,0.07142857142857142,0.07142857142857142,0.7777777777777778,0.0,0.332139926983856,1.1059067106356189
3292,0.8566739812606721,0.0,0.0,0.16049382716049382,0.16049382716049382,0.8888888888888888,0.0,0.5976845998571074,1.4436838984302516
3295,0.689302549860359,0.6,0.5,0.8787878787878788,0.8787878787878788,0.6666666666666666,0.0,0.26760848409512505,2.821676390661514
3300,0.7366336985707139,0.0,0.0,0.3191489361702128,0.3191489361702128,1.0,1.0,0.45997698404407233,2.5187833187873414
3307,0.6874208767064689,0.0,0.0,0.25,0.25,0.6666666666666666,1.0,0.28079245871722325,2.1768449305147506
3314,0.7637567382836806,0.0,0.0,0.04081632653061224,0.04081632653061224,0.7777777777777778,0.0,0.3861125847190154,1.1187799661056839
3326,0.6123866536511932,0.0,0.0,0.0625,0.0625,0.5555555555555556,0.0,0.15918485932593085,0.8326223790639853
333,0.7927649794415509,0.0,0.0,0.10714285714285714,0.10714285714285714,0.6666666666666666,0.0,0.3746209001045908,1.1452600361271124
3337,0.7035685518225264,0.0,0.0,0.3235294117647059,0.3235294117647059,0.8888888888888888,1.0,0.3678341549714852,2.407605504473513
3341,0.8049340824980081,0.2,0.16666666666666666,0.06557377049180328,0.06557377049180328,0.8888888888888888,0.0,0.46305617889715794,1.5986945442437164
3348,0.7664245639073334,0.0,0.0,0.25806451612903225,0.25806451612903225,1.0,0.0,0.4908208363483295,1.4908900454034975
335,0.6484865135862452,0.4,0.6666666666666666,0.2222222222222222,0.2222222222222222,0.5555555555555556,1.0,0.26488724495755794,3.139895457493395
3364,0.8733751057461638,0.0,0.0,0.04878048780487805,0.04878048780487805,1.0,0.0,0.5844824374912463,1.3939360368236913
3374,0.7886347455705588,0.2,0.16666666666666666,0.9333333333333333,0.9333333333333333,0.8888888888888888,0.0,0.44163707628225596,2.4464769301900717
3382,0.5766299063416518,0.0,0.0,0.7333333333333333,0.7333333333333333,0.8888888888888888,1.0,0.2849804709915886,2.695410900613569
3386,0.7301758593234816,0.0,0.0,0.047619047619047616,0.047619047619047616,0.7777777777777778,0.0,0.34028794459932105,1.083746215874102
339,0.7578677197202202,0.0,0.0,0.21666666666666667,0.21666666666666667,0.7777777777777778,1.0,0.5114739620648101,2.340652544185634
3413,0.7552925869511764,0.4,0.5,0.06,0.06,0.6666666666666666,0.0,0.3759652132694888,1.9524242295069523
3423,0.7482148351782102,0.2,0.16666666666666666,0.14583333333333334,0.14583333333333334,0.7777777777777778,0.0,0.38084617934638276,1.5508110785855225
3446,0.7586400872390466,0.2,0.16666666666666666,0.047619047619047616,0.047619047619047616,0.7777777777777778,0.0,0.3187872979254877,1.435070916745464
3449,0.8546109430082537,0.2,0.16666666666666666,0.8554216867469879,0.8554216867469879,1.0,0.0,0.6027174526491401,2.5347363279124213
3463,0.7303572244220099,0.0,0.0,0.05263157894736842,0.05263157894736842,0.7777777777777778,0.0,0.3209698998628364,1.0811584848767988
349,0.7262597845116777,0.0,0.0,0.8378378378378378,0.8378378378378378,0.6666666666666666,0.0,0.29476325143116516,1.7974583209018116
350,0.6307000703743626,0.2,0.3333333333333333,0.35,0.35,0.7777777777777778,1.0,0.29268314384924615,2.837452195690641
3550,0.6014224414625067,0.0,0.0,0.47368421052631576,0.47368421052631576,0.7777777777777778,1.0,0.28961787125270294,2.3994159569400404
3552,0.6632915782428619,0.6,0.5,0.034482758620689655,0.034482758620689655,0.7777777777777778,0.0,0.26561607030753454,2.0139221804025955
3577,0.6726591361813662,0.2,0.3333333333333333,0.16129032258064516,0.16129032258064516,0.5555555555555556,0.0,0.2351535284677009,1.5439909070724598
3585,0.6239011082936446,0.0,0.0,0.8181818181818182,0.8181818181818182,0.8888888888888888,0.0,0.2685984049060925,1.806796400394251
3605,0.6001553200200976,0.2,0.3333333333333333,0.6923076923076923,0.6923076923076923,0.4444444444444444,1.0,0.19381590156874937,2.9521649991714822
3609,0.6481242210066789,0.0,0.0,0.0,0.0,0.5555555555555556,0.0,0.181518586934793,0.8040721672563702
3612,0.7718189926537699,0.0,0.0,0.08333333333333333,0.08333333333333333,0.6666666666666666,0.0,0.3442445632260183,1.0946377868147128
3623,0.7705738341391422,0.0,0.0,0.6323529411764706,0.6323529411764706,1.0,1.0,0.6058263526699553,2.9140851661418523
3634,0.9046288716497988,0.4,0.5,0.1271186440677966,0.1271186440677966,1.0,0.0,0.8359629064720305,2.474744016811468
3635,0.6297279031202401,0.0,0.0,0.05555555555555555,0.05555555555555555,0.6666666666666666,0.0,0.1967600159898741,0.9084024274690066
3644,0.6605288443260567,0.4,0.3333333333333333,0.2,0.2,0.8888888888888888,0.0,0.3027760821014722,1.907925068313273
3654,0.7146064136672319,0.2,0.16666666666666666,0.17647058823529413,0.17647058823529413,0.8888888888888888,0.0,0.32150432706532056,1.5897412530729291
3668,0.5949016947010812,0.0,0.0,0.0,0.0,0.3333333333333333,0.0,0.10306163081927956,0.6243225052851353
3683,0.6753412937778178,0.0,0.0,0.3333333333333333,0.3333333333333333,0.7777777777777778,0.0,0.28699985183227483,1.3097610685996046
3710,0.6341939537126511,0.2,0.16666666666666666,0.18181818181818182,0.18181818181818182,0.4444444444444444,0.0,0.16616273617209337,1.254441266108097
3721,0.788583927239528,0.4,0.3333333333333333,0.05263157894736842,0.05263157894736842,0.8888888888888888,0.0,0.4530275177923856,1.9102957795764364
3737,0.6926781670719643,0.0,0.0,0.20689655172413793,0.20689655172413793,0.5555555555555556,1.0,0.2886116775429739,2.08499371746948
3761,0.6825441768018422,0.0,0.0,0.0,0.0,0.4444444444444444,0.0,0.1662745393828759,0.7665129617366621
3782,0.7950179983868325,0.2,0.16666666666666666,0.8507462686567164,0.8507462686567164,1.0,0.0,0.5159617376968492,2.453643562606239
3787,0.680673881702693,0.0,0.0,0.0,0.0,0.4444444444444444,0.0,0.17272151431158497,0.7677825451387412
3818,0.7233320688011278,0.4,0.6666666666666666,0.275,0.275,1.0,1.0,0.42596071028349153,3.531716732274186
3820,0.7757794582897197,0.0,0.0,0.11538461538461539,0.11538461538461539,0.8888888888888888,0.0,0.40704655674966994,1.2656933033317317
3825,0.7896755640684313,0.6,0.5,0.08695652173913043,0.08695652173913043,1.0,0.0,0.5227215724894719,2.368818045582821
3830,0.8032627666013614,0.0,0.0,0.8939393939393939,0.8939393939393939,1.0,0.0,0.5258378601705942,2.1665584746285846
3838,0.7349372743705761,0.4,0.6666666666666666,0.6607142857142857,0.6607142857142857,1.0,1.0,0.5328357782554228,3.968304689075858
3854,0.9001961893910033,0.0,0.0,0.03409090909090909,0.03409090909090909,0.8888888888888888,0.0,0.6078652995121133,1.3518188059139011
3872,0.671058331402802,0.2,0.3333333333333333,0.6470588235294118,0.6470588235294118,0.8888888888888888,1.0,0.3890128206154563,3.256849228202
3880,0.61738246756639,0.0,0.0,0.29411764705882354,0.29411764705882354,0.4444444444444444,0.0,0.1573553570964678,1.011449739416106
3881,0.7784472018600932,0.0,0.0,0.95,0.95,0.6666666666666666,0.0,0.2895891045877034,1.94408201647048
3886,0.6756788609691969,0.0,0.0,0.7391304347826086,0.7391304347826086,0.4444444444444444,1.0,0.23449496037151468,2.5281258438318748
3897,0.7480247450809743,0.0,0.0,0.23076923076923078,0.23076923076923078,0.6666666666666666,0.0,0.2983022271795073,1.207040776531049
3924,0.8554068598182629,0.0,0.0,0.05194805194805195,0.05194805194805195,0.8888888888888888,0.0,0.5544249863070294,1.3169472927880923
3939,0.790305514445343,0.0,0.0,0.15492957746478872,0.15492957746478872,1.0,0.0,0.5537928344027617,1.4296605713376338
3949,0.7781027148421528,0.2,0.16666666666666666,0.0,0.0,0.4444444444444444,0.0,0.2344115382189232,1.2006587378992983
3979,0.6292130461432087,0.0,0.0,0.15,0.15,0.5555555555555556,0.0,0.17945028693320147,0.9400070248513045
3994,0.7050933205621962,0.2,0.3333333333333333,0.40425531914893614,0.40425531914893614,0.8888888888888888,1.0,0.44996245787209715,3.0622500711357565
4001,0.5658372743979272,0.0,0.0,0.15384615384615385,0.15384615384615385,0.5555555555555556,1.0,0.2132580112734208,1.9130132282118488
4012,0.6723144577057739,0.2,0.3333333333333333,0.5757575757575758,0.5757575757575758,0.8888888888888888,1.0,0.3701660896864045,3.1788885764706234
4018,0.7892393688352346,0.2,0.16666666666666666,0.10714285714285714,0.10714285714285714,0.8888888888888888,0.0,0.4188708000154612,1.61160317977815
4035,0.6309418813887026,0.0,0.0,0.047619047619047616,0.047619047619047616,0.7777777777777778,0.0,0.22359522845192487,0.9676053448607982
4036,0.7441335597639163,0.0,0.0,0.20408163265306123,0.20408163265306123,0.6666666666666666,0.0,0.370174783962485,1.2063783714061298
4047,0.6748648377355374,0.2,0.16666666666666666,0.06666666666666667,0.06666666666666667,0.6666666666666666,0.0,0.25119337168125283,1.3128827350873773
4050,0.7324697408018958,0.2,0.16666666666666666,0.10526315789473684,0.10526315789473684,1.0,0.0,0.35093240511341733,1.5983649385014307
4053,0.657087037469083,0.0,0.0,0.08333333333333333,0.08333333333333333,0.6666666666666666,0.0,0.21805730051567068,0.963850513101293
4058,0.6790330075726971,0.6,0.8333333333333333,0.25,0.25,0.6666666666666666,1.0,0.2835257390794709,3.5920667342660098
4081,0.8050521571670394,0.2,0.16666666666666666,0.0,0.0,0.7777777777777778,0.0,0.35316484999251363,1.4336913389028219
4099,0.7201319909052145,0.0,0.0,0.16129032258064516,0.16129032258064516,0.5555555555555556,0.0,0.2400086896960875,1.039163969870508
4171,0.7385958659916781,0.4,0.6666666666666666,0.31746031746031744,0.31746031746031744,1.0,1.0,0.588357777878435,3.649820534805866
4202,0.5917126939978846,0.0,0.0,0.8125,0.8125,0.6666666666666666,0.0,0.19379081635934894,1.637548545675592
4209,0.8940760540906159,0.2,0.16666666666666666,0.07865168539325842,0.07865168539325842,1.0,0.0,0.6349303590276586,1.7984770668677528
4225,0.6117763413591469,0.0,0.0,1.0,1.0,0.2222222222222222,0.0,0.08861966568503782,1.5748024163365293
4241,0.6092174277883277,0.0,0.0,0.45454545454545453,0.45454545454545453,0.7777777777777778,1.0,0.30445086859808207,2.3916668903254057
4249,0.787350939961342,0.4,0.3333333333333333,0.045454545454545456,0.045454545454545456,0.6666666666666666,0.0,0.3082226071419647,1.7332225796176037
4257,0.6815032488995971,0.0,0.0,0.5952380952380952,0.5952380952380952,0.8888888888888888,1.0,0.4299168878322189,2.6887015690451452
4267,0.6952323489036725,0.0,0.0,0.9354838709677419,0.9354838709677419,0.7777777777777778,0.0,0.28297059945690944,1.924223643871965
4279,0.8009602968797053,0.0,0.0,0.8867924528301887,0.8867924528301887,0.8888888888888888,0.0,0.40737886482644875,2.0548606510210066
4321,0.6975142232522036,0.2,0.3333333333333333,0.6176470588235294,0.6176470588235294,0.6666666666666666,1.0,0.3348185083902693,3.1131677517895127
4322,0.6071535690031156,0.0,0.0,0.17647058823529413,0.17647058823529413,0.3333333333333333,0.0,0.12269786355414695,0.8172238986258005
434,0.9239734245838737,0.0,0.0,0.10679611650485436,0.10679611650485436,1.0,0.0,0.7216465130705654,1.542236118941792
4342,0.8094866719490744,0.0,0.0,0.017857142857142856,0.017857142857142856,0.7777777777777778,0.0,0.41033108326122403,1.1375191354148735
4352,0.6538707403749452,0.0,0.0,0.07407407407407407,0.07407407407407407,0.8888888888888888,0.0,0.28824507259303045,1.0915260658181922
4359,0.7961006093550038,0.0,0.0,0.90625,0.90625,1.0,0.0,0.4969299178077656,2.162292393671609
4363,0.7056968224320538,0.4,0.3333333333333333,0.9444444444444444,0.9444444444444444,0.8888888888888888,0.0,0.32923547907471823,2.6945708562212136
4366,0.5743764634544266,0.2,0.3333333333333333,0.5454545454545454,0.5454545454545454,0.6666666666666666,1.0,0.21936946950631542,2.9085991910085034
4391,0.5763447438447049,0.0,0.0,0.5454545454545454,0.5454545454545454,0.3333333333333333,1.0,0.15808136578967744,2.1787950791283768
4398,0.5862208680088212,0.2,0.3333333333333333,0.29411764705882354,0.29411764705882354,0.6666666666666666,1.0,0.25653500937600704,2.680419591748734
4409,0.6541692502053383,0.2,0.3333333333333333,0.375,0.375,0.7777777777777778,1.0,0.2996641959536679,2.881673042414093
4421,0.6994909141036185,0.0,0.0,0.9069767441860465,0.9069767441860465,0.8888888888888888,0.0,0.39570665569329677,1.9993474907803426
4436,0.8677268315044113,1.0,1.0,0.09278350515463918,0.09278350515463918,1.0,0.0,0.7089995645464015,3.3837921130262876
4440,0.7197639545960913,0.2,0.16666666666666666,0.813953488372093,0.813953488372093,0.8888888888888888,0.0,0.3697861507312715,2.25014716132631
4441,0.6972358985285385,0.0,0.0,0.12121212121212122,0.12121212121212122,0.8888888888888888,0.0,0.3196029454272928,1.1815628727974596
4446,0.8222261547016119,0.2,0.16666666666666666,0.9594594594594594,0.9594594594594594,0.8888888888888888,0.0,0.543252480105087,2.536763204237067
4448,0.7278438504212479,0.0,0.0,0.1,0.1,0.5555555555555556,0.0,0.21703234716790568,0.9740814119398135
4449,0.7160840564734431,0.0,0.0,0.782608695652174,0.782608695652174,0.8888888888888888,0.0,0.39779722100362624,1.887430868029479
4462,0.8020362341811534,0.0,0.0,0.8461538461538461,0.8461538461538461,0.8888888888888888,0.0,0.38839204218821183,2.0073804714003827
4472,0.7732923686894533,0.2,0.16666666666666666,0.0425531914893617,0.0425531914893617,1.0,0.0,0.3824741916943132,1.5768475262497041
4473,0.7234856725401316,0.0,0.0,0.16216216216216217,0.16216216216216217,0.7777777777777778,0.0,0.2963104827436752,1.1760152149266132
4480,0.8272352338969755,0.2,0.16666666666666666,0.09375,0.09375,0.8888888888888888,0.0,0.47684350996058883,1.6479965121565627
4493,0.8320403286397946,0.0,0.0,0.10606060606060606,0.10606060606060606,0.8888888888888888,0.0,0.4658946451533845,1.3192911386142605
450,0.6746965738106172,0.0,0.0,0.08333333333333333,0.08333333333333333,0.7777777777777778,0.0,0.25224584493054636,1.045408161861873
4519,0.7993349308195126,0.0,0.0,0.06779661016949153,0.06779661016949153,0.8888888888888888,0.0,0.44072372908885826,1.248064997823138
4530,0.7293567487865004,0.6,0.6666666666666666,0.027777777777777776,0.027777777777777776,0.7777777777777778,0.0,0.3012263321592285,2.267706923680908
4535,0.5180710518491938,0.0,0.0,0.0,0.0,0.0,0.0,0.04422080655186443,0.3803380589151814
4566,0.7890334971572641,0.0,0.0,0.9285714285714286,0.9285714285714286,0.4444444444444444,0.0,0.25017381548131706,1.8031866249962625
4572,0.7038428285844086,0.4,0.5,0.25806451612903225,0.25806451612903225,1.0,1.0,0.38571557133706974,3.285040724672946
4595,0.6568801538006669,0.0,0.0,0.08695652173913043,0.08695652173913043,0.7777777777777778,0.0,0.24994995584990176,1.0356415006284467
4604,0.7520618758309604,0.0,0.0,0.8723404255319149,0.8723404255319149,0.6666666666666666,0.0,0.3415481143165647,1.8687363176735463
4621,0.7225931516691961,0.6,0.6666666666666666,0.17777777777777778,0.17777777777777778,0.7777777777777778,0.0,0.36092645322815925,2.436852454126368
4629,0.7238616406662617,0.0,0.0,0.1590909090909091,0.1590909090909091,0.8888888888888888,0.0,0.38182780403674765,1.2629696236164358
4633,0.7488279099306623,0.0,0.0,0.10416666666666667,0.10416666666666667,1.0,0.0,0.4099558114084817,1.2923285281815229
4637,0.7150548895412429,0.0,0.0,0.8,0.8,0.7777777777777778,0.0,0.3370770558193038,1.8242581338954804
4671,0.7578780584334224,0.0,0.0,0.03773584905660377,0.03773584905660377,1.0,0.0,0.44813189108602103,1.2475032463944078
4676,0.7537574521472112,0.0,0.0,0.8653846153846154,0.8653846153846154,1.0,0.0,0.42704442376541746,2.0638326013938304
4689,0.6584258461265792,0.0,0.0,0.2222222222222222,0.2222222222222222,0.6666666666666666,0.0,0.23694010062805757,1.1112296880953838
4708,0.7892393141330483,0.0,0.0,0.08333333333333333,0.08333333333333333,0.8888888888888888,0.0,0.46344980901088645,1.265625221275266
4713,0.6752945781107561,0.2,0.3333333333333333,0.5789473684210527,0.5789473684210527,0.8888888888888888,1.0,0.42411295691080436,3.2057432003073485
4717,0.8315746489282064,0.0,0.0,0.847457627118644,0.847457627118644,0.8888888888888888,0.0,0.43530256159411707,2.04812535045048
4727,0.8472329856371205,0.4,0.3333333333333333,0.058823529411764705,0.058823529411764705,0.8888888888888888,0.0,0.49367280757351883,1.973800186831601
4739,0.70369206935909,0.0,0.0,0.12903225806451613,0.12903225806451613,0.7777777777777778,0.0,0.26816135956589,1.117770139331124
4762,0.6058993299255695,0.4,0.6666666666666666,0.5294117647058824,0.5294117647058824,0.6666666666666666,1.0,0.259465453547868,3.4706608104062613
4775,0.7240862478430244,0.0,0.0,0.8604651162790697,0.8604651162790697,0.8888888888888888,0.0,0.3574444259224046,1.954747704582593
4780,0.590277636843673,0.0,0.0,0.0,0.0,0.4444444444444444,0.0,0.11952022706012305,0.6832246588368425
4801,0.6702353370105967,0.2,0.16666666666666666,0.9629629629629629,0.9629629629629629,0.5555555555555556,0.0,0.21494250630668935,2.1358824791708337
4812,0.865258231243099,0.0,0.0,0.8160919540229885,0.8160919540229885,1.0,0.0,0.643620514770237,2.1792209218012526
4823,0.679439390114385,0.2,0.16666666666666666,0.0625,0.0625,0.7777777777777778,0.0,0.289310936097493,1.3827208364079557
4849,0.719383418837409,0.0,0.0,0.0625,0.0625,0.5555555555555556,0.0,0.2266007957352261,0.9344864892580546
4854,0.8036858880120432,0.0,0.0,0.6527777777777778,0.6527777777777778,1.0,1.0,0.6091636455150371,2.959023357592223
4883,0.6139095625165303,0.0,0.0,0.9230769230769231,0.9230769230769231,0.0,0.0,0.043434935039260665,1.3701875908541985
4914,0.727238105761754,0.0,0.0,0.046511627906976744,0.046511627906976744,0.7777777777777778,0.0,0.34227420010300175,1.081376870870294
4945,0.8307049388689393,0.4,0.3333333333333333,0.1232876712328767,0.1232876712328767,1.0,0.0,0.5332356264717406,2.0980753790298303
496,0.6932690053857038,0.2,0.3333333333333333,0.6060606060606061,0.6060606060606061,0.8888888888888888,1.0,0.3657159549984623,3.222079736274428
4960,0.7596499442994988,0.2,0.16666666666666666,0.9555555555555556,0.9555555555555556,0.5555555555555556,0.0,0.3046549850138584,2.2269502883485255
4980,0.8813606950022168,0.2,0.16666666666666666,0.86,0.86,1.0,0.0,0.7086251207339956,2.60040253479515
4985,0.877171929791932,0.0,0.0,0.16037735849056603,0.16037735849056603,1.0,0.0,0.7540856704173858,1.5760319775118727
4992,0.7633568105999708,0.2,0.16666666666666666,0.92,0.92,0.8888888888888888,0.0,0.4017697887363829,2.399502127358977
4996,0.8020887482799581,0.0,0.0,0.034482758620689655,0.034482758620689655,0.8888888888888888,0.0,0.44073077288877827,1.216681636016616
5,0.7803920560391077,0.0,0.0,0.7014925373134329,0.7014925373134329,1.0,1.0,0.569883064914459,2.975720202506592
5000,0.8017550649438031,0.0,0.0,0.015625,0.015625,0.8888888888888888,0.0,0.4797235199293364,1.213187397876841
5017,0.6628737629442467,0.0,0.0,0.08695652173913043,0.08695652173913043,0.5555555555555556,0.0,0.20066517679492515,0.909012004295851
5020,0.7590609111579057,0.0,0.0,0.75,0.75,1.0,1.0,0.48747900183396764,2.9763342385441214
5035,0.5458369379794817,0.2,0.16666666666666666,0.0,0.0,0.0,0.0,0.04422080655186443,0.739774179206383
5037,0.7727352269224468,0.0,0.0,0.9423076923076923,0.9423076923076923,0.7777777777777778,0.0,0.3959182117194661,2.0304785247300803
505,0.6861659538515946,0.2,0.16666666666666666,0.0,0.0,0.6666666666666666,0.0,0.2410098912992344,1.250053457549143
5053,0.7254323045401994,0.0,0.0,0.9512195121951219,0.9512195121951219,0.7777777777777778,0.0,0.33084780559090665,1.980250136498513
507,0.8472578204296802,0.2,0.16666666666666666,0.8805970149253731,0.8805970149253731,0.8888888888888888,0.0,0.47718928187705223,2.448997646421414
5078,0.7919449936695895,0.2,0.3333333333333333,0.08928571428571429,0.08928571428571429,1.0,0.0,0.4439189192405404,1.861214777550643
5082,0.8464266754117229,0.4,0.3333333333333333,0.16666666666666666,0.16666666666666666,0.7777777777777778,0.0,0.49666959140441785,2.026722064905529
5107,0.8539434122293849,0.2,0.3333333333333333,0.047058823529411764,0.047058823529411764,0.8888888888888888,0.0,0.6220136524209778,1.8780691175028168
5119,0.6496456529129871,0.0,0.0,0.3939393939393939,0.3939393939393939,0.7777777777777778,1.0,0.3819418920955574,2.390356996705597
5135,0.7864021852429365,0.2,0.3333333333333333,0.3333333333333333,0.3333333333333333,1.0,1.0,0.6063619980777685,3.1663596622344965
5140,0.5626080675878332,0.2,0.3333333333333333,0.16666666666666666,0.16666666666666666,0.5555555555555556,1.0,0.17435767550507048,2.448013161957956
5165,0.7748868280144119,0.0,0.0,0.10526315789473684,0.10526315789473684,0.8888888888888888,0.0,0.44490393711707094,1.270089956796098
5168,0.669928129532589,0.0,0.0,0.07142857142857142,0.07142857142857142,0.6666666666666666,0.0,0.24960655776679766,0.9735542185414361
5234,0.9354939785200925,0.2,0.16666666666666666,0.12698412698412698,0.12698412698412698,1.0,0.0,0.8729045169748965,1.9709917187381503
5293,0.6555674654371074,0.0,0.0,0.8076923076923077,0.8076923076923077,0.7777777777777778,0.0,0.24809814674191982,1.7547176810839396
5297,0.7226183967281529,0.4,0.3333333333333333,0.813953488372093,0.813953488372093,1.0,0.0,0.37393171317433355,2.6493590513515333
5306,0.8412796920048106,0.0,0.0,0.8823529411764706,0.8823529411764706,0.8888888888888888,0.0,0.4843589501406826,2.1094367500805555
5308,0.5935739632363017,0.0,0.0,0.18181818181818182,0.18181818181818182,0.4444444444444444,0.0,0.11687445067314356,0.8662919585750727
5317,0.6670802790139713,0.0,0.0,0.8846153846153846,0.8846153846153846,0.6666666666666666,0.0,0.23468938997566396,1.7787806692487633
5338,0.8347962794855041,0.2,0.3333333333333333,0.9054054054054054,0.9054054054054054,1.0,0.0,0.5605014911522065,2.7539633975061406
5345,0.7043257668357602,0.0,0.0,0.6,0.6,0.7777777777777778,1.0,0.38714827216618264,2.6367762345403936
5351,0.9295580254808253,0.0,0.0,0.09615384615384616,0.09615384615384616,1.0,0.0,0.7224016429821295,1.5358051211832755
5370,0.8130505740857692,0.4,0.3333333333333333,0.9436619718309859,0.9436619718309859,1.0,0.0,0.5467918007522028,2.9115140939919053
5377,0.7732700501974612,0.0,0.0,0.9473684210526315,0.9473684210526315,0.3333333333333333,0.0,0.21586857879667126,1.7416715543761896
5389,0.6693480949006348,0.2,0.16666666666666666,0.07407407407407407,0.07407407407407407,0.6666666666666666,0.0,0.23126777474279728,1.3084581837349705
5390,0.6525726027929295,0.2,0.3333333333333333,0.3076923076923077,0.3076923076923077,0.5555555555555556,1.0,0.2828062390213332,2.6953934030336697
54,0.7718029922642903,0.2,0.16666666666666666,0.08771929824561403,0.08771929824561403,0.8888888888888888,0.0,0.43913976305269664,1.5880817424961402
5414,0.8117691753727475,0.0,0.0,0.06944444444444445,0.06944444444444445,1.0,0.0,0.5430598461912589,1.3549068056818712
5463,0.7233593925431621,0.0,0.0,0.5588235294117647,0.5588235294117647,0.7777777777777778,1.0,0.3364541933957421,2.588645670439164
5473,0.7556876734914026,0.2,0.16666666666666666,0.22033898305084745,0.22033898305084745,1.0,0.0,0.4828318513492342,1.782453095034523
5474,0.6162109928966476,0.0,0.0,0.6,0.6,1.0,1.0,0.33806348282461113,2.666573088157498
5482,0.8648473631221382,0.0,0.0,0.0273972602739726,0.0273972602739726,0.8888888888888888,0.0,0.5238857174646357,1.286789145889768
5513,0.8418516033621057,0.2,0.16666666666666666,0.9206349206349206,0.9206349206349206,0.8888888888888888,0.0,0.4574198404133786,2.47734342359819
5519,0.6228792167522164,0.0,0.0,0.4,0.4,0.6666666666666666,1.0,0.2621409713565279,2.274205173602496
5528,0.8379195008097291,0.0,0.0,0.07042253521126761,0.07042253521126761,1.0,0.0,0.5065847220388561,1.3596000745936205
5558,0.6156645180559609,0.2,0.16666666666666666,0.42857142857142855,0.42857142857142855,0.8888888888888888,1.0,0.30974916007248776,2.7678806996840404
5585,0.7240081331210524,0.2,0.16666666666666666,0.10714285714285714,0.10714285714285714,0.4444444444444444,0.0,0.1904804091401608,1.2523629362058804
56,0.6789648759997167,0.2,0.16666666666666666,0.7352941176470589,0.7352941176470589,1.0,1.0,0.4142931607290729,3.21628679513849
5614,0.6076538751986031,0.0,0.0,0.45,0.45,0.6666666666666666,1.0,0.2749204341991198,2.3186592196520035
5615,0.9006081515556892,0.2,0.16666666666666666,0.8691588785046729,0.8691588785046729,1.0,0.0,0.7550513009020551,2.6416051049544773
5625,0.5902562209377541,0.4,0.3333333333333333,0.4166666666666667,0.4166666666666667,0.4444444444444444,1.0,0.18016943942677752,2.8041360193160276
5635,0.8125260348217707,0.0,0.0,0.09259259259259259,0.09259259259259259,0.8888888888888888,0.0,0.39959246167657525,1.2656422460829067
5679,0.8185630227990507,0.4,0.3333333333333333,0.041666666666666664,0.041666666666666664,0.8888888888888888,0.0,0.5368158299382748,1.9538315590457564
5686,0.6438660660731297,0.2,0.16666666666666666,1.0,1.0,0.3333333333333333,0.0,0.10485170106498674,1.9993135933438522
569,0.7853838493436148,0.0,0.0,0.9016393442622951,0.9016393442622951,1.0,0.0,0.4748538962363072,2.1413495972973484
5698,0.5226319423570243,0.0,0.0,0.0,0.0,0.0,1.0,0.10044311204881358,1.4060196044694424
57,0.5762186416298407,0.2,0.3333333333333333,0.7777777777777778,0.7777777777777778,0.3333333333333333,1.0,0.14894325640315767,2.9473747961465957
5703,0.6454287434278743,0.0,0.0,0.23076923076923078,0.23076923076923078,0.4444444444444444,1.0,0.24063892317610663,2.0010471426614074
5716,0.5480809720906711,0.0,0.0,0.2857142857142857,0.2857142857142857,0.3333333333333333,1.0,0.13651626527158997,1.890644138953058
5721,0.7206126590158366,0.0,0.0,0.0975609756097561,0.0975609756097561,0.6666666666666666,0.0,0.3036661631110463,1.0567896354985935
573,0.7639892772774504,0.0,0.0,0.06666666666666667,0.06666666666666667,0.5555555555555556,0.0,0.28948196195641207,0.9950297233212245
5730,0.8054321459038593,0.6,0.6666666666666666,0.09333333333333334,0.09333333333333334,1.0,0.0,0.5686750592513679,2.6046058591665817
575,0.6921790916756675,0.0,0.0,0.90625,0.90625,0.6666666666666666,0.0,0.26166752613278865,1.828775707959416
5757,0.6076697388326171,0.0,0.0,0.4117647058823529,0.4117647058823529,0.7777777777777778,0.0,0.21864346001485474,1.3134797959600155
578,0.8349187029783426,0.0,0.0,0.88,0.88,0.7777777777777778,0.0,0.5302416686440182,2.065428648431336
5785,0.8039494978476057,0.2,0.16666666666666666,0.19753086419753085,0.19753086419753085,1.0,0.0,0.6310285469183889,1.8527069314582103
5789,0.7158464848785379,0.0,0.0,0.6829268292682927,0.6829268292682927,0.8888888888888888,1.0,0.42080061301375665,2.796784058333216
5808,0.7699764042119589,0.0,0.0,0.9285714285714286,0.9285714285714286,0.7777777777777778,0.0,0.32836510066562075,1.987789840674937
5820,0.6709387797747419,0.2,0.16666666666666666,0.14285714285714285,0.14285714285714285,0.8888888888888888,0.0,0.2832469363291979,1.5102575076755858
5828,0.758845931565924,0.0,0.0,0.8888888888888888,0.8888888888888888,0.4444444444444444,0.0,0.2245755190220759,1.7321334708160883
583,0.6283501191550372,0.2,0.3333333333333333,0.48,0.48,0.8888888888888888,1.0,0.3455552068320462,3.0425116105857892
5834,0.823992816508901,0.4,0.3333333333333333,0.863013698630137,0.863013698630137,0.8888888888888888,0.0,0.5390055789852328,2.7798553462249056
586,0.8313285984944317,0.0,0.0,0.835820895522388,0.835820895522388,1.0,0.0,0.5080468087309361,2.1209696379608647
5879,0.8646759264704152,0.0,0.0,0.875,0.875,0.8888888888888888,0.0,0.5063687321095239,2.1272650858175446
5906,0.33751678331452034,0.0,0.0,0.0,0.0,0.0,1.0,0.04920997355039814,1.2559457377403236
5913,0.8058106850327433,0.0,0.0,0.09230769230769231,0.09230769230769231,0.8888888888888888,0.0,0.49665618879675416,1.2994820917937586
5927,0.7161066211252732,0.2,0.3333333333333333,0.11627906976744186,0.11627906976744186,0.7777777777777778,0.0,0.3467970903736989,1.6851614295935013
593,0.8604646239593935,0.4,0.5,0.8241758241758241,0.8241758241758241,0.8888888888888888,0.0,0.6365234080445966,3.0055548686096833
5951,0.7945358533171816,0.0,0.0,0.8478260869565217,0.8478260869565217,0.6666666666666666,0.0,0.3116913129717271,1.862011042800573
5958,0.5542463734501845,0.0,0.0,0.0,0.0,0.0,0.0,0.04422080655186443,0.40566078403587486
599,0.6082701773800443,0.0,0.0,0.45,0.45,0.5555555555555556,1.0,0.24869347885266133,2.2530442934848733
6019,0.7845812041646962,0.0,0.0,0.864406779661017,0.864406779661017,1.0,0.0,0.5117898484642499,2.118329561962004
6048,0.7984831630773371,0.4,0.3333333333333333,0.10714285714285714,0.10714285714285714,0.7777777777777778,0.0,0.4059231942490498,1.8973392378855019
605,0.8095215172417188,0.0,0.0,0.15942028985507245,0.15942028985507245,1.0,0.0,0.5476976015863378,1.4451643925588107
6077,0.7573469549070733,0.0,0.0,0.04878048780487805,0.04878048780487805,0.7777777777777778,0.0,0.3090776831584011,1.0914433183920789
6090,0.28414777139190533,0.0,0.0,1.0,1.0,0.0,1.0,0.05284099231187924,2.2200398368990855
6096,0.843530522862642,0.0,0.0,0.10144927536231885,0.10144927536231885,0.8888888888888888,0.0,0.49879652822053167,1.3358836970988253
6097,0.8036302011864357,0.2,0.16666666666666666,0.05970149253731343,0.05970149253731343,1.0,0.0,0.5346238740497877,1.6760921829877335
6105,0.7664584792628114,0.2,0.16666666666666666,0.12244897959183673,0.12244897959183673,1.0,0.0,0.41432925645927193,1.6647016176595135
6109,0.9268483526846876,0.4,0.3333333333333333,0.14678899082568808,0.14678899082568808,0.8888888888888888,0.0,0.7433115135621028,2.217351887574255
6119,0.6496056382637416,0.2,0.3333333333333333,0.3333333333333333,0.3333333333333333,0.5555555555555556,1.0,0.228885596121339,2.6973892963442654
6136,0.6579896782444755,0.0,0.0,0.5806451612903226,0.5806451612903226,0.7777777777777778,1.0,0.35036287312210124,2.5702719741991844
6152,0.7992302034839276,0.4,0.3333333333333333,0.0625,0.0625,0.7777777777777778,0.0,0.35017023508576556,1.8309181253619442
616,0.8281008959944598,0.0,0.0,0.05405405405405406,0.05405405405405406,0.8888888888888888,0.0,0.5364653687795156,1.2927552732064267
63,0.7480535457820375,0.4,0.3333333333333333,0.08888888888888889,0.08888888888888889,0.7777777777777778,0.0,0.3469328910123581,1.820188416230147
638,0.7958506203638188,0.2,0.16666666666666666,0.03571428571428571,0.03571428571428571,0.8888888888888888,0.0,0.42186693252310803,1.5460009374226464
639,0.8197253895547817,0.0,0.0,0.13846153846153847,0.13846153846153847,0.7777777777777778,0.0,0.4670269165655426,1.2879689666649916
642,0.5461869909448736,0.0,0.0,0.0,0.0,0.0,1.0,0.10044311204881358,1.422508138480937
650,0.7379190358411459,0.2,0.16666666666666666,0.15384615384615385,0.15384615384615385,1.0,0.0,0.42700585815175873,1.6811918221956594
655,0.7166989090469484,0.4,0.6666666666666666,0.1702127659574468,0.1702127659574468,0.8888888888888888,0.0,0.3903737658552012,2.3524959530768355
656,0.6822347812363843,0.4,0.5,0.9642857142857143,0.9642857142857143,0.4444444444444444,0.0,0.19556377725123678,2.6222977942739
677,0.9029055886762098,0.4,0.3333333333333333,0.0891089108910891,0.0891089108910891,1.0,0.0,0.7120939897021007,2.185980418845276
695,0.7973131927177167,0.4,0.3333333333333333,0.08955223880597014,0.08955223880597014,1.0,0.0,0.514064643816307,2.0332973312348943
716,0.7075773468400325,0.2,0.16666666666666666,0.06451612903225806,0.06451612903225806,0.5555555555555556,0.0,0.22597226239150575,1.267986954554661
717,0.6579916201720876,0.0,0.0,0.9642857142857143,0.9642857142857143,0.6666666666666666,0.0,0.24582925825769106,1.8565448850425852
72,0.7525996803751257,0.2,0.3333333333333333,0.14035087719298245,0.14035087719298245,1.0,0.0,0.4448865016911044,1.8851252541320123
724,0.7966930613832378,0.0,0.0,0.9130434782608695,0.9130434782608695,0.7777777777777778,0.0,0.33273916133896786,1.992713174653612
73,0.647793163375464,0.2,0.3333333333333333,0.12,0.12,0.5555555555555556,0.0,0.20133189766202594,1.471765751205413
734,0.6506561390485813,0.0,0.0,1.0,1.0,0.7777777777777778,0.0,0.2202876284596308,1.932463237606748
737,0.877596582863829,0.2,0.16666666666666666,0.058823529411764705,0.058823529411764705,0.8888888888888888,0.0,0.5766787482224297,1.6882570811498612
74,0.6482638483370946,0.0,0.0,0.84,0.84,0.8888888888888888,0.0,0.2836488526826093,1.8516886793534542
746,0.7449242525151382,0.2,0.3333333333333333,0.9090909090909091,0.9090909090909091,0.8888888888888888,0.0,0.37252344150222305,2.563991706896839
754,0.7145275604657454,0.0,0.0,0.18,0.18,1.0,0.0,0.44660100095701916,1.3588096927088293
764,0.6273476742408225,0.0,0.0,0.0,0.0,0.8888888888888888,0.0,0.22854462428936373,0.9750056661287657
773,0.6454539611357377,0.0,0.0,0.34615384615384615,0.34615384615384615,1.0,1.0,0.3663671945434957,2.4445184967662605
775,0.7721557666634483,0.2,0.16666666666666666,0.8928571428571429,0.8928571428571429,0.7777777777777778,0.0,0.4035638748057829,2.3236806183327587
813,0.8506623750978144,0.0,0.0,0.7956989247311828,0.7956989247311828,1.0,0.0,0.67787419787271,2.162312266448737
817,0.7683701565658624,0.2,0.16666666666666666,0.8032786885245902,0.8032786885245902,1.0,0.0,0.490400252641567,2.3772978991773206
82,0.5588401946741405,0.0,0.0,0.45454545454545453,0.45454545454545453,0.4444444444444444,1.0,0.1843985546876245,2.141715234914625
820,0.7255312881462277,0.4,0.3333333333333333,0.06666666666666667,0.06666666666666667,1.0,0.0,0.39628834388722,1.913053905923914
822,0.7873474937236079,0.0,0.0,0.859375,0.859375,1.0,0.0,0.5061350377100822,2.1129722606905585
831,0.6644291649082193,0.0,0.0,0.8333333333333334,0.8333333333333334,0.4444444444444444,1.0,0.2050513382795253,2.602676506303119
854,0.7804231268809004,0.2,0.16666666666666666,0.045454545454545456,0.045454545454545456,0.7777777777777778,0.0,0.3269140816691838,1.4514052558277382
872,0.648256217382112,0.2,0.16666666666666666,0.07142857142857142,0.07142857142857142,0.1111111111111111,0.0,0.06710932426697849,0.9476072088583967
883,0.7291884575104871,0.2,0.16666666666666666,0.9047619047619048,0.9047619047619048,0.5555555555555556,0.0,0.29375658312703457,2.1504742360478373
916,0.7429085043027372,0.0,0.0,0.2978723404255319,0.2978723404255319,0.8888888888888888,1.0,0.4401007459109469,2.4383930362462714
927,0.6662512947323709,0.0,0.0,0.25,0.25,0.7777777777777778,0.0,0.29318854806621636,1.2225402144280348
937,0.7734232710211613,0.0,0.0,0.0,0.0,0.5555555555555556,0.0,0.29650626581416556,0.9377765738182569
938,0.8212747742782662,0.4,0.3333333333333333,0.9423076923076923,0.9423076923076923,0.8888888888888888,0.0,0.3928177587407265,2.798771582243214
947,0.8934684769078823,0.0,0.0,0.891566265060241,0.891566265060241,0.8888888888888888,0.0,0.567776460743247,2.188549227637502
953,0.7520972407943742,0.2,0.16666666666666666,0.07692307692307693,0.07692307692307693,0.7777777777777778,0.0,0.3956785468000088,1.4905514530880313
954,0.6011696900109158,0.0,0.0,0.0,0.0,0.3333333333333333,0.0,0.1131713029939013,0.6327539708718682
97,0.9078852380953684,0.2,0.16666666666666666,0.9065420560747663,0.9065420560747663,1.0,0.0,0.7491739082015669,2.681731286022151
970,0.795655825878565,0.0,0.0,0.07936507936507936,0.07936507936507936,0.8888888888888888,0.0,0.46730260174820515,1.2676896426238013
978,0.5496044143023242,0.0,0.0,0.7272727272727273,0.7272727272727273,0.4444444444444444,1.0,0.18723102259647878,2.409110448545168
997,0.7924641174171487,0.0,0.0,0.02040816326530612,0.02040816326530612,0.8888888888888888,0.0,0.3680602205195803,1.1668015781095868
999,0.7467757847644018,0.0,0.0,0.125,0.125,1.0,0.0,0.3640374943432886,1.2933580470723964
