node_id,graphsage_pred_score,graphsage_raw_label,graphsage_embedding_norm,protected_group,community_id
1,0.1884874701499939,0.10722306370735168,0.5453516,1,0
10,0.19401617348194122,0.15266413986682892,0.5997893,1,0
100,0.16495348513126373,0.11364530771970749,0.37118983,1,1
101,0.13819512724876404,0.0609583780169487,0.4634881,1,2
102,0.2657040059566498,0.12001650780439377,0.5998629,1,3
103,0.11530622839927673,0.05402231588959694,0.5192996,1,0
104,0.24226728081703186,0.015346045605838299,0.524614,1,3
105,0.13039860129356384,0.06738210469484329,0.5830071,1,0
106,0.17444494366645813,0.05944827198982239,0.4034404,1,3
107,0.17244604229927063,0.054523319005966187,0.57872856,1,0
108,0.2131258100271225,0.2020089030265808,0.5784116,1,0
109,0.14420965313911438,0.1492532640695572,0.5372926,1,0
11,0.1937437653541565,0.14813022315502167,0.53292966,1,0
110,0.20596559345722198,0.1557493656873703,0.58409566,1,0
111,0.16673260927200317,0.010247471742331982,0.48057154,1,2
112,0.4545138478279114,0.14647214114665985,0.6985632,1,2
113,0.142146497964859,0.01494660321623087,0.5217132,1,2
114,0.18310630321502686,0.20355616509914398,0.53098065,1,0
115,0.21456323564052582,0.2049611210823059,0.6207625,1,0
116,0.2622404992580414,0.05635868385434151,0.4654861,1,4
117,0.30258265137672424,0.20683836936950684,0.60537434,1,5
118,0.19809328019618988,0.19689050316810608,0.5643471,1,0
119,0.19476459920406342,0.19684122502803802,0.62984097,1,0
12,0.2732454240322113,0.11428261548280716,0.61705256,1,5
120,0.25162428617477417,0.15456096827983856,0.4441043,1,1
121,0.2155107706785202,0.10667495429515839,0.51799476,1,3
122,0.20335742831230164,0.19855433702468872,0.35362148,1,1
123,0.18550942838191986,0.1523362398147583,0.57473797,1,0
124,0.252334862947464,0.12418823689222336,0.5920674,1,5
125,0.10103405267000198,0.01647314988076687,0.4226261,1,1
126,0.26403090357780457,0.06897294521331787,0.60403365,1,5
127,0.3128095865249634,0.2086745947599411,0.6397045,1,2
128,0.1053442507982254,0.0169780682772398,0.43056744,1,2
129,0.2324853390455246,0.24796940386295319,0.6069406,1,0
13,0.13787969946861267,0.10527679324150085,0.4402572,1,4
130,0.19700349867343903,0.10842512547969818,0.40018597,1,1
131,0.28732383251190186,0.2086244523525238,0.5854738,1,3
132,0.23553816974163055,0.0646405965089798,0.5172456,1,4
133,0.17927120625972748,0.1527223289012909,0.36040968,1,1
134,0.12624718248844147,0.10848016291856766,0.4950813,1,0
135,0.1349329650402069,0.10490362346172333,0.57929796,1,0
136,0.1582610309123993,0.011535578407347202,0.47167277,1,3
137,0.24274419248104095,0.295137882232666,0.62253255,1,0
138,0.23712158203125,0.30198684334754944,0.63166183,1,0
139,0.212940514087677,0.12178969383239746,0.56456834,1,2
14,0.21288372576236725,0.15764306485652924,0.44171762,1,1
140,0.10700874775648117,0.05764566361904144,0.382949,1,1
141,0.30969637632369995,0.16940315067768097,0.6357858,1,3
142,0.12381117045879364,0.055880315601825714,0.3712365,1,6
143,0.03434423729777336,0.00354026909917593,0.27264857,1,4
144,0.21914401650428772,0.11962312459945679,0.548334,1,5
145,0.2315840870141983,0.16359442472457886,0.5625428,1,5
146,0.2383803129196167,0.25094401836395264,0.6189351,1,0
147,0.18951424956321716,0.19191907346248627,0.56236637,1,0
148,0.10338793694972992,0.05729151517152786,0.54195404,1,0
149,0.1592787653207779,0.11166846007108688,0.3885532,1,1
15,0.1142485961318016,0.06409033387899399,0.38103473,1,1
150,0.26097992062568665,0.2534770667552948,0.41686946,1,1
151,0.16853922605514526,0.10826537013053894,0.4898008,1,4
152,0.1245185136795044,0.09996441751718521,0.50669175,1,0
153,0.22261129319667816,0.11982277035713196,0.5774308,1,5
154,0.1505269855260849,0.1527649313211441,0.4737097,1,4
155,0.08382590860128403,0.0168626569211483,0.33909985,1,1
156,0.21442769467830658,0.2002488374710083,0.3939659,1,1
157,0.13573436439037323,0.15116778016090393,0.41483206,1,4
158,0.15408624708652496,0.015793856233358383,0.29264975,1,1
159,0.20098377764225006,0.11033104360103607,0.46433032,1,3
16,0.14759314060211182,0.10213243216276169,0.29812145,1,1
160,0.0,0.04755242541432381,0.0,1,7
161,0.12448316067457199,0.10156159847974777,0.50261456,1,0
162,0.10873778164386749,0.06423584371805191,0.3763627,1,1
163,0.16417792439460754,0.11532312631607056,0.38436082,1,1
164,0.2560443580150604,0.06517642736434937,0.5882381,1,5
165,0.14295543730258942,0.14593227207660675,0.5418266,1,0
166,0.2267368733882904,0.06683260202407837,0.54322994,1,5
167,0.21404005587100983,0.2968669831752777,0.5800384,1,0
168,0.14544083178043365,0.10923372954130173,0.3500232,1,1
169,0.20705008506774902,0.14579345285892487,0.63644,1,0
17,0.18753427267074585,0.24437661468982697,0.5578013,1,0
170,0.15621353685855865,0.05914583429694176,0.5015214,1,2
171,0.16541095077991486,0.14259368181228638,0.558745,1,0
172,0.15540875494480133,0.15116462111473083,0.5117845,1,0
173,0.23280799388885498,0.20846426486968994,0.6494125,1,0
174,0.24342462420463562,0.06700066477060318,0.55113494,1,5
175,0.18363520503044128,0.09680179506540298,0.51540524,1,3
176,0.25970157980918884,0.11976420134305954,0.6066559,1,5
177,0.11355385929346085,0.04907171428203583,0.54342467,1,0
178,0.2316139191389084,0.1594981849193573,0.51648474,1,3
179,0.20299986004829407,0.07203560322523117,0.51882046,1,5
18,0.31754252314567566,0.129643052816391,0.70377207,1,5
180,0.26130595803260803,0.01782495155930519,0.51715475,1,3
181,0.16326186060905457,0.02747560292482376,0.5100992,1,5
182,0.28470224142074585,0.11225999146699905,0.60966325,1,3
183,0.22156216204166412,0.15596066415309906,0.5507222,1,2
184,0.2417934685945511,0.16352207958698273,0.60452366,1,5
185,0.20845404267311096,0.11828775703907013,0.5452397,1,2
186,0.2025030106306076,0.1987391859292984,0.37648267,1,1
187,0.21707698702812195,0.07525980472564697,0.54937667,1,5
188,0.19511333107948303,0.07021352648735046,0.5263501,1,5
189,0.16794267296791077,0.05590644106268883,0.46226734,1,3
19,0.21070395410060883,0.11015612632036209,0.49804786,1,3
190,0.16309182345867157,0.06250175088644028,0.47356707,1,3
191,0.11208417266607285,0.006745154969394207,0.31083462,1,1
192,0.08665917813777924,0.015063547529280186,0.30840972,1,1
193,0.25247907638549805,0.0735437273979187,0.6146212,1,5
194,0.1368027925491333,0.06278622150421143,0.4543415,1,4
195,0.18687117099761963,0.10351192206144333,0.4560577,1,3
196,0.23037366569042206,0.12156059592962265,0.6145173,1,2
197,0.1816626340150833,0.01699676364660263,0.5153935,1,2
198,0.10147317498922348,0.05415382981300354,0.3077362,1,1
199,0.17678885161876678,0.05943266302347183,0.38960007,1,6
2,0.16967739164829254,0.06759966164827347,0.5127962,1,2
20,0.21583770215511322,0.29035985469818115,0.5486357,1,0
200,0.15525896847248077,0.11035890132188797,0.45403665,1,4
201,0.14924952387809753,0.1019691750407219,0.37630635,1,1
202,0.11820711940526962,0.04754452034831047,0.5437926,1,0
203,0.22870461642742157,0.06562408059835434,0.57622004,1,3
204,0.14812898635864258,0.10669827461242676,0.5235711,1,0
205,0.2080954760313034,0.2410924732685089,0.5870826,1,0
206,0.1927100121974945,0.12229949980974197,0.56663066,1,2
207,0.18292434513568878,0.013186763040721416,0.5009131,1,3
208,0.2338554710149765,0.15366537868976593,0.5102867,1,3
209,0.26601627469062805,0.2019990086555481,0.53876084,1,3
21,0.16786254942417145,0.06408960372209549,0.5156173,1,2
210,0.19294193387031555,0.1509227305650711,0.58867925,1,0
211,0.16659751534461975,0.020300641655921936,0.4691544,1,4
212,0.1931009590625763,0.15259908139705658,0.578255,1,0
213,0.22161301970481873,0.06614156812429428,0.5490584,1,2
214,0.23521378636360168,0.20378898084163666,0.60693157,1,0
215,0.18484756350517273,0.1461281031370163,0.5653243,1,0
216,0.27483895421028137,0.11604415625333786,0.618688,1,5
217,0.16527791321277618,0.1086062639951706,0.5302294,1,0
218,0.18598489463329315,0.012114631943404675,0.49589023,1,2
219,0.17188388109207153,0.10168490558862686,0.5787485,1,0
22,0.1965661346912384,0.011042125523090363,0.3662887,1,4
220,0.15266069769859314,0.060915734618902206,0.5203233,1,2
221,0.1281096637248993,0.1016886979341507,0.5201715,1,0
222,0.18333758413791656,0.14601905643939972,0.58138555,1,0
223,0.17930099368095398,0.09882849454879761,0.5333061,1,0
224,0.19897542893886566,0.06428870558738708,0.46903798,1,3
225,0.1539466381072998,0.11164451390504837,0.5590242,1,0
226,0.13842470943927765,0.057398900389671326,0.5062488,1,0
227,0.10185697674751282,0.06422203779220581,0.5227922,1,0
228,0.1413191556930542,0.010210182517766953,0.3724075,1,3
229,0.18295946717262268,0.10065821558237076,0.5452512,1,0
23,0.1324293464422226,0.014950426295399666,0.4524392,1,2
230,0.13835939764976501,0.04987552389502525,0.4195482,1,0
231,0.10800205916166306,0.05563383921980858,0.5401859,1,0
232,0.23441077768802643,0.11210175603628159,0.5265265,1,4
233,0.25343477725982666,0.22261135280132294,0.6149837,1,4
234,0.28067150712013245,0.12209085375070572,0.6041042,1,5
235,0.17330782115459442,0.19826963543891907,0.5707493,1,0
236,0.2732449471950531,0.10775686055421829,0.6450031,1,5
237,0.2387039065361023,0.11169174313545227,0.4936261,1,6
238,0.11446287482976913,0.06624193489551544,0.352494,1,1
239,0.22010189294815063,0.15432001650333405,0.55165464,1,2
24,0.16457189619541168,0.11010579764842987,0.54364765,1,0
240,0.29495969414711,0.12266175448894501,0.6652121,1,5
241,0.270679771900177,0.20685309171676636,0.5613342,1,3
242,0.06782377511262894,0.010020884685218334,0.28509727,1,1
243,0.2892787754535675,0.20949561893939972,0.6149823,1,5
244,0.25082942843437195,0.12277177721261978,0.5951206,1,5
245,0.24500331282615662,0.06850949674844742,0.6080342,1,5
246,0.21663038432598114,0.0197723638266325,0.57316804,1,2
247,0.24364237487316132,0.06132761016488075,0.50001746,1,3
248,0.19494356215000153,0.10692302882671356,0.5177615,1,2
249,0.2312995344400406,0.11281842738389969,0.5518312,1,5
25,0.18242716789245605,0.10178553313016891,0.52032375,1,3
250,0.11889289319515228,0.11356768757104874,0.4910153,1,0
251,0.14114895462989807,0.10503609478473663,0.5435617,1,0
252,0.2886526584625244,0.12097949534654617,0.6513054,1,5
253,0.2553342878818512,0.2476964294910431,0.60485405,1,4
254,0.194288969039917,0.06626422703266144,0.4370751,1,6
255,0.09918465465307236,0.19736595451831818,0.36548015,1,4
256,0.2008049637079239,0.10507744550704956,0.47070882,1,3
257,0.2858407199382782,0.11439768970012665,0.6255643,1,5
258,0.12266116589307785,0.05741585046052933,0.56234163,1,0
259,0.16840380430221558,0.15989471971988678,0.5877922,1,0
26,0.10709831118583679,0.10186147689819336,0.33509964,1,1
260,0.21693338453769684,0.1631750464439392,0.55060554,1,2
261,0.2005757838487625,0.15924440324306488,0.6003018,1,0
262,0.16629637777805328,0.11177802085876465,0.57923317,1,0
263,0.18863099813461304,0.06388214975595474,0.4569709,1,5
264,0.10844818502664566,0.054044630378484726,0.5495988,1,0
265,0.0961766242980957,0.011900489218533039,0.26790595,1,1
266,0.18216288089752197,0.10662669688463211,0.60250926,1,0
267,0.20326964557170868,0.06365074217319489,0.5403634,1,5
268,0.236843079328537,0.06853900104761124,0.60264534,1,5
269,0.1338862180709839,0.06417027115821838,0.3811483,1,1
27,0.12185361981391907,0.1477164626121521,0.48399132,1,0
270,0.1722533106803894,0.01805584505200386,0.5468899,1,2
271,0.22584745287895203,0.1632450670003891,0.5307094,1,4
272,0.24277976155281067,0.16687946021556854,0.59442145,1,5
273,0.24107570946216583,0.11317857354879379,0.55812466,1,3
274,0.3298978805541992,0.3019765615463257,0.63906306,1,3
275,0.1976618766784668,0.06268579512834549,0.5099698,1,3
276,0.13034972548484802,0.060688912868499756,0.55846167,1,0
277,0.1448824107646942,0.00991083588451147,0.441879,1,3
278,0.14782191812992096,0.06428363174200058,0.35790676,1,1
279,0.18397417664527893,0.06466558575630188,0.51223534,1,4
28,0.16932520270347595,0.11357532441616058,0.4072545,1,1
280,0.1815604269504547,0.15240494906902313,0.5844881,1,0
281,0.16985410451889038,0.016752252355217934,0.50299597,1,2
282,0.11762400716543198,0.015501696616411209,0.3995677,1,6
283,0.14946457743644714,0.011526965536177158,0.508306,1,4
284,0.27413058280944824,0.16682672500610352,0.610013,1,5
285,0.21528224647045135,0.15118730068206787,0.47102684,1,2
286,0.1957351565361023,0.10402507334947586,0.53915966,1,0
287,0.23813802003860474,0.15875272452831268,0.55884296,1,5
288,0.12012621760368347,0.059305623173713684,0.30196196,1,1
289,0.12312585860490799,0.1036427840590477,0.52425086,1,0
29,0.1810855269432068,0.1595841646194458,0.3577326,1,6
290,0.16999876499176025,0.09898847341537476,0.5084867,1,0
291,0.2524152994155884,0.06627798080444336,0.52514607,1,3
292,0.08430621773004532,0.05585787445306778,0.32576856,1,1
293,0.2244698852300644,0.022483687847852707,0.5738116,1,5
294,0.12318413704633713,0.052613530308008194,0.33947992,1,1
295,0.2104901224374771,0.16092760860919952,0.5557544,1,4
296,0.24383534491062164,0.24607396125793457,0.6389106,1,0
297,0.15479689836502075,0.10527462512254715,0.3587798,1,1
298,0.2113308310508728,0.15916550159454346,0.43112442,1,1
299,0.23511594533920288,0.15651164948940277,0.6022942,1,0
3,0.20394951105117798,0.06151321902871132,0.40334302,1,1
30,0.11010376363992691,0.05901039019227028,0.54705596,1,0
300,0.1510404795408249,0.057799361646175385,0.37538907,1,4
301,0.24105677008628845,0.1743079125881195,0.58840007,1,4
302,0.23515352606773376,0.24957452714443207,0.62940675,1,0
303,0.2578376829624176,0.12120848894119263,0.5980301,1,5
304,0.22501550614833832,0.060889020562171936,0.56525046,1,3
305,0.1756422072649002,0.011546996422111988,0.49999684,1,3
306,0.27875566482543945,0.16527125239372253,0.6326219,1,5
307,0.18556056916713715,0.15239199995994568,0.58107275,1,0
308,0.29404786229133606,0.2193663865327835,0.6499406,1,5
309,0.16288626194000244,0.06586439907550812,0.41742036,1,1
31,0.20355920493602753,0.19850145280361176,0.63161844,1,0
310,0.2320898324251175,0.15628111362457275,0.6302858,1,0
311,0.1883624792098999,0.1584848016500473,0.5261682,1,4
312,0.1667419821023941,0.06094220280647278,0.41245005,1,6
313,0.17415989935398102,0.021392565220594406,0.5354526,1,2
314,0.25367608666419983,0.16075196862220764,0.602203,1,2
315,0.2569708228111267,0.1210181713104248,0.6070144,1,5
316,0.2082255631685257,0.06258788704872131,0.50264424,1,3
317,0.18705865740776062,0.11002086848020554,0.5302692,1,4
318,0.25706595182418823,0.1275855153799057,0.5948995,1,5
319,0.20269961655139923,0.15096142888069153,0.52566147,1,2
32,0.22281406819820404,0.20849141478538513,0.5569889,1,4
320,0.16196095943450928,0.057438742369413376,0.5279243,1,2
321,0.21746405959129333,0.06907006353139877,0.48616418,1,3
322,0.21181730926036835,0.06665952503681183,0.5587516,1,2
323,0.17791637778282166,0.06286279112100601,0.48211616,1,2
324,0.23023563623428345,0.07188607007265091,0.5520633,1,5
325,0.17039160430431366,0.05437680333852768,0.3886601,1,3
326,0.0813068225979805,0.008319852873682976,0.35674044,1,6
327,0.09086637198925018,0.047413770109415054,0.4905724,1,0
328,0.20565028488636017,0.15908394753932953,0.6099626,1,0
329,0.18629507720470428,0.15780779719352722,0.5789788,1,0
33,0.11605103313922882,0.05754801258444786,0.53622186,1,0
330,0.1683267205953598,0.015016631223261356,0.45106238,1,3
331,0.25190290808677673,0.250946044921875,0.588824,1,4
332,0.1939760446548462,0.1594412624835968,0.51021314,1,4
333,0.21439160406589508,0.05795027315616608,0.45428047,1,4
334,0.16476039588451385,0.011747634038329124,0.45910397,1,3
335,0.21916241943836212,0.2461397349834442,0.38361415,1,1
336,0.21364790201187134,0.06414642930030823,0.5028902,1,3
337,0.2352575808763504,0.07845859974622726,0.596243,1,5
338,0.15609495341777802,0.1086118146777153,0.4702648,1,4
339,0.2791745662689209,0.21637603640556335,0.6175564,1,5
34,0.24984802305698395,0.12437506765127182,0.61514294,1,5
340,0.22662842273712158,0.06937196850776672,0.5369376,1,3
341,0.25908705592155457,0.11758650839328766,0.59187347,1,5
342,0.10338544845581055,0.06913680583238602,0.36035776,1,1
343,0.22197267413139343,0.10831107199192047,0.50039065,1,3
344,0.25396326184272766,0.11311917752027512,0.5283337,1,5
345,0.24542149901390076,0.1566089242696762,0.61159253,1,0
346,0.2100149691104889,0.11030764132738113,0.5069133,1,3
347,0.18236537277698517,0.10842903703451157,0.5652737,1,0
348,0.20563636720180511,0.16766247153282166,0.4599137,1,1
349,0.17820750176906586,0.013197195716202259,0.502328,1,3
35,0.1648993194103241,0.05923669785261154,0.485754,1,2
350,0.12954647839069366,0.01702982932329178,0.42651746,1,3
351,0.8763169646263123,0.0764051154255867,0.8597237,0,8
352,0.2846176326274872,0.19298046827316284,0.47596654,0,2
353,0.9423760771751404,0.4398431181907654,0.8752317,0,8
354,0.19444356858730316,0.19051793217658997,0.37853387,0,2
355,0.926576554775238,0.6330984830856323,0.9134154,0,8
356,0.3578639626502991,0.3786221146583557,0.544264,0,2
357,0.8046004772186279,0.2571955621242523,0.8407433,0,8
358,0.7161558270454407,0.44317126274108887,0.7135438,0,8
359,0.8657264113426208,0.07348766177892685,0.8253738,0,8
36,0.23424093425273895,0.15268827974796295,0.54133993,1,2
360,0.7429718971252441,0.2589850127696991,0.7728241,0,8
361,0.8154444694519043,0.2556999623775482,0.8570663,0,8
362,0.3898066282272339,0.18983052670955658,0.54362273,0,3
363,0.7808356881141663,0.07297740876674652,0.72659117,0,8
364,0.9086966514587402,0.8219994306564331,0.9226685,0,8
365,0.6672030091285706,0.07535820454359055,0.64613837,0,8
366,0.7112178206443787,0.2551734447479248,0.6454942,0,8
367,0.07901930063962936,0.005982625763863325,0.18882573,0,6
368,0.7833890914916992,0.07133784145116806,0.76412445,0,8
369,0.3822140097618103,0.38036343455314636,0.5000017,0,4
37,0.14346399903297424,0.10333273559808731,0.55136424,1,0
370,0.7716562151908875,0.4464147984981537,0.74474865,0,8
371,0.9192793965339661,0.6346813440322876,0.9065375,0,8
372,0.9789173603057861,0.8151758909225464,0.9384491,0,8
373,0.8404973149299622,0.2592748701572418,0.8545569,0,8
374,0.8701539039611816,0.0692746713757515,0.8281497,0,8
375,0.7726418972015381,0.26974865794181824,0.85397786,0,8
376,0.744901716709137,0.25506824254989624,0.80183846,0,8
377,0.8602150678634644,0.4464693069458008,0.8303867,0,8
378,0.8102742433547974,0.07391569018363953,0.7777648,0,8
379,0.2919056713581085,0.19178439676761627,0.42347738,0,1
38,0.19806025922298431,0.10318644344806671,0.5982205,1,0
380,0.8817054033279419,0.25136885046958923,0.8263068,0,8
381,0.29346632957458496,0.1949334591627121,0.46432427,0,2
382,0.7442378401756287,0.2569102644920349,0.7110349,0,8
383,0.9134430289268494,0.25871217250823975,0.85931987,0,8
384,0.820488452911377,0.2598097622394562,0.81808394,0,8
385,0.8938372731208801,0.2578127086162567,0.8394671,0,8
386,0.6563867330551147,0.25507020950317383,0.6614832,0,8
387,0.6760318279266357,0.26066893339157104,0.68814784,0,8
388,0.314374715089798,0.18994897603988647,0.5448949,0,4
389,0.8978452682495117,0.06938085705041885,0.8537247,0,8
39,0.2313738912343979,0.022724833339452744,0.53315854,1,3
390,0.7737171053886414,0.2601361572742462,0.76601815,0,8
391,0.9086266756057739,0.2536889612674713,0.8402753,0,8
392,0.7859042286872864,0.4434535801410675,0.7464001,0,8
393,0.9309386610984802,0.636544406414032,0.92510986,0,8
394,0.879639208316803,0.07150430977344513,0.84806824,0,8
395,0.9051364064216614,0.06528545171022415,0.87083465,0,8
396,0.9962008595466614,0.8118194341659546,1.0,0,8
397,0.8043575882911682,0.07518111169338226,0.8072735,0,8
398,0.8373709321022034,0.26252612471580505,0.8190132,0,8
399,0.860277533531189,0.07609357684850693,0.8548532,0,8
4,0.17352250218391418,0.10076940804719925,0.5069089,1,0
40,0.1300548017024994,0.014937330037355423,0.41303623,1,6
400,0.980092465877533,0.625834584236145,0.94767576,0,8
401,0.961667537689209,0.441942423582077,0.92171246,0,8
402,0.8233086466789246,0.2596408724784851,0.8264515,0,8
403,0.830187201499939,0.25942233204841614,0.82405424,0,8
404,0.25219395756721497,0.38274097442626953,0.37905556,0,4
405,0.3084113895893097,0.008318085223436356,0.4914948,0,2
406,0.7727779150009155,0.2637821435928345,0.79050475,0,8
407,0.8837696313858032,0.44420287013053894,0.8824017,0,8
408,0.8609828948974609,0.6339491605758667,0.866894,0,8
409,0.880553662776947,0.07392161339521408,0.8722251,0,8
41,0.2329111248254776,0.24612443149089813,0.53339535,1,2
410,0.8121728897094727,0.07228518277406693,0.79803175,0,8
411,1.0,0.8141254782676697,0.9651862,0,8
412,0.9078848958015442,0.25134724378585815,0.862177,0,8
413,0.9694898724555969,0.8179807066917419,0.95113385,0,8
414,0.7844960689544678,0.07129814475774765,0.7748613,0,8
415,0.7751337885856628,0.26324859261512756,0.79587156,0,8
416,0.9560631513595581,0.441834419965744,0.91359335,0,8
417,0.9761098623275757,0.628455400466919,0.91844106,0,8
418,0.7178900241851807,0.2560688555240631,0.7020043,0,8
419,0.9224953651428223,0.45059067010879517,0.92119473,0,8
42,0.1770515739917755,0.06410974264144897,0.49615046,1,3
420,0.9584158062934875,0.813987672328949,0.94108903,0,8
421,0.7806932926177979,0.4473189115524292,0.81668717,0,8
422,0.8905487060546875,0.2578377425670624,0.8373154,0,8
423,0.9798837900161743,0.8161600828170776,0.9683672,0,8
424,0.4885547459125519,0.5717623829841614,0.6943981,0,5
425,0.7744571566581726,0.2576785683631897,0.7832867,0,8
426,0.9069775342941284,0.25549766421318054,0.89404047,0,8
427,0.9445844888687134,0.4396492838859558,0.88180625,0,8
428,0.9224036931991577,0.25760868191719055,0.90487665,0,8
429,0.9171292185783386,0.44364914298057556,0.89007914,0,8
43,0.09921831637620926,0.013307553716003895,0.40387622,1,6
430,0.8399685621261597,0.4455941915512085,0.86285716,0,8
431,0.7479735016822815,0.4434340000152588,0.7620775,0,8
432,0.7147955894470215,0.07495145499706268,0.7136117,0,8
433,0.941769540309906,0.6256024837493896,0.91057384,0,8
434,0.15152570605278015,0.37416818737983704,0.37684652,0,3
435,0.8605217933654785,0.6324498057365417,0.86732745,0,8
436,0.6502368450164795,0.07038365304470062,0.6846192,0,8
437,0.869602382183075,0.2657257914543152,0.8523267,0,8
438,0.7581087946891785,0.44121137261390686,0.7364489,0,8
439,0.9533713459968567,0.6255632638931274,0.91334593,0,8
44,0.09391609579324722,0.057326991111040115,0.5367977,1,0
440,0.9641139507293701,0.8119876980781555,0.9282102,0,8
441,0.9812875390052795,0.8205487728118896,0.9701227,0,8
442,0.9145311713218689,0.6384634971618652,0.94093335,0,8
443,0.9150845408439636,0.2559632956981659,0.8695012,0,8
444,0.9129358530044556,0.2579940855503082,0.879263,0,8
445,0.9378528594970703,0.25567498803138733,0.8801554,0,8
446,0.9839114546775818,0.6264321208000183,0.94997334,0,8
447,0.9544793367385864,0.44190388917922974,0.92928547,0,8
448,0.9162886142730713,0.06539766490459442,0.84038574,0,8
449,0.7186447978019714,0.4448520243167877,0.78584415,0,8
45,0.2454439401626587,0.20018087327480316,0.6366532,1,0
450,0.8343858122825623,0.26180487871170044,0.82166654,0,8
451,0.7715693116188049,0.0796465128660202,0.7943524,0,8
452,0.8421161770820618,0.6340151429176331,0.82708293,0,8
453,0.9370788931846619,0.25173455476760864,0.90889925,0,8
454,0.9326524138450623,0.44649338722229004,0.92116785,0,8
455,0.766059398651123,0.4432881772518158,0.76259166,0,8
456,0.9716324806213379,0.6263527274131775,0.9426021,0,8
457,0.9312382936477661,0.4419995844364166,0.90249604,0,8
458,0.8422991633415222,0.07828228175640106,0.84762436,0,8
459,0.7813171148300171,0.07143329083919525,0.7965317,0,8
46,0.17724046111106873,0.15947100520133972,0.3645557,1,1
460,0.9190149307250977,0.4459525942802429,0.90207446,0,8
461,0.8790425062179565,0.253618061542511,0.81001353,0,8
462,0.8392741680145264,0.4515390396118164,0.8869274,0,8
463,0.05618704855442047,0.18789534270763397,0.41264746,0,4
464,0.003686521900817752,0.0,0.0011063939,0,9
465,0.8704005479812622,0.07582129538059235,0.8463516,0,8
466,0.881158173084259,0.2616024613380432,0.8867135,0,8
467,0.9338772892951965,0.44205883145332336,0.9006318,0,8
468,0.7455430030822754,0.6285272836685181,0.7001762,0,8
469,0.08673610538244247,0.1880093812942505,0.24082507,0,6
47,0.1176411584019661,0.09841307252645493,0.52206767,1,0
470,0.9320546984672546,0.25562718510627747,0.91437364,0,8
471,0.87787926197052,0.25525474548339844,0.8389986,0,8
472,0.9550588130950928,0.4439682960510254,0.9342777,0,8
473,0.8288084268569946,0.2593974173069,0.8371221,0,8
474,0.8910877108573914,0.06952813267707825,0.81410325,0,8
475,0.7735444903373718,0.627246081829071,0.7685963,0,8
476,0.962364912033081,0.8162883520126343,0.94287777,0,8
477,0.34875500202178955,0.3768039345741272,0.39801577,0,4
478,0.9372802972793579,0.439738392829895,0.88971895,0,8
479,0.9170941114425659,0.823297381401062,0.9180629,0,8
48,0.17589713633060455,0.10210447013378143,0.5534274,1,0
480,0.9257755279541016,0.4462178647518158,0.91151685,0,8
481,0.7860885262489319,0.446084588766098,0.7857757,0,8
482,0.08729984611272812,0.042513176798820496,0.56773573,0,0
483,0.7670021057128906,0.06905566900968552,0.7519763,0,8
484,0.8253313899040222,0.25733262300491333,0.8117356,0,8
485,0.7352402806282043,0.4964394271373749,0.79340446,0,8
486,0.9629883766174316,0.6303661465644836,0.9295692,0,8
487,0.02007194049656391,0.37231898307800293,0.025497139,0,10
488,0.8922229409217834,0.25566521286964417,0.8597457,0,8
489,0.6313188672065735,0.2588515281677246,0.68520176,0,8
49,0.20192033052444458,0.20372788608074188,0.5216601,1,4
490,0.9944849014282227,1.0,0.97404003,0,8
491,0.8389923572540283,0.07336213439702988,0.8287005,0,8
492,0.22438812255859375,0.004564761184155941,0.32587203,0,6
493,0.9001269936561584,0.4503745436668396,0.89479053,0,8
494,0.8770858645439148,0.6321501135826111,0.88028145,0,8
495,0.7727514505386353,0.0698312297463417,0.7225459,0,8
496,0.8416137099266052,0.44955259561538696,0.8588364,0,8
497,0.8058690428733826,0.44176486134529114,0.7498901,0,8
498,0.8868601322174072,0.26263442635536194,0.8484715,0,8
499,0.9049583077430725,0.06733507663011551,0.84643096,0,8
5,0.07506243139505386,0.04913930967450142,0.54703283,1,0
50,0.1772962510585785,0.06560466438531876,0.50526476,1,4
500,0.8730137348175049,0.07356041669845581,0.8310714,0,8
51,0.17531785368919373,0.013437981717288494,0.5105621,1,2
52,0.2686220109462738,0.07528574019670486,0.6134982,1,5
53,0.27067670226097107,0.1102859228849411,0.4775278,1,6
54,0.28585174679756165,0.20734648406505585,0.5835176,1,3
55,0.2185509353876114,0.06863833963871002,0.5431481,1,5
56,0.1819707602262497,0.012063650414347649,0.5107824,1,2
57,0.18875063955783844,0.06271248310804367,0.49732155,1,3
58,0.18989527225494385,0.14914986491203308,0.5707408,1,0
59,0.20539875328540802,0.10349567234516144,0.43236372,1,3
6,0.1281350553035736,0.1484842449426651,0.45454443,1,0
60,0.21530242264270782,0.15583282709121704,0.5280165,1,2
61,0.26192229986190796,0.07021614909172058,0.60879475,1,5
62,0.2534204423427582,0.06679829210042953,0.6104593,1,5
63,0.1939963549375534,0.06953039765357971,0.44712928,1,6
64,0.18753528594970703,0.15069283545017242,0.5846856,1,0
65,0.2503325045108795,0.14604423940181732,0.51324373,1,2
66,0.18283486366271973,0.10681074112653732,0.49169746,1,4
67,0.21544741094112396,0.06578683853149414,0.52726007,1,3
68,0.19478437304496765,0.15367001295089722,0.40605623,1,6
69,0.08765684813261032,0.05586762726306915,0.36978662,1,1
7,0.19090984761714935,0.06259414553642273,0.4819378,1,3
70,0.19563861191272736,0.05591484159231186,0.5130236,1,2
71,0.2545141279697418,0.10886729508638382,0.45129162,1,6
72,0.31399446725845337,0.12213026732206345,0.6659443,1,3
73,0.2182834893465042,0.15921886265277863,0.5763886,1,2
74,0.26861879229545593,0.07011368125677109,0.624262,1,5
75,0.1591303050518036,0.15267671644687653,0.34537736,1,1
76,0.2840104401111603,0.2001422643661499,0.49966717,1,6
77,0.1876005083322525,0.10678155720233917,0.41956875,1,1
78,0.14275766909122467,0.018353916704654694,0.38074723,1,1
79,0.20792655646800995,0.19671034812927246,0.60333186,1,0
8,0.05435619875788689,0.010016091167926788,0.38406324,1,1
80,0.26825425028800964,0.3023189902305603,0.5621574,1,2
81,0.15520834922790527,0.06077875196933746,0.36087236,1,6
82,0.1899959295988083,0.20367491245269775,0.542007,1,0
83,0.20057417452335358,0.1557856798171997,0.5990794,1,0
84,0.13546006381511688,0.05412504822015762,0.5508686,1,0
85,0.16154514253139496,0.05423349514603615,0.4937816,1,3
86,0.14663562178611755,0.01660451665520668,0.49433243,1,2
87,0.2027062624692917,0.10496397316455841,0.5263398,1,3
88,0.15551450848579407,0.14924563467502594,0.52582365,1,0
89,0.13704343140125275,0.059038709849119186,0.5828857,1,0
9,0.12302971631288528,0.052547141909599304,0.5188907,1,0
90,0.1786499172449112,0.06622663140296936,0.5156737,1,2
91,0.22940272092819214,0.12133888900279999,0.52435094,1,5
92,0.24058862030506134,0.06875810027122498,0.58779055,1,5
93,0.14033347368240356,0.1475924849510193,0.51579237,1,0
94,0.27899566292762756,0.2639402151107788,0.6362228,1,5
95,0.2537122964859009,0.11042933166027069,0.5410726,1,3
96,0.15272624790668488,0.10515157133340836,0.5355552,1,0
97,0.11516457796096802,0.09688100963830948,0.49720544,1,0
98,0.25958096981048584,0.30172163248062134,0.64981323,1,0
99,0.14137037098407745,0.10013817995786667,0.53443086,1,0
