node_id,ml_score,ris_score,fair_ris_score,fairness_bonus,weak_group_bonus,community_diversity_bonus,cluster_diversity_bonus,cluster_coverage_bonus,protected_group_coverage_bonus,spread_proxy_score,under_served_group_bonus,over_served_group_penalty,parity_adjusted_score,base_combined_score,combined_score,score_normalization
0,0.5971446637935213,0.0,0.0,0.0,0.0,0.0,0.0,0.0,0.0,0.5971446637935213,0.0,0.0,0.11942893275870425,0.11942893275870425,0.11942893275870425,per_group
1,1.0,0.0,0.0,0.0,0.0,0.0,0.0,0.0,0.0,1.0,0.0,0.0,0.2,0.2,0.2,per_group
10,0.25363742181536736,1.0,1.0,0.0,0.0,0.0,0.0,0.0,0.0,0.25363742181536736,0.0,0.0,4.550727484363073,4.550727484363073,4.550727484363073,per_group
100,0.15924334124376696,0.25,0.25,0.0,0.0,0.16666666666666666,0.0,0.0,0.0,0.15924334124376696,0.0,0.0,1.2901820015820866,1.2901820015820866,1.2901820015820866,per_group
101,0.14686333107417737,0.0,0.0,0.0,0.0,0.0,0.0,0.0,0.0,0.14686333107417737,0.0,0.0,0.029372666214835474,0.029372666214835474,0.029372666214835474,per_group
102,0.22519104744883667,0.0,0.0,0.0,0.0,0.3333333333333333,0.0,0.0,0.0,0.22519104744883667,0.0,0.0,0.311704876156434,0.311704876156434,0.311704876156434,per_group
103,0.04539724958702774,0.0,0.0,0.0,0.0,0.0,0.0,0.0,0.0,0.04539724958702774,0.0,0.0,0.009079449917405549,0.009079449917405549,0.009079449917405549,per_group
104,0.3106924487803334,0.0,0.0,0.2222222222222222,0.2222222222222222,0.16666666666666666,0.0,0.0,0.0,0.3106924487803334,0.0,0.0,1.0843607119782888,1.0843607119782888,1.0843607119782888,per_group
105,0.023422643589314326,0.25,0.25,0.0,0.0,0.0,0.0,0.0,0.0,0.023422643589314326,0.0,0.0,1.129684528717863,1.129684528717863,1.129684528717863,per_group
106,0.04503878829105072,0.25,0.25,0.0,0.0,0.0,0.0,0.0,0.0,0.04503878829105072,0.0,0.0,1.1340077576582102,1.1340077576582102,1.1340077576582102,per_group
107,0.07741916468913608,0.25,0.25,0.0,0.0,0.0,0.0,0.0,0.0,0.07741916468913608,0.0,0.0,1.1404838329378273,1.1404838329378273,1.1404838329378273,per_group
108,0.09286100949301793,0.5,0.5,0.0,0.0,0.0,0.0,0.0,0.0,0.09286100949301793,0.0,0.0,2.2685722018986034,2.2685722018986034,2.2685722018986034,per_group
109,0.03371830896417026,0.0,0.0,0.0,0.0,0.0,0.0,0.0,0.0,0.03371830896417026,0.0,0.0,0.0067436617928340525,0.0067436617928340525,0.0067436617928340525,per_group
11,0.18506886863055466,0.0,0.0,0.0,0.0,0.0,0.0,0.0,0.0,0.18506886863055466,0.0,0.0,0.037013773726110935,0.037013773726110935,0.037013773726110935,per_group
110,0.1864452558755023,0.0,0.0,0.4,0.4,0.16666666666666666,0.0,0.0,0.0,0.1864452558755023,0.0,0.0,1.770622384508434,1.770622384508434,1.770622384508434,per_group
111,0.11270091557529854,0.0,0.0,0.0,0.0,0.0,0.0,0.0,0.0,0.11270091557529854,0.0,0.0,0.02254018311505971,0.02254018311505971,0.02254018311505971,per_group
112,0.14809084211097243,0.0,0.0,0.0,0.0,0.0,0.0,0.0,0.0,0.14809084211097243,0.0,0.0,0.029618168422194488,0.029618168422194488,0.029618168422194488,per_group
113,0.11830590432059261,0.0,0.0,0.0,0.0,0.16666666666666666,0.0,0.0,0.0,0.11830590432059261,0.0,0.0,0.15699451419745186,0.15699451419745186,0.15699451419745186,per_group
114,0.09805013358484423,0.75,0.75,0.0,0.0,0.16666666666666666,0.0,0.0,0.0,0.09805013358484423,0.0,0.0,3.527943360050302,3.527943360050302,3.527943360050302,per_group
115,0.10092223581210799,0.0,0.0,0.0,0.0,0.0,0.0,0.0,0.0,0.10092223581210799,0.0,0.0,0.020184447162421598,0.020184447162421598,0.020184447162421598,per_group
116,0.11324451873182707,0.25,0.25,0.0,0.0,0.0,0.0,0.0,0.0,0.11324451873182707,0.0,0.0,1.1476489037463655,1.1476489037463655,1.1476489037463655,per_group
117,0.10792480024137646,0.5,0.5,0.0,0.0,0.0,0.0,0.0,0.0,0.10792480024137646,0.0,0.0,2.2715849600482754,2.2715849600482754,2.2715849600482754,per_group
118,0.0838246710667794,0.0,0.0,0.0,0.0,0.0,0.0,0.0,0.0,0.0838246710667794,0.0,0.0,0.01676493421335588,0.01676493421335588,0.01676493421335588,per_group
119,0.1160167115679969,0.25,0.25,0.0,0.0,0.0,0.0,0.0,0.0,0.1160167115679969,0.0,0.0,1.1482033423135993,1.1482033423135993,1.1482033423135993,per_group
12,0.6990807415927546,0.25,0.25,0.125,0.125,0.6666666666666666,0.0,0.0,0.0,0.6990807415927546,0.0,0.0,2.298149481651884,2.298149481651884,2.298149481651884,per_group
120,0.06404359307226644,0.25,0.25,0.0,0.0,0.0,0.0,0.0,0.0,0.06404359307226644,0.0,0.0,1.1378087186144532,1.1378087186144532,1.1378087186144532,per_group
121,0.06361942649860304,0.0,0.0,0.0,0.0,0.0,0.0,0.0,0.0,0.06361942649860304,0.0,0.0,0.012723885299720608,0.012723885299720608,0.012723885299720608,per_group
122,0.24802914373755763,0.25,0.25,0.3333333333333333,0.3333333333333333,0.3333333333333333,0.0,0.0,0.0,0.24802914373755763,0.0,0.0,2.7746058287475113,2.7746058287475113,2.7746058287475113,per_group
123,0.062624883301829,0.25,0.25,0.0,0.0,0.0,0.0,0.0,0.0,0.062624883301829,0.0,0.0,1.137524976660366,1.137524976660366,1.137524976660366,per_group
124,0.02854618929243258,0.0,0.0,0.0,0.0,0.0,0.0,0.0,0.0,0.02854618929243258,0.0,0.0,0.005709237858486517,0.005709237858486517,0.005709237858486517,per_group
125,0.08869896380281576,0.25,0.25,0.0,0.0,0.0,0.0,0.0,0.0,0.08869896380281576,0.0,0.0,1.1427397927605631,1.1427397927605631,1.1427397927605631,per_group
126,0.10935235014672076,0.0,0.0,0.0,0.0,0.0,0.0,0.0,0.0,0.10935235014672076,0.0,0.0,0.021870470029344155,0.021870470029344155,0.021870470029344155,per_group
127,0.32758026383036126,0.0,0.0,0.3333333333333333,0.3333333333333333,0.5,0.0,0.0,0.0,0.32758026383036126,0.0,0.0,1.7988493860994057,1.7988493860994057,1.7988493860994057,per_group
128,0.06362327243417479,0.25,0.25,0.0,0.0,0.0,0.0,0.0,0.0,0.06362327243417479,0.0,0.0,1.137724654486835,1.137724654486835,1.137724654486835,per_group
129,0.07549771331911745,0.0,0.0,0.0,0.0,0.0,0.0,0.0,0.0,0.07549771331911745,0.0,0.0,0.01509954266382349,0.01509954266382349,0.01509954266382349,per_group
13,1.0,0.0,0.0,0.11764705882352941,0.11764705882352941,1.0,0.0,0.0,0.0,1.0,0.0,0.0,1.4705882352941175,1.4705882352941175,1.4705882352941175,per_group
130,0.016571082068534776,0.0,0.0,0.0,0.0,0.0,0.0,0.0,0.0,0.016571082068534776,0.0,0.0,0.0033142164137069554,0.0033142164137069554,0.0033142164137069554,per_group
131,0.11501899219409116,0.0,0.0,0.0,0.0,0.16666666666666666,0.0,0.0,0.0,0.11501899219409116,0.0,0.0,0.15633713177215156,0.15633713177215156,0.15633713177215156,per_group
132,0.047877106249313905,0.0,0.0,0.0,0.0,0.0,0.0,0.0,0.0,0.047877106249313905,0.0,0.0,0.009575421249862782,0.009575421249862782,0.009575421249862782,per_group
133,0.012974513283576648,0.0,0.0,0.0,0.0,0.0,0.0,0.0,0.0,0.012974513283576648,0.0,0.0,0.0025949026567153297,0.0025949026567153297,0.0025949026567153297,per_group
134,0.11923224925521056,0.25,0.25,0.0,0.0,0.0,0.0,0.0,0.0,0.11923224925521056,0.0,0.0,1.148846449851042,1.148846449851042,1.148846449851042,per_group
135,0.08656384576858527,0.0,0.0,0.0,0.0,0.0,0.0,0.0,0.0,0.08656384576858527,0.0,0.0,0.017312769153717055,0.017312769153717055,0.017312769153717055,per_group
136,0.03407987351579669,0.25,0.25,0.0,0.0,0.0,0.0,0.0,0.0,0.03407987351579669,0.0,0.0,1.1318159747031593,1.1318159747031593,1.1318159747031593,per_group
137,0.12488541578767351,0.25,0.25,0.0,0.0,0.16666666666666666,0.0,0.0,0.0,0.12488541578767351,0.0,0.0,1.283310416490868,1.283310416490868,1.283310416490868,per_group
138,0.09138944493581469,0.5,0.5,0.0,0.0,0.0,0.0,0.0,0.0,0.09138944493581469,0.0,0.0,2.268277888987163,2.268277888987163,2.268277888987163,per_group
139,0.21770861046913925,0.25,0.25,0.4,0.4,0.3333333333333333,0.0,0.0,0.0,0.21770861046913925,0.0,0.0,3.0352083887604944,3.0352083887604944,3.0352083887604944,per_group
14,0.5360583228663651,0.0,0.0,0.0,0.0,0.3333333333333333,0.0,0.0,0.0,0.5360583228663651,0.0,0.0,0.3738783312399397,0.3738783312399397,0.3738783312399397,per_group
140,0.1160167115679969,0.75,0.75,0.0,0.0,0.0,0.0,0.0,0.0,0.1160167115679969,0.0,0.0,3.3982033423135993,3.3982033423135993,3.3982033423135993,per_group
141,0.1524433175011953,0.0,0.0,0.6666666666666666,0.6666666666666666,0.16666666666666666,0.0,0.0,0.0,0.1524433175011953,0.0,0.0,2.830488663500239,2.830488663500239,2.830488663500239,per_group
142,0.13373116865480567,0.0,0.0,0.5,0.5,0.16666666666666666,0.0,0.0,0.0,0.13373116865480567,0.0,0.0,2.1600795670642943,2.1600795670642943,2.1600795670642943,per_group
143,0.16212953387732554,0.0,0.0,0.0,0.0,0.16666666666666666,0.0,0.0,0.0,0.16212953387732554,0.0,0.0,0.16575924010879844,0.16575924010879844,0.16575924010879844,per_group
144,0.06362327243417479,0.0,0.0,0.0,0.0,0.0,0.0,0.0,0.0,0.06362327243417479,0.0,0.0,0.012724654486834958,0.012724654486834958,0.012724654486834958,per_group
145,0.01697439864145268,0.0,0.0,0.0,0.0,0.0,0.0,0.0,0.0,0.01697439864145268,0.0,0.0,0.0033948797282905363,0.0033948797282905363,0.0033948797282905363,per_group
146,0.057181635088201795,0.0,0.0,0.0,0.0,0.0,0.0,0.0,0.0,0.057181635088201795,0.0,0.0,0.01143632701764036,0.01143632701764036,0.01143632701764036,per_group
147,0.058898318359210694,0.25,0.25,0.0,0.0,0.0,0.0,0.0,0.0,0.058898318359210694,0.0,0.0,1.1367796636718421,1.1367796636718421,1.1367796636718421,per_group
148,0.08134082309781045,0.0,0.0,0.0,0.0,0.0,0.0,0.0,0.0,0.08134082309781045,0.0,0.0,0.01626816461956209,0.01626816461956209,0.01626816461956209,per_group
149,0.016148080384713454,0.25,0.25,0.0,0.0,0.0,0.0,0.0,0.0,0.016148080384713454,0.0,0.0,1.1282296160769427,1.1282296160769427,1.1282296160769427,per_group
15,0.4192909089956676,0.25,0.25,0.0,0.0,0.16666666666666666,0.0,0.0,0.0,0.4192909089956676,0.0,0.0,1.3421915151324668,1.3421915151324668,1.3421915151324668,per_group
150,0.05730673084405463,0.25,0.25,0.0,0.0,0.0,0.0,0.0,0.0,0.05730673084405463,0.0,0.0,1.136461346168811,1.136461346168811,1.136461346168811,per_group
151,0.07122994634961609,0.25,0.25,0.0,0.0,0.0,0.0,0.0,0.0,0.07122994634961609,0.0,0.0,1.1392459892699232,1.1392459892699232,1.1392459892699232,per_group
152,0.04794958384375813,0.25,0.25,0.0,0.0,0.0,0.0,0.0,0.0,0.04794958384375813,0.0,0.0,1.1345899167687516,1.1345899167687516,1.1345899167687516,per_group
153,0.06341007424761176,0.25,0.25,0.0,0.0,0.0,0.0,0.0,0.0,0.06341007424761176,0.0,0.0,1.1376820148495224,1.1376820148495224,1.1376820148495224,per_group
154,0.05823951642264551,0.25,0.25,0.0,0.0,0.0,0.0,0.0,0.0,0.05823951642264551,0.0,0.0,1.1366479032845291,1.1366479032845291,1.1366479032845291,per_group
155,0.03487252796308952,0.5,0.5,0.0,0.0,0.0,0.0,0.0,0.0,0.03487252796308952,0.0,0.0,2.256974505592618,2.256974505592618,2.256974505592618,per_group
156,0.08338783993431825,0.25,0.25,0.0,0.0,0.0,0.0,0.0,0.0,0.08338783993431825,0.0,0.0,1.1416775679868636,1.1416775679868636,1.1416775679868636,per_group
157,0.022891128711955505,0.25,0.25,0.0,0.0,0.0,0.0,0.0,0.0,0.022891128711955505,0.0,0.0,1.1295782257423912,1.1295782257423912,1.1295782257423912,per_group
158,0.02854618929243258,0.25,0.25,0.0,0.0,0.0,0.0,0.0,0.0,0.02854618929243258,0.0,0.0,1.1307092378584864,1.1307092378584864,1.1307092378584864,per_group
159,0.019137987266654572,0.0,0.0,0.0,0.0,0.0,0.0,0.0,0.0,0.019137987266654572,0.0,0.0,0.0038275974533309148,0.0038275974533309148,0.0038275974533309148,per_group
16,0.13321270152611644,0.0,0.0,0.0,0.0,0.0,0.0,0.0,0.0,0.13321270152611644,0.0,0.0,0.02664254030522329,0.02664254030522329,0.02664254030522329,per_group
160,0.10092223581210799,0.0,0.0,0.0,0.0,0.0,0.0,0.0,0.0,0.10092223581210799,0.0,0.0,0.020184447162421598,0.020184447162421598,0.020184447162421598,per_group
161,0.0727953220817705,0.0,0.0,0.0,0.0,0.0,0.0,0.0,0.0,0.0727953220817705,0.0,0.0,0.0145590644163541,0.0145590644163541,0.0145590644163541,per_group
162,0.07085819291524292,0.0,0.0,0.0,0.0,0.0,0.0,0.0,0.0,0.07085819291524292,0.0,0.0,0.014171638583048585,0.014171638583048585,0.014171638583048585,per_group
163,0.17416445924097643,0.0,0.0,0.0,0.0,0.0,0.0,0.0,0.0,0.17416445924097643,0.0,0.0,0.03483289184819529,0.03483289184819529,0.03483289184819529,per_group
164,0.1007139485835007,0.0,0.0,0.0,0.0,0.0,0.0,0.0,0.0,0.1007139485835007,0.0,0.0,0.02014278971670014,0.02014278971670014,0.02014278971670014,per_group
165,0.11305686719841122,0.25,0.25,0.0,0.0,0.0,0.0,0.0,0.0,0.11305686719841122,0.0,0.0,1.1476113734396822,1.1476113734396822,1.1476113734396822,per_group
166,0.012187547300244087,0.0,0.0,0.0,0.0,0.0,0.0,0.0,0.0,0.012187547300244087,0.0,0.0,0.0024375094600488176,0.0024375094600488176,0.0024375094600488176,per_group
167,0.051836789513991365,0.0,0.0,0.0,0.0,0.0,0.0,0.0,0.0,0.051836789513991365,0.0,0.0,0.010367357902798274,0.010367357902798274,0.010367357902798274,per_group
168,0.0430302126286878,0.25,0.25,0.0,0.0,0.0,0.0,0.0,0.0,0.0430302126286878,0.0,0.0,1.1336060425257375,1.1336060425257375,1.1336060425257375,per_group
169,0.03672233354116453,0.25,0.25,0.0,0.0,0.0,0.0,0.0,0.0,0.03672233354116453,0.0,0.0,1.132344466708233,1.132344466708233,1.132344466708233,per_group
17,0.8429936804178715,0.25,0.25,0.0,0.0,0.6666666666666666,0.0,0.0,0.0,0.8429936804178715,0.0,0.0,1.8269320694169076,1.8269320694169076,1.8269320694169076,per_group
170,0.062127809466520356,0.5,0.5,0.0,0.0,0.0,0.0,0.0,0.0,0.062127809466520356,0.0,0.0,2.2624255618933042,2.2624255618933042,2.2624255618933042,per_group
171,0.06807867592711975,0.0,0.0,0.0,0.0,0.0,0.0,0.0,0.0,0.06807867592711975,0.0,0.0,0.01361573518542395,0.01361573518542395,0.01361573518542395,per_group
172,0.08421396774391983,0.0,0.0,0.0,0.0,0.0,0.0,0.0,0.0,0.08421396774391983,0.0,0.0,0.016842793548783968,0.016842793548783968,0.016842793548783968,per_group
173,0.02150447907378081,0.25,0.25,0.0,0.0,0.0,0.0,0.0,0.0,0.02150447907378081,0.0,0.0,1.1293008958147561,1.1293008958147561,1.1293008958147561,per_group
174,0.012448410437240584,0.0,0.0,0.0,0.0,0.0,0.0,0.0,0.0,0.012448410437240584,0.0,0.0,0.002489682087448117,0.002489682087448117,0.002489682087448117,per_group
175,0.12635776454302142,0.0,0.0,0.6666666666666666,0.6666666666666666,0.16666666666666666,0.0,0.0,0.0,0.12635776454302142,0.0,0.0,2.825271552908604,2.825271552908604,2.825271552908604,per_group
176,0.07440930971534962,0.25,0.25,0.0,0.0,0.0,0.0,0.0,0.0,0.07440930971534962,0.0,0.0,1.13988186194307,1.13988186194307,1.13988186194307,per_group
177,0.014040767037633793,0.25,0.25,0.0,0.0,0.0,0.0,0.0,0.0,0.014040767037633793,0.0,0.0,1.1278081534075268,1.1278081534075268,1.1278081534075268,per_group
178,0.05351871260584569,0.5,0.5,0.0,0.0,0.0,0.0,0.0,0.0,0.05351871260584569,0.0,0.0,2.2607037425211693,2.2607037425211693,2.2607037425211693,per_group
179,0.14452731301124586,0.5,0.5,0.0,0.0,0.16666666666666666,0.0,0.0,0.0,0.14452731301124586,0.0,0.0,2.4122387959355827,2.4122387959355827,2.4122387959355827,per_group
18,0.5293893634670317,0.0,0.0,0.0,0.0,0.3333333333333333,0.0,0.0,0.0,0.5293893634670317,0.0,0.0,0.37254453936007303,0.37254453936007303,0.37254453936007303,per_group
180,0.043002191271439734,0.0,0.0,0.0,0.0,0.0,0.0,0.0,0.0,0.043002191271439734,0.0,0.0,0.008600438254287947,0.008600438254287947,0.008600438254287947,per_group
181,0.04853031632726273,0.0,0.0,0.0,0.0,0.0,0.0,0.0,0.0,0.04853031632726273,0.0,0.0,0.009706063265452546,0.009706063265452546,0.009706063265452546,per_group
182,0.012448410437240584,0.0,0.0,0.0,0.0,0.0,0.0,0.0,0.0,0.012448410437240584,0.0,0.0,0.002489682087448117,0.002489682087448117,0.002489682087448117,per_group
183,0.09789678270786219,0.25,0.25,0.0,0.0,0.0,0.0,0.0,0.0,0.09789678270786219,0.0,0.0,1.1445793565415725,1.1445793565415725,1.1445793565415725,per_group
184,0.06723906047794656,0.0,0.0,0.0,0.0,0.0,0.0,0.0,0.0,0.06723906047794656,0.0,0.0,0.013447812095589312,0.013447812095589312,0.013447812095589312,per_group
185,0.05166379944121707,0.0,0.0,0.0,0.0,0.0,0.0,0.0,0.0,0.05166379944121707,0.0,0.0,0.010332759888243415,0.010332759888243415,0.010332759888243415,per_group
186,0.07411351107031763,0.0,0.0,0.0,0.0,0.0,0.0,0.0,0.0,0.07411351107031763,0.0,0.0,0.014822702214063527,0.014822702214063527,0.014822702214063527,per_group
187,0.16945249606683996,0.0,0.0,0.5,0.5,0.16666666666666666,0.0,0.0,0.0,0.16945249606683996,0.0,0.0,2.1672238325467013,2.1672238325467013,2.1672238325467013,per_group
188,0.0,0.25,0.25,0.0,0.0,0.0,0.0,0.0,0.0,0.0,0.0,0.0,1.125,1.125,1.125,per_group
189,0.1929719547010819,0.25,0.25,0.3333333333333333,0.3333333333333333,0.16666666666666666,0.0,0.0,0.0,0.1929719547010819,0.0,0.0,2.630261057606883,2.630261057606883,2.630261057606883,per_group
19,0.3125318571308954,0.0,0.0,0.0,0.0,0.16666666666666666,0.0,0.0,0.0,0.3125318571308954,0.0,0.0,0.1958397047595124,0.1958397047595124,0.1958397047595124,per_group
190,0.021495344034512726,0.0,0.0,0.0,0.0,0.0,0.0,0.0,0.0,0.021495344034512726,0.0,0.0,0.004299068806902545,0.004299068806902545,0.004299068806902545,per_group
191,0.10189568734184584,0.25,0.25,0.0,0.0,0.0,0.0,0.0,0.0,0.10189568734184584,0.0,0.0,1.1453791374683693,1.1453791374683693,1.1453791374683693,per_group
192,0.14568455920933843,0.0,0.0,0.6666666666666666,0.6666666666666666,0.16666666666666666,0.0,0.0,0.0,0.14568455920933843,0.0,0.0,2.8291369118418674,2.8291369118418674,2.8291369118418674,per_group
193,0.038018627805240235,0.25,0.25,0.0,0.0,0.0,0.0,0.0,0.0,0.038018627805240235,0.0,0.0,1.1326037255610482,1.1326037255610482,1.1326037255610482,per_group
194,0.02949195073793706,0.0,0.0,0.0,0.0,0.0,0.0,0.0,0.0,0.02949195073793706,0.0,0.0,0.005898390147587413,0.005898390147587413,0.005898390147587413,per_group
195,0.06710267031976559,0.0,0.0,0.0,0.0,0.0,0.0,0.0,0.0,0.06710267031976559,0.0,0.0,0.013420534063953118,0.013420534063953118,0.013420534063953118,per_group
196,0.13260458380771192,0.0,0.0,1.0,1.0,0.16666666666666666,0.0,0.0,0.0,0.13260458380771192,0.0,0.0,4.1598542500948765,4.1598542500948765,4.1598542500948765,per_group
197,0.05217701583537904,0.0,0.0,0.0,0.0,0.0,0.0,0.0,0.0,0.05217701583537904,0.0,0.0,0.010435403167075807,0.010435403167075807,0.010435403167075807,per_group
198,0.09474505323611189,0.0,0.0,0.0,0.0,0.0,0.0,0.0,0.0,0.09474505323611189,0.0,0.0,0.01894901064722238,0.01894901064722238,0.01894901064722238,per_group
199,0.06936643093455021,0.0,0.0,0.0,0.0,0.0,0.0,0.0,0.0,0.06936643093455021,0.0,0.0,0.013873286186910042,0.013873286186910042,0.013873286186910042,per_group
2,0.8217661313630155,0.0,0.0,0.0,0.0,0.0,0.0,0.0,0.0,0.8217661313630155,0.0,0.0,0.1643532262726031,0.1643532262726031,0.1643532262726031,per_group
20,0.20160286458085133,0.0,0.0,0.0,0.0,0.0,0.0,0.0,0.0,0.20160286458085133,0.0,0.0,0.04032057291617027,0.04032057291617027,0.04032057291617027,per_group
200,0.0021328863701456325,0.25,0.25,0.0,0.0,0.0,0.0,0.0,0.0,0.0021328863701456325,0.0,0.0,1.125426577274029,1.125426577274029,1.125426577274029,per_group
201,0.05188985065216134,0.0,0.0,0.0,0.0,0.0,0.0,0.0,0.0,0.05188985065216134,0.0,0.0,0.01037797013043227,0.01037797013043227,0.01037797013043227,per_group
202,0.041615251776505574,0.25,0.25,0.0,0.0,0.0,0.0,0.0,0.0,0.041615251776505574,0.0,0.0,1.1333230503553011,1.1333230503553011,1.1333230503553011,per_group
203,0.09701515544837061,0.0,0.0,0.0,0.0,0.0,0.0,0.0,0.0,0.09701515544837061,0.0,0.0,0.019403031089674123,0.019403031089674123,0.019403031089674123,per_group
204,0.026662467549077955,0.25,0.25,0.0,0.0,0.0,0.0,0.0,0.0,0.026662467549077955,0.0,0.0,1.1303324935098156,1.1303324935098156,1.1303324935098156,per_group
205,0.0030273225898841227,0.0,0.0,0.0,0.0,0.0,0.0,0.0,0.0,0.0030273225898841227,0.0,0.0,0.0006054645179768246,0.0006054645179768246,0.0006054645179768246,per_group
206,0.06187418668048634,0.0,0.0,0.0,0.0,0.0,0.0,0.0,0.0,0.06187418668048634,0.0,0.0,0.012374837336097268,0.012374837336097268,0.012374837336097268,per_group
207,0.1018724971519902,0.0,0.0,0.0,0.0,0.0,0.0,0.0,0.0,0.1018724971519902,0.0,0.0,0.02037449943039804,0.02037449943039804,0.02037449943039804,per_group
208,0.030185118932362063,0.0,0.0,0.0,0.0,0.0,0.0,0.0,0.0,0.030185118932362063,0.0,0.0,0.006037023786472413,0.006037023786472413,0.006037023786472413,per_group
209,0.015241360166824149,0.0,0.0,0.0,0.0,0.0,0.0,0.0,0.0,0.015241360166824149,0.0,0.0,0.00304827203336483,0.00304827203336483,0.00304827203336483,per_group
21,0.5697748303040923,0.25,0.25,0.0,0.0,0.5,0.0,0.0,0.0,0.5697748303040923,0.0,0.0,1.6389549660608185,1.6389549660608185,1.6389549660608185,per_group
210,0.04041492961331838,0.0,0.0,0.0,0.0,0.0,0.0,0.0,0.0,0.04041492961331838,0.0,0.0,0.008082985922663675,0.008082985922663675,0.008082985922663675,per_group
211,0.07178020268136963,0.0,0.0,0.0,0.0,0.0,0.0,0.0,0.0,0.07178020268136963,0.0,0.0,0.014356040536273927,0.014356040536273927,0.014356040536273927,per_group
212,0.019608476936013756,0.0,0.0,0.0,0.0,0.0,0.0,0.0,0.0,0.019608476936013756,0.0,0.0,0.003921695387202751,0.003921695387202751,0.003921695387202751,per_group
213,0.011577521910818178,0.0,0.0,0.0,0.0,0.0,0.0,0.0,0.0,0.011577521910818178,0.0,0.0,0.0023155043821636357,0.0023155043821636357,0.0023155043821636357,per_group
214,0.013082292734511163,0.0,0.0,0.0,0.0,0.0,0.0,0.0,0.0,0.013082292734511163,0.0,0.0,0.0026164585469022326,0.0026164585469022326,0.0026164585469022326,per_group
215,0.014040767037633793,0.25,0.25,0.0,0.0,0.0,0.0,0.0,0.0,0.014040767037633793,0.0,0.0,1.1278081534075268,1.1278081534075268,1.1278081534075268,per_group
216,0.11288062963204733,0.0,0.0,0.0,0.0,0.0,0.0,0.0,0.0,0.11288062963204733,0.0,0.0,0.022576125926409465,0.022576125926409465,0.022576125926409465,per_group
217,0.04794958384375813,0.0,0.0,0.0,0.0,0.0,0.0,0.0,0.0,0.04794958384375813,0.0,0.0,0.009589916768751627,0.009589916768751627,0.009589916768751627,per_group
218,0.04560064162662086,0.5,0.5,0.0,0.0,0.0,0.0,0.0,0.0,0.04560064162662086,0.0,0.0,2.2591201283253244,2.2591201283253244,2.2591201283253244,per_group
219,0.03616850928967392,0.25,0.25,0.0,0.0,0.0,0.0,0.0,0.0,0.03616850928967392,0.0,0.0,1.1322337018579347,1.1322337018579347,1.1322337018579347,per_group
22,0.35012352109220213,0.25,0.25,0.0,0.0,0.3333333333333333,0.0,0.0,0.0,0.35012352109220213,0.0,0.0,1.4616913708851071,1.4616913708851071,1.4616913708851071,per_group
220,0.056033751404728695,0.0,0.0,0.0,0.0,0.0,0.0,0.0,0.0,0.056033751404728695,0.0,0.0,0.01120675028094574,0.01120675028094574,0.01120675028094574,per_group
221,0.07998824586161891,0.0,0.0,0.0,0.0,0.0,0.0,0.0,0.0,0.07998824586161891,0.0,0.0,0.015997649172323783,0.015997649172323783,0.015997649172323783,per_group
222,0.01547675672336924,0.25,0.25,0.0,0.0,0.0,0.0,0.0,0.0,0.01547675672336924,0.0,0.0,1.1280953513446739,1.1280953513446739,1.1280953513446739,per_group
223,1.0,0.5,0.5,1.0,1.0,1.0,0.0,0.0,0.0,1.0,0.0,0.0,7.25,7.25,7.25,per_group
224,0.25817616596163984,1.0,1.0,0.0,0.0,0.0,0.0,0.0,0.0,0.25817616596163984,0.0,0.0,4.551635233192328,4.551635233192328,4.551635233192328,per_group
225,0.16351155999827474,0.5,0.5,0.0,0.0,0.0,0.0,0.0,0.0,0.16351155999827474,0.0,0.0,2.282702311999655,2.282702311999655,2.282702311999655,per_group
226,0.3174228546740608,0.0,0.0,0.0,0.0,0.0,0.0,0.0,0.0,0.3174228546740608,0.0,0.0,0.06348457093481216,0.06348457093481216,0.06348457093481216,per_group
227,0.40025190085049855,0.5,0.5,0.45000000000000007,0.45000000000000007,0.25,0.0,0.0,0.0,0.40025190085049855,0.0,0.0,4.330050380170101,4.330050380170101,4.330050380170101,per_group
228,0.2218139608440172,0.0,0.0,0.0,0.0,0.0,0.0,0.0,0.0,0.2218139608440172,0.0,0.0,0.04436279216880344,0.04436279216880344,0.04436279216880344,per_group
229,0.2929682057967992,0.5,0.5,0.0,0.0,0.0,0.0,0.0,0.0,0.2929682057967992,0.0,0.0,2.30859364115936,2.30859364115936,2.30859364115936,per_group
23,0.3244434318661894,0.0,0.0,0.2857142857142857,0.2857142857142857,0.3333333333333333,0.0,0.0,0.0,0.3244434318661894,0.0,0.0,1.4744124958970473,1.4744124958970473,1.4744124958970473,per_group
230,0.17752253350240477,0.5,0.5,0.0,0.0,0.0,0.0,0.0,0.0,0.17752253350240477,0.0,0.0,2.285504506700481,2.285504506700481,2.285504506700481,per_group
231,0.35793352092235914,0.0,0.0,0.75,0.75,0.25,0.0,0.0,0.0,0.35793352092235914,0.0,0.0,3.271586704184472,3.271586704184472,3.271586704184472,per_group
232,0.07937931805912256,0.0,0.0,0.0,0.0,0.0,0.0,0.0,0.0,0.07937931805912256,0.0,0.0,0.01587586361182451,0.01587586361182451,0.01587586361182451,per_group
233,0.123430119618217,0.5,0.5,0.0,0.0,0.0,0.0,0.0,0.0,0.123430119618217,0.0,0.0,2.2746860239236435,2.2746860239236435,2.2746860239236435,per_group
234,0.09567484101038881,0.0,0.0,0.0,0.0,0.0,0.0,0.0,0.0,0.09567484101038881,0.0,0.0,0.019134968202077763,0.019134968202077763,0.019134968202077763,per_group
235,0.06759307685264467,0.5,0.5,0.0,0.0,0.0,0.0,0.0,0.0,0.06759307685264467,0.0,0.0,2.263518615370529,2.263518615370529,2.263518615370529,per_group
236,0.040018065668421365,0.0,0.0,0.0,0.0,0.0,0.0,0.0,0.0,0.040018065668421365,0.0,0.0,0.008003613133684273,0.008003613133684273,0.008003613133684273,per_group
237,0.0,0.5,0.5,0.0,0.0,0.0,0.0,0.0,0.0,0.0,0.0,0.0,2.25,2.25,2.25,per_group
238,1.0,0.6666666666666666,0.6666666666666666,0.9090909090909091,0.9090909090909091,1.0,0.0,0.0,0.0,1.0,0.0,0.0,7.636363636363637,7.636363636363637,7.636363636363637,per_group
239,0.2899106663305852,0.0,0.0,0.0,0.0,0.0,0.0,0.0,0.0,0.2899106663305852,0.0,0.0,0.05798213326611704,0.05798213326611704,0.05798213326611704,per_group
24,0.4659101725502624,0.0,0.0,0.2222222222222222,0.2222222222222222,0.5,0.0,0.0,0.0,0.4659101725502624,0.0,0.0,1.3820709233989412,1.3820709233989412,1.3820709233989412,per_group
240,0.0,0.3333333333333333,0.3333333333333333,0.0,0.0,0.0,0.0,0.0,0.0,0.0,0.0,0.0,1.5,1.5,1.5,per_group
241,0.3393700650885665,0.6666666666666666,0.6666666666666666,0.0,0.0,0.0,0.0,0.0,0.0,0.3393700650885665,0.0,0.0,3.0678740130177133,3.0678740130177133,3.0678740130177133,per_group
242,0.06955383122407767,0.0,0.0,0.0,0.0,0.0,0.0,0.0,0.0,0.06955383122407767,0.0,0.0,0.013910766244815534,0.013910766244815534,0.013910766244815534,per_group
243,0.3783905736881353,0.0,0.0,1.0,1.0,0.5,0.0,0.0,0.0,0.3783905736881353,0.0,0.0,4.475678114737628,4.475678114737628,4.475678114737628,per_group
244,0.06955383122407767,0.0,0.0,0.0,0.0,0.0,0.0,0.0,0.0,0.06955383122407767,0.0,0.0,0.013910766244815534,0.013910766244815534,0.013910766244815534,per_group
245,0.3998360496563383,0.0,0.0,0.4,0.4,0.25,0.0,0.0,0.0,0.3998360496563383,0.0,0.0,1.8799672099312676,1.8799672099312676,1.8799672099312676,per_group
246,0.14944716118184992,0.3333333333333333,0.3333333333333333,0.0,0.0,0.0,0.0,0.0,0.0,0.14944716118184992,0.0,0.0,1.52988943223637,1.52988943223637,1.52988943223637,per_group
247,0.06140864772473212,0.0,0.0,0.0,0.0,0.0,0.0,0.0,0.0,0.06140864772473212,0.0,0.0,0.012281729544946425,0.012281729544946425,0.012281729544946425,per_group
248,0.026403401837317125,0.0,0.0,0.0,0.0,0.0,0.0,0.0,0.0,0.026403401837317125,0.0,0.0,0.005280680367463425,0.005280680367463425,0.005280680367463425,per_group
249,0.13506431738089797,0.0,0.0,0.0,0.0,0.0,0.0,0.0,0.0,0.13506431738089797,0.0,0.0,0.027012863476179594,0.027012863476179594,0.027012863476179594,per_group
25,0.13796900746610535,0.0,0.0,0.0,0.0,0.0,0.0,0.0,0.0,0.13796900746610535,0.0,0.0,0.027593801493221073,0.027593801493221073,0.027593801493221073,per_group
250,0.01847649072187924,1.0,1.0,0.0,0.0,0.0,0.0,0.0,0.0,0.01847649072187924,0.0,0.0,4.503695298144375,4.503695298144375,4.503695298144375,per_group
251,0.1577916951936341,0.0,0.0,0.0,0.0,0.0,0.0,0.0,0.0,0.1577916951936341,0.0,0.0,0.03155833903872682,0.03155833903872682,0.03155833903872682,per_group
252,0.09236581311248546,0.6666666666666666,0.6666666666666666,0.0,0.0,0.0,0.0,0.0,0.0,0.09236581311248546,0.0,0.0,3.018473162622497,3.018473162622497,3.018473162622497,per_group
253,0.09236581311248546,0.0,0.0,0.0,0.0,0.0,0.0,0.0,0.0,0.09236581311248546,0.0,0.0,0.018473162622497093,0.018473162622497093,0.018473162622497093,per_group
254,0.06913832683197704,1.0,1.0,0.0,0.0,0.0,0.0,0.0,0.0,0.06913832683197704,0.0,0.0,4.513827665366396,4.513827665366396,4.513827665366396,per_group
255,0.1373953186130998,0.3333333333333333,0.3333333333333333,0.0,0.0,0.0,0.0,0.0,0.0,0.1373953186130998,0.0,0.0,1.5274790637226199,1.5274790637226199,1.5274790637226199,per_group
256,1.0,0.0,0.0,0.0,0.0,0.0,0.0,0.0,0.0,1.0,0.0,0.0,0.2,0.2,0.2,per_group
257,0.32043790193181065,0.0,0.0,0.0,0.0,0.0,0.0,0.0,0.0,0.32043790193181065,0.0,0.0,0.06408758038636213,0.06408758038636213,0.06408758038636213,per_group
258,0.43279693275365416,0.0,0.0,0.0,0.0,0.0,0.0,0.0,0.0,0.43279693275365416,0.0,0.0,0.08655938655073084,0.08655938655073084,0.08655938655073084,per_group
259,0.0,0.0,0.0,0.0,0.0,0.0,0.0,0.0,0.0,0.0,0.0,0.0,0.0,0.0,0.0,per_group
26,0.23776389592496772,0.0,0.0,0.0,0.0,0.3333333333333333,0.0,0.0,0.0,0.23776389592496772,0.0,0.0,0.31421944585166023,0.31421944585166023,0.31421944585166023,per_group
260,0.12274424369784155,0.0,0.0,0.0,0.0,0.0,0.0,0.0,0.0,0.12274424369784155,0.0,0.0,0.02454884873956831,0.02454884873956831,0.02454884873956831,per_group
261,1.0,0.0,0.0,1.0,1.0,1.0,0.0,0.0,0.0,1.0,0.0,0.0,5.0,5.0,5.0,per_group
262,0.0,1.0,1.0,0.0,0.0,0.0,0.0,0.0,0.0,0.0,0.0,0.0,4.5,4.5,4.5,per_group
263,0.5057130688702458,0.3333333333333333,0.3333333333333333,0.38461538461538464,0.38461538461538464,0.6666666666666666,0.0,0.0,0.0,0.5057130688702458,0.0,0.0,3.6729374855689207,3.6729374855689207,3.6729374855689207,per_group
264,0.4572320819869907,0.3333333333333333,0.3333333333333333,0.0,0.0,0.5,0.0,0.0,0.0,0.4572320819869907,0.0,0.0,1.9914464163973982,1.9914464163973982,1.9914464163973982,per_group
265,0.4805162457533532,0.0,0.0,0.0,0.0,0.5,0.0,0.0,0.0,0.4805162457533532,0.0,0.0,0.49610324915067067,0.49610324915067067,0.49610324915067067,per_group
266,0.27846992904520934,0.3333333333333333,0.3333333333333333,0.0,0.0,0.16666666666666666,0.0,0.0,0.0,0.27846992904520934,0.0,0.0,1.6890273191423752,1.6890273191423752,1.6890273191423752,per_group
267,0.33205738706750837,0.0,0.0,0.0,0.0,0.3333333333333333,0.0,0.0,0.0,0.33205738706750837,0.0,0.0,0.33307814408016834,0.33307814408016834,0.33307814408016834,per_group
268,0.2376119465687834,0.3333333333333333,0.3333333333333333,0.0,0.0,0.16666666666666666,0.0,0.0,0.0,0.2376119465687834,0.0,0.0,1.68085572264709,1.68085572264709,1.68085572264709,per_group
269,0.2494744730778607,0.0,0.0,0.0,0.0,0.16666666666666666,0.0,0.0,0.0,0.2494744730778607,0.0,0.0,0.18322822794890548,0.18322822794890548,0.18322822794890548,per_group
27,0.1568702649672794,0.25,0.25,0.0,0.0,0.0,0.0,0.0,0.0,0.1568702649672794,0.0,0.0,1.1563740529934559,1.1563740529934559,1.1563740529934559,per_group
270,0.16397540468337657,0.3333333333333333,0.3333333333333333,0.0,0.0,0.0,0.0,0.0,0.0,0.16397540468337657,0.0,0.0,1.5327950809366753,1.5327950809366753,1.5327950809366753,per_group
271,1.0,0.0,0.0,0.038461538461538464,0.038461538461538464,1.0,0.0,0.0,0.0,1.0,0.0,0.0,1.153846153846154,1.153846153846154,1.153846153846154,per_group
272,0.2172621022595261,0.3333333333333333,0.3333333333333333,0.0,0.0,0.3333333333333333,0.0,0.0,0.0,0.2172621022595261,0.0,0.0,1.8101190871185717,1.8101190871185717,1.8101190871185717,per_group
273,0.15862203014979032,0.0,0.0,0.0,0.0,0.0,0.0,0.0,0.0,0.15862203014979032,0.0,0.0,0.03172440602995807,0.03172440602995807,0.03172440602995807,per_group
274,0.2951310445992021,0.0,0.0,0.0,0.0,0.16666666666666666,0.0,0.0,0.0,0.2951310445992021,0.0,0.0,0.19235954225317375,0.19235954225317375,0.19235954225317375,per_group
275,0.2486853430718785,0.3333333333333333,0.3333333333333333,0.0,0.0,0.3333333333333333,0.0,0.0,0.0,0.2486853430718785,0.0,0.0,1.8164037352810423,1.8164037352810423,1.8164037352810423,per_group
276,0.22450877854292275,0.3333333333333333,0.3333333333333333,0.0,0.0,0.16666666666666666,0.0,0.0,0.0,0.22450877854292275,0.0,0.0,1.6782350890419178,1.6782350890419178,1.6782350890419178,per_group
277,0.0742819420166606,0.0,0.0,0.0,0.0,0.0,0.0,0.0,0.0,0.0742819420166606,0.0,0.0,0.01485638840333212,0.01485638840333212,0.01485638840333212,per_group
278,0.34185623760047595,0.3333333333333333,0.3333333333333333,0.0,0.0,0.16666666666666666,0.0,0.0,0.0,0.34185623760047595,0.0,0.0,1.7017045808534286,1.7017045808534286,1.7017045808534286,per_group
279,0.08894168895160297,0.0,0.0,0.0,0.0,0.0,0.0,0.0,0.0,0.08894168895160297,0.0,0.0,0.017788337790320595,0.017788337790320595,0.017788337790320595,per_group
28,0.09917634319521487,0.25,0.25,0.0,0.0,0.0,0.0,0.0,0.0,0.09917634319521487,0.0,0.0,1.144835268639043,1.144835268639043,1.144835268639043,per_group
280,0.2062275064355779,0.0,0.0,0.0,0.0,0.0,0.0,0.0,0.0,0.2062275064355779,0.0,0.0,0.041245501287115585,0.041245501287115585,0.041245501287115585,per_group
281,0.2291301650789658,0.3333333333333333,0.3333333333333333,0.0,0.0,0.0,0.0,0.0,0.0,0.2291301650789658,0.0,0.0,1.5458260330157931,1.5458260330157931,1.5458260330157931,per_group
282,0.29299834428259697,0.0,0.0,0.0,0.0,0.3333333333333333,0.0,0.0,0.0,0.29299834428259697,0.0,0.0,0.32526633552318607,0.32526633552318607,0.32526633552318607,per_group
283,0.04816491896482681,0.0,0.0,0.0,0.0,0.0,0.0,0.0,0.0,0.04816491896482681,0.0,0.0,0.009632983792965363,0.009632983792965363,0.009632983792965363,per_group
284,0.22613287821914504,0.0,0.0,0.0,0.0,0.16666666666666666,0.0,0.0,0.0,0.22613287821914504,0.0,0.0,0.17855990897716234,0.17855990897716234,0.17855990897716234,per_group
285,0.24240792465528013,0.0,0.0,0.14285714285714285,0.14285714285714285,0.3333333333333333,0.0,0.0,0.0,0.24240792465528013,0.0,0.0,0.886576823026294,0.886576823026294,0.886576823026294,per_group
286,0.07725840241953585,0.6666666666666666,0.6666666666666666,0.0,0.0,0.0,0.0,0.0,0.0,0.07725840241953585,0.0,0.0,3.015451680483907,3.015451680483907,3.015451680483907,per_group
287,0.4802660357268415,0.0,0.0,0.0,0.0,0.6666666666666666,0.0,0.0,0.0,0.4802660357268415,0.0,0.0,0.6293865404787016,0.6293865404787016,0.6293865404787016,per_group
288,0.026110509127799712,0.3333333333333333,0.3333333333333333,0.0,0.0,0.0,0.0,0.0,0.0,0.026110509127799712,0.0,0.0,1.50522210182556,1.50522210182556,1.50522210182556,per_group
289,0.14574967413704001,0.0,0.0,0.0,0.0,0.16666666666666666,0.0,0.0,0.0,0.14574967413704001,0.0,0.0,0.16248326816074132,0.16248326816074132,0.16248326816074132,per_group
29,0.1308010841232046,0.0,0.0,0.0,0.0,0.0,0.0,0.0,0.0,0.1308010841232046,0.0,0.0,0.02616021682464092,0.02616021682464092,0.02616021682464092,per_group
290,0.009951165610014225,0.0,0.0,0.0,0.0,0.0,0.0,0.0,0.0,0.009951165610014225,0.0,0.0,0.001990233122002845,0.001990233122002845,0.001990233122002845,per_group
291,0.15604284147961964,0.0,0.0,0.0,0.0,0.16666666666666666,0.0,0.0,0.0,0.15604284147961964,0.0,0.0,0.16454190162925725,0.16454190162925725,0.16454190162925725,per_group
292,0.12956791973462092,0.3333333333333333,0.3333333333333333,0.0,0.0,0.16666666666666666,0.0,0.0,0.0,0.12956791973462092,0.0,0.0,1.6592469172802575,1.6592469172802575,1.6592469172802575,per_group
293,0.22634949094239706,0.3333333333333333,0.3333333333333333,0.0,0.0,0.3333333333333333,0.0,0.0,0.0,0.22634949094239706,0.0,0.0,1.811936564855146,1.811936564855146,1.811936564855146,per_group
294,0.1171163807275342,0.3333333333333333,0.3333333333333333,0.0,0.0,0.16666666666666666,0.0,0.0,0.0,0.1171163807275342,0.0,0.0,1.6567566094788402,1.6567566094788402,1.6567566094788402,per_group
295,0.0926648389742985,0.3333333333333333,0.3333333333333333,0.0,0.0,0.0,0.0,0.0,0.0,0.0926648389742985,0.0,0.0,1.5185329677948598,1.5185329677948598,1.5185329677948598,per_group
296,0.10073482982563789,0.0,0.0,0.0,0.0,0.16666666666666666,0.0,0.0,0.0,0.10073482982563789,0.0,0.0,0.1534802992984609,0.1534802992984609,0.1534802992984609,per_group
297,0.25127621845968506,0.3333333333333333,0.3333333333333333,0.0,0.0,0.16666666666666666,0.0,0.0,0.0,0.25127621845968506,0.0,0.0,1.6835885770252703,1.6835885770252703,1.6835885770252703,per_group
298,0.3912085728693995,0.0,0.0,0.0,0.0,0.3333333333333333,0.0,0.0,0.0,0.3912085728693995,0.0,0.0,0.34490838124054657,0.34490838124054657,0.34490838124054657,per_group
299,0.17010260846493047,0.0,0.0,0.0,0.0,0.16666666666666666,0.0,0.0,0.0,0.17010260846493047,0.0,0.0,0.16735385502631944,0.16735385502631944,0.16735385502631944,per_group
3,0.21231825466069815,0.0,0.0,0.0,0.0,0.0,0.0,0.0,0.0,0.21231825466069815,0.0,0.0,0.042463650932139635,0.042463650932139635,0.042463650932139635,per_group
30,0.28444485728458074,0.25,0.25,0.0,0.0,0.16666666666666666,0.0,0.0,0.0,0.28444485728458074,0.0,0.0,1.3152223047902494,1.3152223047902494,1.3152223047902494,per_group
300,0.231808874916615,0.3333333333333333,0.3333333333333333,0.0,0.0,0.16666666666666666,0.0,0.0,0.0,0.231808874916615,0.0,0.0,1.6796951083166562,1.6796951083166562,1.6796951083166562,per_group
301,0.20884447207515147,0.0,0.0,0.0,0.0,0.0,0.0,0.0,0.0,0.20884447207515147,0.0,0.0,0.041768894415030296,0.041768894415030296,0.041768894415030296,per_group
302,0.10240529720778797,0.6666666666666666,0.6666666666666666,0.0,0.0,0.16666666666666666,0.0,0.0,0.0,0.10240529720778797,0.0,0.0,3.153814392774891,3.153814392774891,3.153814392774891,per_group
303,0.35432732144382356,0.0,0.0,0.09090909090909091,0.09090909090909091,0.3333333333333333,0.0,0.0,0.0,0.35432732144382356,0.0,0.0,0.7011684945917951,0.7011684945917951,0.7011684945917951,per_group
304,0.044865107295161695,0.0,0.0,0.0,0.0,0.0,0.0,0.0,0.0,0.044865107295161695,0.0,0.0,0.00897302145903234,0.00897302145903234,0.00897302145903234,per_group
305,0.04506811831668497,0.0,0.0,0.0,0.0,0.0,0.0,0.0,0.0,0.04506811831668497,0.0,0.0,0.009013623663336993,0.009013623663336993,0.009013623663336993,per_group
306,0.11582030527162206,0.0,0.0,0.0,0.0,0.16666666666666666,0.0,0.0,0.0,0.11582030527162206,0.0,0.0,0.15649739438765775,0.15649739438765775,0.15649739438765775,per_group
307,0.06689050118278891,0.3333333333333333,0.3333333333333333,0.0,0.0,0.0,0.0,0.0,0.0,0.06689050118278891,0.0,0.0,1.5133781002365578,1.5133781002365578,1.5133781002365578,per_group
308,0.1956612299736153,0.0,0.0,0.0,0.0,0.0,0.0,0.0,0.0,0.1956612299736153,0.0,0.0,0.039132245994723064,0.039132245994723064,0.039132245994723064,per_group
309,0.15861278108112953,0.6666666666666666,0.6666666666666666,0.0,0.0,0.0,0.0,0.0,0.0,0.15861278108112953,0.0,0.0,3.0317225562162258,3.0317225562162258,3.0317225562162258,per_group
31,0.060851131958118934,0.25,0.25,0.0,0.0,0.0,0.0,0.0,0.0,0.060851131958118934,0.0,0.0,1.1371702263916237,1.1371702263916237,1.1371702263916237,per_group
310,0.17597921027915164,0.0,0.0,0.0,0.0,0.0,0.0,0.0,0.0,0.17597921027915164,0.0,0.0,0.03519584205583033,0.03519584205583033,0.03519584205583033,per_group
311,0.020317857497246284,0.3333333333333333,0.3333333333333333,0.0,0.0,0.0,0.0,0.0,0.0,0.020317857497246284,0.0,0.0,1.5040635714994492,1.5040635714994492,1.5040635714994492,per_group
312,0.34223922795563955,0.3333333333333333,0.3333333333333333,0.0,0.0,0.3333333333333333,0.0,0.0,0.0,0.34223922795563955,0.0,0.0,1.8351145122577945,1.8351145122577945,1.8351145122577945,per_group
313,0.21175353500549612,0.3333333333333333,0.3333333333333333,0.0,0.0,0.0,0.0,0.0,0.0,0.21175353500549612,0.0,0.0,1.5423507070010993,1.5423507070010993,1.5423507070010993,per_group
314,0.09853069588654961,0.0,0.0,0.0,0.0,0.16666666666666666,0.0,0.0,0.0,0.09853069588654961,0.0,0.0,0.15303947251064326,0.15303947251064326,0.15303947251064326,per_group
315,0.1352320357088262,0.6666666666666666,0.6666666666666666,0.0,0.0,0.0,0.0,0.0,0.0,0.1352320357088262,0.0,0.0,3.027046407141765,3.027046407141765,3.027046407141765,per_group
316,0.06934232756275145,0.0,0.0,0.0,0.0,0.0,0.0,0.0,0.0,0.06934232756275145,0.0,0.0,0.01386846551255029,0.01386846551255029,0.01386846551255029,per_group
317,0.24809133604010944,0.6666666666666666,0.6666666666666666,0.0,0.0,0.16666666666666666,0.0,0.0,0.0,0.24809133604010944,0.0,0.0,3.1829516005413554,3.1829516005413554,3.1829516005413554,per_group
318,0.06153515734744596,0.0,0.0,0.0,0.0,0.0,0.0,0.0,0.0,0.06153515734744596,0.0,0.0,0.012307031469489194,0.012307031469489194,0.012307031469489194,per_group
319,0.049173593403629326,0.6666666666666666,0.6666666666666666,0.0,0.0,0.0,0.0,0.0,0.0,0.049173593403629326,0.0,0.0,3.0098347186807257,3.0098347186807257,3.0098347186807257,per_group
32,0.23192773597006516,0.25,0.25,0.0,0.0,0.16666666666666666,0.0,0.0,0.0,0.23192773597006516,0.0,0.0,1.3047188805273464,1.3047188805273464,1.3047188805273464,per_group
320,0.11264072343775552,0.0,0.0,0.0,0.0,0.0,0.0,0.0,0.0,0.11264072343775552,0.0,0.0,0.022528144687551106,0.022528144687551106,0.022528144687551106,per_group
321,0.08845248993520542,0.3333333333333333,0.3333333333333333,0.0,0.0,0.0,0.0,0.0,0.0,0.08845248993520542,0.0,0.0,1.5176904979870411,1.5176904979870411,1.5176904979870411,per_group
322,0.05783579401757685,0.0,0.0,0.0,0.0,0.0,0.0,0.0,0.0,0.05783579401757685,0.0,0.0,0.011567158803515372,0.011567158803515372,0.011567158803515372,per_group
323,0.054304868249434576,0.0,0.0,0.0,0.0,0.0,0.0,0.0,0.0,0.054304868249434576,0.0,0.0,0.010860973649886916,0.010860973649886916,0.010860973649886916,per_group
324,0.02082044455398496,0.0,0.0,0.0,0.0,0.0,0.0,0.0,0.0,0.02082044455398496,0.0,0.0,0.004164088910796992,0.004164088910796992,0.004164088910796992,per_group
325,0.10065417331899511,0.3333333333333333,0.3333333333333333,0.0,0.0,0.0,0.0,0.0,0.0,0.10065417331899511,0.0,0.0,1.520130834663799,1.520130834663799,1.520130834663799,per_group
326,0.2179678039782528,0.0,0.0,0.0,0.0,0.16666666666666666,0.0,0.0,0.0,0.2179678039782528,0.0,0.0,0.17692689412898388,0.17692689412898388,0.17692689412898388,per_group
327,0.2886788331292737,0.3333333333333333,0.3333333333333333,0.0,0.0,0.3333333333333333,0.0,0.0,0.0,0.2886788331292737,0.0,0.0,1.8244024332925213,1.8244024332925213,1.8244024332925213,per_group
328,0.010848170684470602,0.0,0.0,0.0,0.0,0.0,0.0,0.0,0.0,0.010848170684470602,0.0,0.0,0.0021696341368941208,0.0021696341368941208,0.0021696341368941208,per_group
329,0.020690763205607216,0.3333333333333333,0.3333333333333333,0.0,0.0,0.0,0.0,0.0,0.0,0.020690763205607216,0.0,0.0,1.5041381526411215,1.5041381526411215,1.5041381526411215,per_group
33,0.6094048135587334,0.25,0.25,0.2,0.2,0.8333333333333334,0.0,0.0,0.0,0.6094048135587334,0.0,0.0,2.7135476293784135,2.7135476293784135,2.7135476293784135,per_group
330,0.1580605278940421,0.0,0.0,0.0,0.0,0.0,0.0,0.0,0.0,0.1580605278940421,0.0,0.0,0.03161210557880842,0.03161210557880842,0.03161210557880842,per_group
331,0.21757612162936885,0.0,0.0,0.0,0.0,0.16666666666666666,0.0,0.0,0.0,0.21757612162936885,0.0,0.0,0.1768485576592071,0.1768485576592071,0.1768485576592071,per_group
332,0.16550363391712147,0.3333333333333333,0.3333333333333333,0.0,0.0,0.3333333333333333,0.0,0.0,0.0,0.16550363391712147,0.0,0.0,1.7997673934500908,1.7997673934500908,1.7997673934500908,per_group
333,0.0053393052488905374,0.0,0.0,0.0,0.0,0.0,0.0,0.0,0.0,0.0053393052488905374,0.0,0.0,0.0010678610497781074,0.0010678610497781074,0.0010678610497781074,per_group
334,0.1085778082730409,0.6666666666666666,0.6666666666666666,0.0,0.0,0.0,0.0,0.0,0.0,0.1085778082730409,0.0,0.0,3.021715561654608,3.021715561654608,3.021715561654608,per_group
335,0.08011502549994372,0.0,0.0,0.0,0.0,0.16666666666666666,0.0,0.0,0.0,0.08011502549994372,0.0,0.0,0.14935633843332208,0.14935633843332208,0.14935633843332208,per_group
336,0.023120385572156593,0.0,0.0,0.0,0.0,0.0,0.0,0.0,0.0,0.023120385572156593,0.0,0.0,0.0046240771144313185,0.0046240771144313185,0.0046240771144313185,per_group
337,0.020265201593828313,0.3333333333333333,0.3333333333333333,0.0,0.0,0.0,0.0,0.0,0.0,0.020265201593828313,0.0,0.0,1.5040530403187657,1.5040530403187657,1.5040530403187657,per_group
338,0.11694867329050757,0.0,0.0,0.0,0.0,0.0,0.0,0.0,0.0,0.11694867329050757,0.0,0.0,0.023389734658101513,0.023389734658101513,0.023389734658101513,per_group
339,0.1290219675454942,0.3333333333333333,0.3333333333333333,0.0,0.0,0.0,0.0,0.0,0.0,0.1290219675454942,0.0,0.0,1.5258043935090988,1.5258043935090988,1.5258043935090988,per_group
34,0.33677611617215814,0.25,0.25,0.0,0.0,0.16666666666666666,0.0,0.0,0.0,0.33677611617215814,0.0,0.0,1.325688556567765,1.325688556567765,1.325688556567765,per_group
340,0.18440718659305214,0.0,0.0,0.0,0.0,0.16666666666666666,0.0,0.0,0.0,0.18440718659305214,0.0,0.0,0.17021477065194376,0.17021477065194376,0.17021477065194376,per_group
341,0.09590626800253838,0.0,0.0,0.0,0.0,0.16666666666666666,0.0,0.0,0.0,0.09590626800253838,0.0,0.0,0.152514586933841,0.152514586933841,0.152514586933841,per_group
342,0.031014922490588456,0.3333333333333333,0.3333333333333333,0.0,0.0,0.0,0.0,0.0,0.0,0.031014922490588456,0.0,0.0,1.5062029844981177,1.5062029844981177,1.5062029844981177,per_group
343,0.1313659393319392,0.0,0.0,0.0,0.0,0.16666666666666666,0.0,0.0,0.0,0.1313659393319392,0.0,0.0,0.15960652119972119,0.15960652119972119,0.15960652119972119,per_group
344,0.1107952243187422,0.6666666666666666,0.6666666666666666,0.0,0.0,0.0,0.0,0.0,0.0,0.1107952243187422,0.0,0.0,3.0221590448637485,3.0221590448637485,3.0221590448637485,per_group
345,0.00998072306747589,0.6666666666666666,0.6666666666666666,0.0,0.0,0.0,0.0,0.0,0.0,0.00998072306747589,0.0,0.0,3.001996144613495,3.001996144613495,3.001996144613495,per_group
346,0.03787263380202008,0.0,0.0,0.0,0.0,0.0,0.0,0.0,0.0,0.03787263380202008,0.0,0.0,0.007574526760404016,0.007574526760404016,0.007574526760404016,per_group
347,0.14958071044495808,0.0,0.0,0.0,0.0,0.0,0.0,0.0,0.0,0.14958071044495808,0.0,0.0,0.029916142088991616,0.029916142088991616,0.029916142088991616,per_group
348,0.05081116480113899,0.3333333333333333,0.3333333333333333,0.0,0.0,0.0,0.0,0.0,0.0,0.05081116480113899,0.0,0.0,1.5101622329602278,1.5101622329602278,1.5101622329602278,per_group
349,0.10598650538629133,0.0,0.0,0.0,0.0,0.0,0.0,0.0,0.0,0.10598650538629133,0.0,0.0,0.021197301077258267,0.021197301077258267,0.021197301077258267,per_group
35,0.3662696487845254,0.0,0.0,0.0,0.0,0.16666666666666666,0.0,0.0,0.0,0.3662696487845254,0.0,0.0,0.2065872630902384,0.2065872630902384,0.2065872630902384,per_group
350,0.27974184383800105,0.0,0.0,0.14285714285714285,0.14285714285714285,0.3333333333333333,0.0,0.0,0.0,0.27974184383800105,0.0,0.0,0.8940436068628382,0.8940436068628382,0.8940436068628382,per_group
351,0.07805784350171513,0.0,0.0,0.0,0.0,0.0,0.0,0.0,0.0,0.07805784350171513,0.0,0.0,0.015611568700343026,0.015611568700343026,0.015611568700343026,per_group
352,0.019651252398195658,0.3333333333333333,0.3333333333333333,0.0,0.0,0.0,0.0,0.0,0.0,0.019651252398195658,0.0,0.0,1.5039302504796392,1.5039302504796392,1.5039302504796392,per_group
353,0.04970066859280457,0.0,0.0,0.0,0.0,0.0,0.0,0.0,0.0,0.04970066859280457,0.0,0.0,0.009940133718560916,0.009940133718560916,0.009940133718560916,per_group
354,0.07187496979492089,0.0,0.0,0.0,0.0,0.0,0.0,0.0,0.0,0.07187496979492089,0.0,0.0,0.01437499395898418,0.01437499395898418,0.01437499395898418,per_group
355,0.11261174846388089,0.0,0.0,0.0,0.0,0.16666666666666666,0.0,0.0,0.0,0.11261174846388089,0.0,0.0,0.15585568302610953,0.15585568302610953,0.15585568302610953,per_group
356,0.04084558742341469,0.3333333333333333,0.3333333333333333,0.0,0.0,0.0,0.0,0.0,0.0,0.04084558742341469,0.0,0.0,1.508169117484683,1.508169117484683,1.508169117484683,per_group
357,0.09605061014265792,0.0,0.0,0.0,0.0,0.0,0.0,0.0,0.0,0.09605061014265792,0.0,0.0,0.019210122028531586,0.019210122028531586,0.019210122028531586,per_group
358,0.03007532580543915,0.0,0.0,0.0,0.0,0.0,0.0,0.0,0.0,0.03007532580543915,0.0,0.0,0.006015065161087831,0.006015065161087831,0.006015065161087831,per_group
359,0.043765531109713526,0.3333333333333333,0.3333333333333333,0.0,0.0,0.0,0.0,0.0,0.0,0.043765531109713526,0.0,0.0,1.5087531062219428,1.5087531062219428,1.5087531062219428,per_group
36,0.3028871777754889,0.0,0.0,0.2,0.2,0.16666666666666666,0.0,0.0,0.0,0.3028871777754889,0.0,0.0,0.9939107688884311,0.9939107688884311,0.9939107688884311,per_group
360,0.07070004003813694,0.0,0.0,0.0,0.0,0.0,0.0,0.0,0.0,0.07070004003813694,0.0,0.0,0.014140008007627389,0.014140008007627389,0.014140008007627389,per_group
361,0.061538093085424676,0.0,0.0,0.0,0.0,0.0,0.0,0.0,0.0,0.061538093085424676,0.0,0.0,0.012307618617084936,0.012307618617084936,0.012307618617084936,per_group
362,0.0805842719284916,0.3333333333333333,0.3333333333333333,0.0,0.0,0.0,0.0,0.0,0.0,0.0805842719284916,0.0,0.0,1.5161168543856984,1.5161168543856984,1.5161168543856984,per_group
363,0.010671205901289909,0.0,0.0,0.0,0.0,0.0,0.0,0.0,0.0,0.010671205901289909,0.0,0.0,0.002134241180257982,0.002134241180257982,0.002134241180257982,per_group
364,0.07075786848000226,0.0,0.0,0.0,0.0,0.0,0.0,0.0,0.0,0.07075786848000226,0.0,0.0,0.014151573696000452,0.014151573696000452,0.014151573696000452,per_group
365,0.008387031561316077,0.0,0.0,0.0,0.0,0.0,0.0,0.0,0.0,0.008387031561316077,0.0,0.0,0.0016774063122632155,0.0016774063122632155,0.0016774063122632155,per_group
366,0.049767012290826244,0.3333333333333333,0.3333333333333333,0.0,0.0,0.0,0.0,0.0,0.0,0.049767012290826244,0.0,0.0,1.5099534024581653,1.5099534024581653,1.5099534024581653,per_group
367,0.045762576045377944,0.0,0.0,0.0,0.0,0.0,0.0,0.0,0.0,0.045762576045377944,0.0,0.0,0.009152515209075588,0.009152515209075588,0.009152515209075588,per_group
368,0.06707780409051296,0.0,0.0,0.0,0.0,0.0,0.0,0.0,0.0,0.06707780409051296,0.0,0.0,0.013415560818102593,0.013415560818102593,0.013415560818102593,per_group
369,0.07427321471401638,0.0,0.0,0.0,0.0,0.0,0.0,0.0,0.0,0.07427321471401638,0.0,0.0,0.014854642942803276,0.014854642942803276,0.014854642942803276,per_group
37,0.4443907659652368,0.0,0.0,0.2222222222222222,0.2222222222222222,0.5,0.0,0.0,0.0,0.4443907659652368,0.0,0.0,1.3777670420819361,1.3777670420819361,1.3777670420819361,per_group
370,0.01927926433358855,0.0,0.0,0.0,0.0,0.0,0.0,0.0,0.0,0.01927926433358855,0.0,0.0,0.00385585286671771,0.00385585286671771,0.00385585286671771,per_group
371,0.15940494642604278,0.3333333333333333,0.3333333333333333,0.0,0.0,0.16666666666666666,0.0,0.0,0.0,0.15940494642604278,0.0,0.0,1.6652143226185419,1.6652143226185419,1.6652143226185419,per_group
372,0.10393703922687415,0.6666666666666666,0.6666666666666666,0.0,0.0,0.0,0.0,0.0,0.0,0.10393703922687415,0.0,0.0,3.0207874078453747,3.0207874078453747,3.0207874078453747,per_group
373,0.04506811831668497,0.6666666666666666,0.6666666666666666,0.0,0.0,0.0,0.0,0.0,0.0,0.04506811831668497,0.0,0.0,3.009013623663337,3.009013623663337,3.009013623663337,per_group
374,0.037667719736180064,0.3333333333333333,0.3333333333333333,0.0,0.0,0.0,0.0,0.0,0.0,0.037667719736180064,0.0,0.0,1.507533543947236,1.507533543947236,1.507533543947236,per_group
375,0.046092615701843635,0.0,0.0,0.0,0.0,0.0,0.0,0.0,0.0,0.046092615701843635,0.0,0.0,0.009218523140368728,0.009218523140368728,0.009218523140368728,per_group
376,0.13691119919526099,0.3333333333333333,0.3333333333333333,0.0,0.0,0.16666666666666666,0.0,0.0,0.0,0.13691119919526099,0.0,0.0,1.6607155731723855,1.6607155731723855,1.6607155731723855,per_group
377,0.07478288688938216,0.3333333333333333,0.3333333333333333,0.0,0.0,0.0,0.0,0.0,0.0,0.07478288688938216,0.0,0.0,1.5149565773778764,1.5149565773778764,1.5149565773778764,per_group
378,0.0694972659206671,0.0,0.0,0.0,0.0,0.0,0.0,0.0,0.0,0.0694972659206671,0.0,0.0,0.013899453184133421,0.013899453184133421,0.013899453184133421,per_group
379,0.05129392004347803,0.0,0.0,0.0,0.0,0.0,0.0,0.0,0.0,0.05129392004347803,0.0,0.0,0.010258784008695607,0.010258784008695607,0.010258784008695607,per_group
38,0.3588686513295664,0.0,0.0,0.0,0.0,0.16666666666666666,0.0,0.0,0.0,0.3588686513295664,0.0,0.0,0.20510706359924663,0.20510706359924663,0.20510706359924663,per_group
380,0.15100570927054674,0.0,0.0,0.0,0.0,0.0,0.0,0.0,0.0,0.15100570927054674,0.0,0.0,0.03020114185410935,0.03020114185410935,0.03020114185410935,per_group
381,0.009739562120985918,0.0,0.0,0.0,0.0,0.0,0.0,0.0,0.0,0.009739562120985918,0.0,0.0,0.0019479124241971837,0.0019479124241971837,0.0019479124241971837,per_group
382,0.03504875253117904,0.3333333333333333,0.3333333333333333,0.0,0.0,0.0,0.0,0.0,0.0,0.03504875253117904,0.0,0.0,1.5070097505062359,1.5070097505062359,1.5070097505062359,per_group
383,0.040479347302088624,0.6666666666666666,0.6666666666666666,0.0,0.0,0.0,0.0,0.0,0.0,0.040479347302088624,0.0,0.0,3.008095869460418,3.008095869460418,3.008095869460418,per_group
384,0.039125379795125585,1.0,1.0,0.0,0.0,0.0,0.0,0.0,0.0,0.039125379795125585,0.0,0.0,4.507825075959025,4.507825075959025,4.507825075959025,per_group
385,0.10508546397424817,0.3333333333333333,0.3333333333333333,0.0,0.0,0.16666666666666666,0.0,0.0,0.0,0.10508546397424817,0.0,0.0,1.654350426128183,1.654350426128183,1.654350426128183,per_group
386,0.0558858179571419,0.0,0.0,0.0,0.0,0.0,0.0,0.0,0.0,0.0558858179571419,0.0,0.0,0.01117716359142838,0.01117716359142838,0.01117716359142838,per_group
387,0.009413966977931879,0.0,0.0,0.0,0.0,0.0,0.0,0.0,0.0,0.009413966977931879,0.0,0.0,0.001882793395586376,0.001882793395586376,0.001882793395586376,per_group
388,0.00758102143133564,0.0,0.0,0.0,0.0,0.0,0.0,0.0,0.0,0.00758102143133564,0.0,0.0,0.0015162042862671282,0.0015162042862671282,0.0015162042862671282,per_group
389,0.02842520205207366,0.0,0.0,0.0,0.0,0.0,0.0,0.0,0.0,0.02842520205207366,0.0,0.0,0.005685040410414732,0.005685040410414732,0.005685040410414732,per_group
39,0.3605232814494386,0.0,0.0,0.0,0.0,0.16666666666666666,0.0,0.0,0.0,0.3605232814494386,0.0,0.0,0.20543798962322107,0.20543798962322107,0.20543798962322107,per_group
390,0.045065824912386435,0.3333333333333333,0.3333333333333333,0.0,0.0,0.0,0.0,0.0,0.0,0.045065824912386435,0.0,0.0,1.5090131649824774,1.5090131649824774,1.5090131649824774,per_group
391,0.15254259058998018,0.0,0.0,0.0,0.0,0.3333333333333333,0.0,0.0,0.0,0.15254259058998018,0.0,0.0,0.2971751847846627,0.2971751847846627,0.2971751847846627,per_group
392,0.09194788312997566,0.0,0.0,0.0,0.0,0.0,0.0,0.0,0.0,0.09194788312997566,0.0,0.0,0.018389576625995132,0.018389576625995132,0.018389576625995132,per_group
393,0.17273397120519676,0.3333333333333333,0.3333333333333333,0.16666666666666666,0.16666666666666666,0.16666666666666666,0.0,0.0,0.0,0.17273397120519676,0.0,0.0,2.334546794241039,2.334546794241039,2.334546794241039,per_group
394,0.04411737648851011,0.0,0.0,0.0,0.0,0.0,0.0,0.0,0.0,0.04411737648851011,0.0,0.0,0.008823475297702022,0.008823475297702022,0.008823475297702022,per_group
395,0.03505775017877825,0.0,0.0,0.0,0.0,0.0,0.0,0.0,0.0,0.03505775017877825,0.0,0.0,0.00701155003575565,0.00701155003575565,0.00701155003575565,per_group
396,0.021811421843121553,0.3333333333333333,0.3333333333333333,0.0,0.0,0.0,0.0,0.0,0.0,0.021811421843121553,0.0,0.0,1.5043622843686244,1.5043622843686244,1.5043622843686244,per_group
397,0.08692438123936477,0.0,0.0,0.0,0.0,0.0,0.0,0.0,0.0,0.08692438123936477,0.0,0.0,0.017384876247872955,0.017384876247872955,0.017384876247872955,per_group
398,0.02192905311746965,0.0,0.0,0.0,0.0,0.0,0.0,0.0,0.0,0.02192905311746965,0.0,0.0,0.00438581062349393,0.00438581062349393,0.00438581062349393,per_group
399,0.049767012290826244,0.0,0.0,0.0,0.0,0.0,0.0,0.0,0.0,0.049767012290826244,0.0,0.0,0.009953402458165249,0.009953402458165249,0.009953402458165249,per_group
4,0.0,0.0,0.0,0.0,0.0,0.0,0.0,0.0,0.0,0.0,0.0,0.0,0.0,0.0,0.0,per_group
40,0.47937023996430306,0.25,0.25,0.0,0.0,0.5,0.0,0.0,0.0,0.47937023996430306,0.0,0.0,1.6208740479928605,1.6208740479928605,1.6208740479928605,per_group
400,0.11773573443247215,0.0,0.0,0.0,0.0,0.0,0.0,0.0,0.0,0.11773573443247215,0.0,0.0,0.02354714688649443,0.02354714688649443,0.02354714688649443,per_group
401,0.03516540704192739,0.0,0.0,0.0,0.0,0.0,0.0,0.0,0.0,0.03516540704192739,0.0,0.0,0.007033081408385478,0.007033081408385478,0.007033081408385478,per_group
402,0.019651252398195658,0.0,0.0,0.0,0.0,0.0,0.0,0.0,0.0,0.019651252398195658,0.0,0.0,0.003930250479639132,0.003930250479639132,0.003930250479639132,per_group
403,0.14179779534576697,1.0,1.0,0.0,0.0,0.16666666666666666,0.0,0.0,0.0,0.14179779534576697,0.0,0.0,4.661692892402487,4.661692892402487,4.661692892402487,per_group
404,0.018670806885445347,0.3333333333333333,0.3333333333333333,0.0,0.0,0.0,0.0,0.0,0.0,0.018670806885445347,0.0,0.0,1.5037341613770892,1.5037341613770892,1.5037341613770892,per_group
405,0.12097305196851411,0.3333333333333333,0.3333333333333333,0.0,0.0,0.0,0.0,0.0,0.0,0.12097305196851411,0.0,0.0,1.5241946103937027,1.5241946103937027,1.5241946103937027,per_group
406,0.0698086679893004,0.0,0.0,0.0,0.0,0.0,0.0,0.0,0.0,0.0698086679893004,0.0,0.0,0.01396173359786008,0.01396173359786008,0.01396173359786008,per_group
407,0.02831040193410516,0.3333333333333333,0.3333333333333333,0.0,0.0,0.0,0.0,0.0,0.0,0.02831040193410516,0.0,0.0,1.505662080386821,1.505662080386821,1.505662080386821,per_group
408,0.011229797914262438,0.0,0.0,0.0,0.0,0.0,0.0,0.0,0.0,0.011229797914262438,0.0,0.0,0.0022459595828524877,0.0022459595828524877,0.0022459595828524877,per_group
409,0.0811817961513411,0.0,0.0,0.0,0.0,0.16666666666666666,0.0,0.0,0.0,0.0811817961513411,0.0,0.0,0.14956969256360156,0.14956969256360156,0.14956969256360156,per_group
41,0.1486232824481029,0.0,0.0,0.0,0.0,0.16666666666666666,0.0,0.0,0.0,0.1486232824481029,0.0,0.0,0.1630579898229539,0.1630579898229539,0.1630579898229539,per_group
410,0.031591206016683276,0.0,0.0,0.0,0.0,0.0,0.0,0.0,0.0,0.031591206016683276,0.0,0.0,0.006318241203336655,0.006318241203336655,0.006318241203336655,per_group
411,0.18519944186623108,0.0,0.0,0.0,0.0,0.3333333333333333,0.0,0.0,0.0,0.18519944186623108,0.0,0.0,0.3037065550399129,0.3037065550399129,0.3037065550399129,per_group
412,0.0811057287479956,0.0,0.0,0.0,0.0,0.0,0.0,0.0,0.0,0.0811057287479956,0.0,0.0,0.01622114574959912,0.01622114574959912,0.01622114574959912,per_group
413,0.03551050488591358,0.0,0.0,0.0,0.0,0.0,0.0,0.0,0.0,0.03551050488591358,0.0,0.0,0.007102100977182716,0.007102100977182716,0.007102100977182716,per_group
414,0.05483013901889969,0.0,0.0,0.0,0.0,0.0,0.0,0.0,0.0,0.05483013901889969,0.0,0.0,0.010966027803779938,0.010966027803779938,0.010966027803779938,per_group
415,0.05803959080361008,0.0,0.0,0.0,0.0,0.0,0.0,0.0,0.0,0.05803959080361008,0.0,0.0,0.011607918160722017,0.011607918160722017,0.011607918160722017,per_group
416,0.010848170684470602,0.0,0.0,0.0,0.0,0.0,0.0,0.0,0.0,0.010848170684470602,0.0,0.0,0.0021696341368941208,0.0021696341368941208,0.0021696341368941208,per_group
417,0.01153173315029107,0.0,0.0,0.0,0.0,0.0,0.0,0.0,0.0,0.01153173315029107,0.0,0.0,0.0023063466300582143,0.0023063466300582143,0.0023063466300582143,per_group
418,0.023626750855698608,0.0,0.0,0.0,0.0,0.0,0.0,0.0,0.0,0.023626750855698608,0.0,0.0,0.004725350171139722,0.004725350171139722,0.004725350171139722,per_group
419,0.0038410582607253233,0.0,0.0,0.0,0.0,0.0,0.0,0.0,0.0,0.0038410582607253233,0.0,0.0,0.0007682116521450647,0.0007682116521450647,0.0007682116521450647,per_group
42,0.08364671664897196,0.0,0.0,0.0,0.0,0.0,0.0,0.0,0.0,0.08364671664897196,0.0,0.0,0.01672934332979439,0.01672934332979439,0.01672934332979439,per_group
420,0.06233524464903569,0.3333333333333333,0.3333333333333333,0.0,0.0,0.0,0.0,0.0,0.0,0.06233524464903569,0.0,0.0,1.512467048929807,1.512467048929807,1.512467048929807,per_group
421,0.06874650789820955,0.0,0.0,0.0,0.0,0.0,0.0,0.0,0.0,0.06874650789820955,0.0,0.0,0.01374930157964191,0.01374930157964191,0.01374930157964191,per_group
422,0.06958585871774008,0.3333333333333333,0.3333333333333333,0.0,0.0,0.0,0.0,0.0,0.0,0.06958585871774008,0.0,0.0,1.513917171743548,1.513917171743548,1.513917171743548,per_group
423,0.08088158805225597,0.3333333333333333,0.3333333333333333,0.0,0.0,0.0,0.0,0.0,0.0,0.08088158805225597,0.0,0.0,1.5161763176104512,1.5161763176104512,1.5161763176104512,per_group
424,0.039125379795125585,0.0,0.0,0.0,0.0,0.0,0.0,0.0,0.0,0.039125379795125585,0.0,0.0,0.007825075959025117,0.007825075959025117,0.007825075959025117,per_group
425,0.01611356125625709,0.0,0.0,0.0,0.0,0.0,0.0,0.0,0.0,0.01611356125625709,0.0,0.0,0.003222712251251418,0.003222712251251418,0.003222712251251418,per_group
426,0.03504875253117904,0.3333333333333333,0.3333333333333333,0.0,0.0,0.0,0.0,0.0,0.0,0.03504875253117904,0.0,0.0,1.5070097505062359,1.5070097505062359,1.5070097505062359,per_group
427,0.0066862398112636405,0.0,0.0,0.0,0.0,0.0,0.0,0.0,0.0,0.0066862398112636405,0.0,0.0,0.0013372479622527282,0.0013372479622527282,0.0013372479622527282,per_group
428,0.20323961369833868,0.0,0.0,0.75,0.75,0.3333333333333333,0.0,0.0,0.0,0.20323961369833868,0.0,0.0,3.3073145894063343,3.3073145894063343,3.3073145894063343,per_group
429,0.020690763205607216,1.0,1.0,0.0,0.0,0.0,0.0,0.0,0.0,0.020690763205607216,0.0,0.0,4.504138152641121,4.504138152641121,4.504138152641121,per_group
43,0.3001874811069319,0.5,0.5,0.3333333333333333,0.3333333333333333,0.3333333333333333,0.0,0.0,0.0,0.3001874811069319,0.0,0.0,3.910037496221386,3.910037496221386,3.910037496221386,per_group
430,0.032205487907595136,0.3333333333333333,0.3333333333333333,0.0,0.0,0.0,0.0,0.0,0.0,0.032205487907595136,0.0,0.0,1.506441097581519,1.506441097581519,1.506441097581519,per_group
431,0.024430773559671437,0.0,0.0,0.0,0.0,0.0,0.0,0.0,0.0,0.024430773559671437,0.0,0.0,0.004886154711934288,0.004886154711934288,0.004886154711934288,per_group
432,0.02842520205207366,0.0,0.0,0.0,0.0,0.0,0.0,0.0,0.0,0.02842520205207366,0.0,0.0,0.005685040410414732,0.005685040410414732,0.005685040410414732,per_group
433,0.02799372482960272,0.0,0.0,0.0,0.0,0.0,0.0,0.0,0.0,0.02799372482960272,0.0,0.0,0.005598744965920544,0.005598744965920544,0.005598744965920544,per_group
434,0.08276447090324068,0.6666666666666666,0.6666666666666666,0.0,0.0,0.0,0.0,0.0,0.0,0.08276447090324068,0.0,0.0,3.016552894180648,3.016552894180648,3.016552894180648,per_group
435,0.024430773559671437,0.0,0.0,0.0,0.0,0.0,0.0,0.0,0.0,0.024430773559671437,0.0,0.0,0.004886154711934288,0.004886154711934288,0.004886154711934288,per_group
436,0.03701009600352916,0.3333333333333333,0.3333333333333333,0.0,0.0,0.0,0.0,0.0,0.0,0.03701009600352916,0.0,0.0,1.5074020192007058,1.5074020192007058,1.5074020192007058,per_group
437,0.06432447062420511,0.0,0.0,0.0,0.0,0.0,0.0,0.0,0.0,0.06432447062420511,0.0,0.0,0.012864894124841023,0.012864894124841023,0.012864894124841023,per_group
438,0.0174924277990606,0.0,0.0,0.0,0.0,0.0,0.0,0.0,0.0,0.0174924277990606,0.0,0.0,0.0034984855598121202,0.0034984855598121202,0.0034984855598121202,per_group
439,0.0,0.3333333333333333,0.3333333333333333,0.0,0.0,0.0,0.0,0.0,0.0,0.0,0.0,0.0,1.5,1.5,1.5,per_group
44,0.3729860482972779,0.25,0.25,0.0,0.0,0.16666666666666666,0.0,0.0,0.0,0.3729860482972779,0.0,0.0,1.332930542992789,1.332930542992789,1.332930542992789,per_group
440,0.020690763205607216,0.6666666666666666,0.6666666666666666,0.0,0.0,0.0,0.0,0.0,0.0,0.020690763205607216,0.0,0.0,3.0041381526411213,3.0041381526411213,3.0041381526411213,per_group
441,0.08426492280791056,0.0,0.0,0.5,0.5,0.16666666666666666,0.0,0.0,0.0,0.08426492280791056,0.0,0.0,2.1501863178949154,2.1501863178949154,2.1501863178949154,per_group
442,0.04796490892041458,0.3333333333333333,0.3333333333333333,0.0,0.0,0.0,0.0,0.0,0.0,0.04796490892041458,0.0,0.0,1.509592981784083,1.509592981784083,1.509592981784083,per_group
443,0.14762182458382114,0.0,0.0,0.16666666666666666,0.16666666666666666,0.16666666666666666,0.0,0.0,0.0,0.14762182458382114,0.0,0.0,0.8295243649167642,0.8295243649167642,0.8295243649167642,per_group
444,0.04681143032779756,0.3333333333333333,0.3333333333333333,0.0,0.0,0.0,0.0,0.0,0.0,0.04681143032779756,0.0,0.0,1.5093622860655596,1.5093622860655596,1.5093622860655596,per_group
445,0.017767122244262683,0.0,0.0,0.0,0.0,0.0,0.0,0.0,0.0,0.017767122244262683,0.0,0.0,0.0035534244488525366,0.0035534244488525366,0.0035534244488525366,per_group
446,0.039432657801795244,0.6666666666666666,0.6666666666666666,0.0,0.0,0.0,0.0,0.0,0.0,0.039432657801795244,0.0,0.0,3.007886531560359,3.007886531560359,3.007886531560359,per_group
447,0.03987341126222892,0.6666666666666666,0.6666666666666666,0.0,0.0,0.0,0.0,0.0,0.0,0.03987341126222892,0.0,0.0,3.0079746822524456,3.0079746822524456,3.0079746822524456,per_group
448,0.05901034249483197,0.0,0.0,0.0,0.0,0.0,0.0,0.0,0.0,0.05901034249483197,0.0,0.0,0.011802068498966395,0.011802068498966395,0.011802068498966395,per_group
449,0.012321183688644623,0.6666666666666666,0.6666666666666666,0.0,0.0,0.0,0.0,0.0,0.0,0.012321183688644623,0.0,0.0,3.0024642367377288,3.0024642367377288,3.0024642367377288,per_group
45,0.25566615372942597,0.25,0.25,0.0,0.0,0.0,0.0,0.0,0.0,0.25566615372942597,0.0,0.0,1.1761332307458852,1.1761332307458852,1.1761332307458852,per_group
450,0.021924880276654863,0.0,0.0,0.0,0.0,0.0,0.0,0.0,0.0,0.021924880276654863,0.0,0.0,0.004384976055330973,0.004384976055330973,0.004384976055330973,per_group
451,0.032205487907595136,0.3333333333333333,0.3333333333333333,0.0,0.0,0.0,0.0,0.0,0.0,0.032205487907595136,0.0,0.0,1.506441097581519,1.506441097581519,1.506441097581519,per_group
452,0.09287332706232015,0.0,0.0,0.0,0.0,0.0,0.0,0.0,0.0,0.09287332706232015,0.0,0.0,0.018574665412464032,0.018574665412464032,0.018574665412464032,per_group
453,0.06456901463531221,0.0,0.0,0.0,0.0,0.0,0.0,0.0,0.0,0.06456901463531221,0.0,0.0,0.012913802927062443,0.012913802927062443,0.012913802927062443,per_group
454,0.021811421843121553,0.0,0.0,0.0,0.0,0.0,0.0,0.0,0.0,0.021811421843121553,0.0,0.0,0.004362284368624311,0.004362284368624311,0.004362284368624311,per_group
455,0.03626088493472789,0.0,0.0,0.0,0.0,0.0,0.0,0.0,0.0,0.03626088493472789,0.0,0.0,0.007252176986945579,0.007252176986945579,0.007252176986945579,per_group
456,0.025451187195421738,0.3333333333333333,0.3333333333333333,1.0,1.0,0.0,0.0,0.0,0.0,0.025451187195421738,0.0,0.0,5.505090237439084,5.505090237439084,5.505090237439084,per_group
457,0.03505775017877825,0.0,0.0,0.0,0.0,0.0,0.0,0.0,0.0,0.03505775017877825,0.0,0.0,0.00701155003575565,0.00701155003575565,0.00701155003575565,per_group
458,0.039432657801795244,1.0,1.0,0.0,0.0,0.0,0.0,0.0,0.0,0.039432657801795244,0.0,0.0,4.507886531560359,4.507886531560359,4.507886531560359,per_group
459,0.051293291696263704,0.0,0.0,0.0,0.0,0.0,0.0,0.0,0.0,0.051293291696263704,0.0,0.0,0.01025865833925274,0.01025865833925274,0.01025865833925274,per_group
46,0.05708461825205696,0.0,0.0,0.0,0.0,0.0,0.0,0.0,0.0,0.05708461825205696,0.0,0.0,0.011416923650411394,0.011416923650411394,0.011416923650411394,per_group
460,0.028116439472986948,0.0,0.0,0.0,0.0,0.0,0.0,0.0,0.0,0.028116439472986948,0.0,0.0,0.00562328789459739,0.00562328789459739,0.00562328789459739,per_group
461,1.0,0.0,0.0,1.0,1.0,1.0,0.0,0.0,0.0,1.0,0.0,0.0,5.0,5.0,5.0,per_group
462,0.027466084414230305,0.0,0.0,0.0,0.0,0.0,0.0,0.0,0.0,0.027466084414230305,0.0,0.0,0.005493216882846061,0.005493216882846061,0.005493216882846061,per_group
463,0.0,0.0,0.0,0.0,0.0,0.0,0.0,0.0,0.0,0.0,0.0,0.0,0.0,0.0,0.0,per_group
464,1.0,0.0,0.0,1.0,1.0,1.0,0.0,0.0,0.0,1.0,0.0,0.0,5.0,5.0,5.0,per_group
465,0.36765789573495267,0.5,0.5,0.0,0.0,0.0,0.0,0.0,0.0,0.36765789573495267,0.0,0.0,2.3235315791469904,2.3235315791469904,2.3235315791469904,per_group
466,0.0,0.5,0.5,0.0,0.0,0.0,0.0,0.0,0.0,0.0,0.0,0.0,2.25,2.25,2.25,per_group
467,0.21754338789908712,0.0,0.0,0.0,0.0,0.0,0.0,0.0,0.0,0.21754338789908712,0.0,0.0,0.043508677579817426,0.043508677579817426,0.043508677579817426,per_group
468,0.23022671014740378,0.0,0.0,0.0,0.0,0.0,0.0,0.0,0.0,0.23022671014740378,0.0,0.0,0.04604534202948076,0.04604534202948076,0.04604534202948076,per_group
469,0.16142991706294993,0.0,0.0,0.0,0.0,0.0,0.0,0.0,0.0,0.16142991706294993,0.0,0.0,0.03228598341258999,0.03228598341258999,0.03228598341258999,per_group
47,0.22549216821376158,0.0,0.0,0.0,0.0,0.0,0.0,0.0,0.0,0.22549216821376158,0.0,0.0,0.04509843364275232,0.04509843364275232,0.04509843364275232,per_group
470,0.08330119046185595,0.5,0.5,0.0,0.0,0.0,0.0,0.0,0.0,0.08330119046185595,0.0,0.0,2.266660238092371,2.266660238092371,2.266660238092371,per_group
471,0.15730145564042544,1.0,1.0,0.0,0.0,0.0,0.0,0.0,0.0,0.15730145564042544,0.0,0.0,4.531460291128085,4.531460291128085,4.531460291128085,per_group
472,0.15273126720724942,0.0,0.0,0.0,0.0,0.0,0.0,0.0,0.0,0.15273126720724942,0.0,0.0,0.030546253441449886,0.030546253441449886,0.030546253441449886,per_group
473,0.10901063753216357,0.5,0.5,0.0,0.0,0.0,0.0,0.0,0.0,0.10901063753216357,0.0,0.0,2.2718021275064326,2.2718021275064326,2.2718021275064326,per_group
474,0.017271782686325607,0.0,0.0,0.0,0.0,0.0,0.0,0.0,0.0,0.017271782686325607,0.0,0.0,0.0034543565372651217,0.0034543565372651217,0.0034543565372651217,per_group
475,0.016488723535172518,0.5,0.5,0.0,0.0,0.0,0.0,0.0,0.0,0.016488723535172518,0.0,0.0,2.2532977447070346,2.2532977447070346,2.2532977447070346,per_group
476,0.132495213731086,1.0,1.0,0.0,0.0,0.0,0.0,0.0,0.0,0.132495213731086,0.0,0.0,4.5264990427462175,4.5264990427462175,4.5264990427462175,per_group
477,0.0421981706054801,1.0,1.0,0.0,0.0,0.0,0.0,0.0,0.0,0.0421981706054801,0.0,0.0,4.508439634121096,4.508439634121096,4.508439634121096,per_group
478,0.08942621121114026,0.5,0.5,0.0,0.0,0.0,0.0,0.0,0.0,0.08942621121114026,0.0,0.0,2.267885242242228,2.267885242242228,2.267885242242228,per_group
479,1.0,0.0,0.0,0.0,0.0,1.0,0.0,0.0,0.0,1.0,0.0,0.0,1.0,1.0,1.0,per_group
48,0.1122410469480247,0.0,0.0,0.0,0.0,0.0,0.0,0.0,0.0,0.1122410469480247,0.0,0.0,0.022448209389604942,0.022448209389604942,0.022448209389604942,per_group
480,0.0,1.0,1.0,0.0,0.0,0.0,0.0,0.0,0.0,0.0,0.0,0.0,4.5,4.5,4.5,per_group
481,1.0,1.0,1.0,1.0,1.0,1.0,0.0,0.0,0.0,1.0,0.0,0.0,9.5,9.5,9.5,per_group
482,0.07199968271327382,0.0,0.0,0.0,0.0,0.0,0.0,0.0,0.0,0.07199968271327382,0.0,0.0,0.014399936542654765,0.014399936542654765,0.014399936542654765,per_group
483,0.07199968271327382,0.0,0.0,0.0,0.0,0.0,0.0,0.0,0.0,0.07199968271327382,0.0,0.0,0.014399936542654765,0.014399936542654765,0.014399936542654765,per_group
484,0.0,0.0,0.0,0.0,0.0,0.0,0.0,0.0,0.0,0.0,0.0,0.0,0.0,0.0,0.0,per_group
485,0.16043492041069077,1.0,1.0,0.0,0.0,0.0,0.0,0.0,0.0,0.16043492041069077,0.0,0.0,4.532086984082138,4.532086984082138,4.532086984082138,per_group
486,0.09812580786304073,1.0,1.0,0.0,0.0,0.0,0.0,0.0,0.0,0.09812580786304073,0.0,0.0,4.519625161572608,4.519625161572608,4.519625161572608,per_group
487,0.0009480535276364622,0.0,0.0,0.0,0.0,0.0,0.0,0.0,0.0,0.0009480535276364622,0.0,0.0,0.00018961070552729245,0.00018961070552729245,0.00018961070552729245,per_group
488,0.0,0.0,0.0,0.0,0.0,0.0,0.0,0.0,0.0,0.0,0.0,0.0,0.0,0.0,0.0,per_group
489,0.07199968271327382,1.0,1.0,0.0,0.0,0.0,0.0,0.0,0.0,0.07199968271327382,0.0,0.0,4.514399936542655,4.514399936542655,4.514399936542655,per_group
49,0.07607959724000801,0.0,0.0,0.0,0.0,0.0,0.0,0.0,0.0,0.07607959724000801,0.0,0.0,0.015215919448001602,0.015215919448001602,0.015215919448001602,per_group
490,0.011064053867586375,0.0,0.0,0.0,0.0,0.0,0.0,0.0,0.0,0.011064053867586375,0.0,0.0,0.002212810773517275,0.002212810773517275,0.002212810773517275,per_group
491,0.0,0.0,0.0,0.0,0.0,0.0,0.0,0.0,0.0,0.0,0.0,0.0,0.0,0.0,0.0,per_group
492,1.0,1.0,1.0,1.0,1.0,1.0,0.0,0.0,0.0,1.0,0.0,0.0,9.5,9.5,9.5,per_group
493,0.3110868391607745,1.0,1.0,0.0,0.0,0.0,0.0,0.0,0.0,0.3110868391607745,0.0,0.0,4.5622173678321545,4.5622173678321545,4.5622173678321545,per_group
494,0.145228115485311,0.0,0.0,0.0,0.0,0.0,0.0,0.0,0.0,0.145228115485311,0.0,0.0,0.0290456230970622,0.0290456230970622,0.0290456230970622,per_group
495,0.3074667080075827,1.0,1.0,0.0,0.0,0.0,0.0,0.0,0.0,0.3074667080075827,0.0,0.0,4.561493341601516,4.561493341601516,4.561493341601516,per_group
496,0.0,0.0,0.0,0.0,0.0,0.0,0.0,0.0,0.0,0.0,0.0,0.0,0.0,0.0,0.0,per_group
497,0.02553720400398787,0.0,0.0,0.0,0.0,0.0,0.0,0.0,0.0,0.02553720400398787,0.0,0.0,0.0051074408007975745,0.0051074408007975745,0.0051074408007975745,per_group
498,0.11359927710746966,0.0,0.0,0.0,0.0,0.0,0.0,0.0,0.0,0.11359927710746966,0.0,0.0,0.022719855421493934,0.022719855421493934,0.022719855421493934,per_group
499,0.11336962731028864,0.0,0.0,0.0,0.0,0.0,0.0,0.0,0.0,0.11336962731028864,0.0,0.0,0.02267392546205773,0.02267392546205773,0.02267392546205773,per_group
5,0.9918057539867958,1.0,1.0,0.0,0.0,0.0,0.0,0.0,0.0,0.9918057539867958,0.0,0.0,4.698361150797359,4.698361150797359,4.698361150797359,per_group
50,0.21486195269062658,0.0,0.0,0.0,0.0,0.16666666666666666,0.0,0.0,0.0,0.21486195269062658,0.0,0.0,0.17630572387145865,0.17630572387145865,0.17630572387145865,per_group
51,0.15944558019286179,0.0,0.0,0.0,0.0,0.16666666666666666,0.0,0.0,0.0,0.15944558019286179,0.0,0.0,0.1652224493719057,0.1652224493719057,0.1652224493719057,per_group
52,0.3991157516039899,0.25,0.25,0.2,0.2,0.3333333333333333,0.0,0.0,0.0,0.3991157516039899,0.0,0.0,2.2714898169874647,2.2714898169874647,2.2714898169874647,per_group
53,0.33473140373507015,0.0,0.0,0.0,0.0,0.16666666666666666,0.0,0.0,0.0,0.33473140373507015,0.0,0.0,0.20027961408034736,0.20027961408034736,0.20027961408034736,per_group
54,0.036833074708088394,0.0,0.0,0.0,0.0,0.0,0.0,0.0,0.0,0.036833074708088394,0.0,0.0,0.007366614941617679,0.007366614941617679,0.007366614941617679,per_group
55,0.3369220542363452,0.25,0.25,0.0,0.0,0.5,0.0,0.0,0.0,0.3369220542363452,0.0,0.0,1.592384410847269,1.592384410847269,1.592384410847269,per_group
56,0.10126173011306848,0.0,0.0,0.0,0.0,0.0,0.0,0.0,0.0,0.10126173011306848,0.0,0.0,0.020252346022613697,0.020252346022613697,0.020252346022613697,per_group
57,0.09963432928398956,0.0,0.0,0.0,0.0,0.0,0.0,0.0,0.0,0.09963432928398956,0.0,0.0,0.019926865856797912,0.019926865856797912,0.019926865856797912,per_group
58,0.1096444031087039,0.75,0.75,0.0,0.0,0.0,0.0,0.0,0.0,0.1096444031087039,0.0,0.0,3.396928880621741,3.396928880621741,3.396928880621741,per_group
59,0.2813031694685094,0.0,0.0,0.0,0.0,0.16666666666666666,0.0,0.0,0.0,0.2813031694685094,0.0,0.0,0.18959396722703523,0.18959396722703523,0.18959396722703523,per_group
6,1.0,0.0,0.0,0.0,0.0,0.0,0.0,0.0,0.0,1.0,0.0,0.0,0.2,0.2,0.2,per_group
60,0.12364412256543891,0.25,0.25,0.0,0.0,0.0,0.0,0.0,0.0,0.12364412256543891,0.0,0.0,1.1497288245130879,1.1497288245130879,1.1497288245130879,per_group
61,0.27725043556094453,0.0,0.0,0.0,0.0,0.16666666666666666,0.0,0.0,0.0,0.27725043556094453,0.0,0.0,0.18878342044552224,0.18878342044552224,0.18878342044552224,per_group
62,0.16235456333479842,0.25,0.25,0.0,0.0,0.0,0.0,0.0,0.0,0.16235456333479842,0.0,0.0,1.1574709126669598,1.1574709126669598,1.1574709126669598,per_group
63,0.06404571288260033,1.0,1.0,0.0,0.0,0.0,0.0,0.0,0.0,0.06404571288260033,0.0,0.0,4.51280914257652,4.51280914257652,4.51280914257652,per_group
64,0.10840347317942424,0.0,0.0,0.0,0.0,0.16666666666666666,0.0,0.0,0.0,0.10840347317942424,0.0,0.0,0.15501402796921818,0.15501402796921818,0.15501402796921818,per_group
65,0.08690668427394661,0.25,0.25,0.0,0.0,0.0,0.0,0.0,0.0,0.08690668427394661,0.0,0.0,1.1423813368547893,1.1423813368547893,1.1423813368547893,per_group
66,0.13377453884126062,0.0,0.0,0.0,0.0,0.16666666666666666,0.0,0.0,0.0,0.13377453884126062,0.0,0.0,0.16008824110158545,0.16008824110158545,0.16008824110158545,per_group
67,0.03915011142133314,0.0,0.0,0.0,0.0,0.0,0.0,0.0,0.0,0.03915011142133314,0.0,0.0,0.007830022284266628,0.007830022284266628,0.007830022284266628,per_group
68,0.06404571288260033,0.0,0.0,0.0,0.0,0.0,0.0,0.0,0.0,0.06404571288260033,0.0,0.0,0.012809142576520067,0.012809142576520067,0.012809142576520067,per_group
69,0.06461378749767033,0.0,0.0,0.0,0.0,0.0,0.0,0.0,0.0,0.06461378749767033,0.0,0.0,0.012922757499534067,0.012922757499534067,0.012922757499534067,per_group
7,0.0,0.0,0.0,0.0,0.0,0.0,0.0,0.0,0.0,0.0,0.0,0.0,0.0,0.0,0.0,per_group
70,0.10873154881572204,0.25,0.25,0.0,0.0,0.0,0.0,0.0,0.0,0.10873154881572204,0.0,0.0,1.1467463097631445,1.1467463097631445,1.1467463097631445,per_group
71,0.13355555152588586,0.0,0.0,0.0,0.0,0.16666666666666666,0.0,0.0,0.0,0.13355555152588586,0.0,0.0,0.1600444436385105,0.1600444436385105,0.1600444436385105,per_group
72,0.07421346871989702,0.25,0.25,0.0,0.0,0.0,0.0,0.0,0.0,0.07421346871989702,0.0,0.0,1.1398426937439794,1.1398426937439794,1.1398426937439794,per_group
73,0.02548927512893182,0.0,0.0,0.0,0.0,0.0,0.0,0.0,0.0,0.02548927512893182,0.0,0.0,0.0050978550257863645,0.0050978550257863645,0.0050978550257863645,per_group
74,0.07007640055804958,0.0,0.0,0.0,0.0,0.0,0.0,0.0,0.0,0.07007640055804958,0.0,0.0,0.014015280111609916,0.014015280111609916,0.014015280111609916,per_group
75,0.059540364771409844,0.25,0.25,0.0,0.0,0.0,0.0,0.0,0.0,0.059540364771409844,0.0,0.0,1.136908072954282,1.136908072954282,1.136908072954282,per_group
76,0.05431850743219794,0.0,0.0,0.0,0.0,0.0,0.0,0.0,0.0,0.05431850743219794,0.0,0.0,0.010863701486439588,0.010863701486439588,0.010863701486439588,per_group
77,0.3913507321028212,0.25,0.25,0.0,0.0,0.3333333333333333,0.0,0.0,0.0,0.3913507321028212,0.0,0.0,1.4699368130872308,1.4699368130872308,1.4699368130872308,per_group
78,0.036833074708088394,0.0,0.0,0.0,0.0,0.0,0.0,0.0,0.0,0.036833074708088394,0.0,0.0,0.007366614941617679,0.007366614941617679,0.007366614941617679,per_group
79,0.18968335810457082,0.5,0.5,0.0,0.0,0.0,0.0,0.0,0.0,0.18968335810457082,0.0,0.0,2.287936671620914,2.287936671620914,2.287936671620914,per_group
8,0.2682579900784617,0.0,0.0,0.0,0.0,0.0,0.0,0.0,0.0,0.2682579900784617,0.0,0.0,0.05365159801569234,0.05365159801569234,0.05365159801569234,per_group
80,0.14471884821879522,0.5,0.5,0.0,0.0,0.0,0.0,0.0,0.0,0.14471884821879522,0.0,0.0,2.278943769643759,2.278943769643759,2.278943769643759,per_group
81,0.2122963850691291,0.75,0.75,0.0,0.0,0.16666666666666666,0.0,0.0,0.0,0.2122963850691291,0.0,0.0,3.550792610347159,3.550792610347159,3.550792610347159,per_group
82,0.05924972661763795,0.25,0.25,0.0,0.0,0.0,0.0,0.0,0.0,0.05924972661763795,0.0,0.0,1.1368499453235277,1.1368499453235277,1.1368499453235277,per_group
83,0.11672857597347958,0.0,0.0,0.0,0.0,0.16666666666666666,0.0,0.0,0.0,0.11672857597347958,0.0,0.0,0.15667904852802925,0.15667904852802925,0.15667904852802925,per_group
84,0.21797265335988095,0.25,0.25,0.0,0.0,0.0,0.0,0.0,0.0,0.21797265335988095,0.0,0.0,1.1685945306719763,1.1685945306719763,1.1685945306719763,per_group
85,0.34790851245799986,0.25,0.25,0.0,0.0,0.3333333333333333,0.0,0.0,0.0,0.34790851245799986,0.0,0.0,1.4612483691582665,1.4612483691582665,1.4612483691582665,per_group
86,0.13362372168727019,0.25,0.25,0.0,0.0,0.16666666666666666,0.0,0.0,0.0,0.13362372168727019,0.0,0.0,1.2850580776707874,1.2850580776707874,1.2850580776707874,per_group
87,0.21805529503231283,0.0,0.0,0.0,0.0,0.16666666666666666,0.0,0.0,0.0,0.21805529503231283,0.0,0.0,0.1769443923397959,0.1769443923397959,0.1769443923397959,per_group
88,0.05401600984159113,0.0,0.0,0.0,0.0,0.0,0.0,0.0,0.0,0.05401600984159113,0.0,0.0,0.010803201968318226,0.010803201968318226,0.010803201968318226,per_group
89,0.057323546613345815,0.0,0.0,0.0,0.0,0.0,0.0,0.0,0.0,0.057323546613345815,0.0,0.0,0.011464709322669164,0.011464709322669164,0.011464709322669164,per_group
9,0.6599784948502532,1.0,1.0,0.0,0.0,0.0,0.0,0.0,0.0,0.6599784948502532,0.0,0.0,4.631995698970051,4.631995698970051,4.631995698970051,per_group
90,0.1815413899830027,0.25,0.25,0.0,0.0,0.16666666666666666,0.0,0.0,0.0,0.1815413899830027,0.0,0.0,1.294641611329934,1.294641611329934,1.294641611329934,per_group
91,0.07852041510607158,0.0,0.0,0.0,0.0,0.0,0.0,0.0,0.0,0.07852041510607158,0.0,0.0,0.015704083021214316,0.015704083021214316,0.015704083021214316,per_group
92,0.15494318260601694,0.75,0.75,0.0,0.0,0.3333333333333333,0.0,0.0,0.0,0.15494318260601694,0.0,0.0,3.67265530318787,3.67265530318787,3.67265530318787,per_group
93,0.020971266722583568,0.0,0.0,0.0,0.0,0.0,0.0,0.0,0.0,0.020971266722583568,0.0,0.0,0.004194253344516714,0.004194253344516714,0.004194253344516714,per_group
94,0.018385500489967305,0.0,0.0,0.0,0.0,0.0,0.0,0.0,0.0,0.018385500489967305,0.0,0.0,0.0036771000979934614,0.0036771000979934614,0.0036771000979934614,per_group
95,0.2768402476477408,0.0,0.0,0.0,0.0,0.3333333333333333,0.0,0.0,0.0,0.2768402476477408,0.0,0.0,0.3220347161962148,0.3220347161962148,0.3220347161962148,per_group
96,0.05166379944121707,0.25,0.25,0.0,0.0,0.0,0.0,0.0,0.0,0.05166379944121707,0.0,0.0,1.1353327598882434,1.1353327598882434,1.1353327598882434,per_group
97,0.27312725360849627,0.0,0.0,0.0,0.0,0.16666666666666666,0.0,0.0,0.0,0.27312725360849627,0.0,0.0,0.18795878405503258,0.18795878405503258,0.18795878405503258,per_group
98,0.056033751404728695,0.0,0.0,0.0,0.0,0.0,0.0,0.0,0.0,0.056033751404728695,0.0,0.0,0.01120675028094574,0.01120675028094574,0.01120675028094574,per_group
99,0.13904290941664593,0.0,0.0,0.0,0.0,0.16666666666666666,0.0,0.0,0.0,0.13904290941664593,0.0,0.0,0.16114191521666252,0.16114191521666252,0.16114191521666252,per_group
