node_id,ris_score,fair_ris_score,shortfall_gain,mf_gain_score,weakest_group_gain,community_diversity_score,spread_proxy_score,combined_fairness_gain,fairness_ris_score,label_score
1,0.0,0.0,0.0,0.0,0.0,0.0,0.4956159924616431,0.0132736955,0.0,0.013273695483803749
10,0.1111111111111111,0.05555555555555556,0.0,0.0,0.0,0.0,0.4621090510319028,0.0395621,0.05555555555555556,0.03956209868192673
100,0.2222222222222222,0.11111111111111112,0.0,0.0,0.0,0.24122979897516747,0.5377604301874697,0.08485248,0.11111111111111112,0.08485247939825058
101,0.1111111111111111,0.05555555555555556,0.0,0.0,0.0,0.0,0.37083358162758084,0.03616932,0.05555555555555556,0.03616932034492493
102,0.5555555555555556,0.2777777777777778,0.0,0.0,0.0,0.4012495661228741,0.7886904652515714,0.18669479,0.2777777777777778,0.18669478595256805
103,0.3333333333333333,0.16666666666666666,0.0,0.0,0.0,0.0,0.4140637650626443,0.09284398,0.16666666666666666,0.09284397959709167
104,0.2222222222222222,0.11111111111111112,0.0,0.0,0.0,0.24122979897516747,0.4493970786021806,0.08156794,0.11111111111111112,0.08156794309616089
105,0.0,0.0,0.0,0.0,0.0,0.0,0.7089294962822226,0.021202715,0.0,0.02120271511375904
106,0.3333333333333333,0.16666666666666666,0.0,0.0,0.0,0.24122979897516747,0.3788550887019397,0.10647973,0.16666666666666666,0.10647972673177719
107,0.0,0.0,0.0,0.0,0.0,0.4012495661228741,0.35323158423020573,0.032839067,0.0,0.03283906728029251
108,0.2222222222222222,0.11111111111111112,0.0,0.0,0.0,0.24122979897516747,0.5365856582302156,0.08480881,0.11111111111111112,0.08480881154537201
109,0.2222222222222222,0.11111111111111112,0.0,0.0,0.0,0.0,0.39265497357256773,0.06451432,0.11111111111111112,0.06451431661844254
11,0.1111111111111111,0.05555555555555556,0.0,0.0,0.0,0.0,0.33669274651423503,0.03490028,0.05555555555555556,0.03490028157830238
110,0.2222222222222222,0.11111111111111112,0.0,0.0,0.0,0.0,0.5723492837817106,0.07119369,0.11111111111111112,0.07119368761777878
111,0.1111111111111111,0.05555555555555556,0.0,0.0,0.0,0.0,0.2834641208149222,0.032921735,0.05555555555555556,0.03292173519730568
112,0.1111111111111111,0.05555555555555556,0.0,0.0,0.0,1.0,0.10552629891080878,0.088258885,0.05555555555555556,0.08825888484716415
113,0.0,0.0,0.0,0.0,0.0,0.0,0.3885538875024897,0.009294119,0.0,0.009294118732213974
114,0.3333333333333333,0.16666666666666666,0.0,0.0,0.0,0.0,0.6042827719940702,0.09991456,0.16666666666666666,0.0999145582318306
115,0.0,0.0,0.0,0.0,0.0,0.4012495661228741,0.5684555822934737,0.040839102,0.0,0.04083910211920738
116,0.3333333333333333,0.16666666666666666,0.0,0.0,0.0,0.0,0.2933914017853232,0.0883585,0.16666666666666666,0.08835849910974503
117,0.3333333333333333,0.16666666666666666,0.0,0.0,0.0,0.0,0.2523168480724644,0.086831726,0.16666666666666666,0.0868317261338234
118,0.3333333333333333,0.16666666666666666,0.0,0.0,0.0,0.0,0.41989812731389636,0.09306084,0.16666666666666666,0.09306084364652634
119,0.2222222222222222,0.11111111111111112,0.0,0.0,0.0,0.4012495661228741,0.39363796416594854,0.08940876,0.11111111111111112,0.0894087627530098
12,0.3333333333333333,0.16666666666666666,0.0,0.0,0.0,0.0,0.322829438908015,0.08945273,0.16666666666666666,0.08945272862911224
120,0.1111111111111111,0.05555555555555556,0.0,0.0,0.0,0.0,0.3292784566858613,0.034624685,0.05555555555555556,0.03462468460202217
121,0.1111111111111111,0.05555555555555556,0.0,0.0,0.0,0.0,0.3200505235620381,0.03428168,0.05555555555555556,0.03428167849779129
122,0.3333333333333333,0.16666666666666666,0.0,0.0,0.0,0.0,0.28062215439661864,0.08788385,0.16666666666666666,0.0878838524222374
123,0.4444444444444444,0.22222222222222224,0.0,0.0,0.0,0.4012495661228741,0.5277297416847153,0.1494608,0.22222222222222224,0.1494608074426651
124,0.2222222222222222,0.11111111111111112,0.0,0.0,0.0,0.0,0.5719404098977388,0.07117849,0.11111111111111112,0.07117848843336105
125,0.1111111111111111,0.05555555555555556,0.0,0.0,0.0,0.0,0.45567794629546254,0.039323047,0.05555555555555556,0.039323046803474426
126,0.0,0.0,0.0,0.0,0.0,0.0,0.3101775115113235,0.006380811,0.0,0.006380810867995024
127,0.2222222222222222,0.11111111111111112,0.0,0.0,0.0,0.0,0.5356701788498374,0.0698303,0.11111111111111112,0.06983029842376709
128,0.1111111111111111,0.05555555555555556,0.0,0.0,0.0,0.0,0.46964489864015874,0.03984221,0.05555555555555556,0.039842210710048676
129,0.4444444444444444,0.22222222222222224,0.0,0.0,0.0,0.0,0.5423438884961965,0.12514612,0.22222222222222224,0.12514612078666687
13,0.2222222222222222,0.11111111111111112,0.0,0.0,0.0,0.0,0.30627175629280684,0.06130339,0.11111111111111112,0.06130338832736015
130,0.2222222222222222,0.11111111111111112,0.0,0.0,0.0,0.0,0.3933605606639789,0.06454054,0.11111111111111112,0.06454054266214371
131,0.2222222222222222,0.11111111111111112,0.0,0.0,0.0,0.24122979897516747,0.5342830883271286,0.08472322,0.11111111111111112,0.08472321927547455
132,0.0,0.0,0.0,0.0,0.0,0.4012495661228741,0.44779363709224346,0.036354005,0.0,0.036354005336761475
133,0.0,0.0,0.0,0.0,0.0,0.24122979897516747,0.2535210396247732,0.01921933,0.0,0.019219329580664635
134,0.0,0.0,0.0,0.0,0.0,0.0,0.5303896868224318,0.014566259,0.0,0.01456625945866108
135,0.1111111111111111,0.05555555555555556,0.0,0.0,0.0,0.4012495661228741,0.4563529159950192,0.06420604,0.05555555555555556,0.06420604139566422
136,0.6666666666666666,0.3333333333333333,0.0,0.0,0.0,0.4012495661228741,0.44358025004532686,0.20140067,0.3333333333333333,0.20140066742897034
137,0.0,0.0,0.0,0.0,0.0,0.4012495661228741,0.4321357031391252,0.03577199,0.0,0.035771988332271576
138,0.2222222222222222,0.11111111111111112,0.0,0.0,0.0,0.4012495661228741,0.6713841056181802,0.09973279,0.11111111111111112,0.09973278641700745
139,0.1111111111111111,0.05555555555555556,0.0,0.0,0.0,0.0,0.7381524296682096,0.049822833,0.05555555555555556,0.04982283338904381
14,0.2222222222222222,0.11111111111111112,0.0,0.0,0.0,0.0,0.4394318330977425,0.06625305,0.11111111111111112,0.06625305116176605
140,0.1111111111111111,0.05555555555555556,0.0,0.0,0.0,0.24122979897516747,0.2791977807787545,0.047707632,0.05555555555555556,0.047707632184028625
141,0.3333333333333333,0.16666666666666666,0.0,0.0,0.0,0.0,0.7896344017398409,0.106804214,0.16666666666666666,0.10680421441793442
142,0.2222222222222222,0.11111111111111112,0.0,0.0,0.0,0.4012495661228741,0.25526185133032425,0.08426522,0.11111111111111112,0.08426521718502045
143,0.4444444444444444,0.22222222222222224,0.0,0.0,0.0,0.24122979897516747,0.17262124532906556,0.12634774,0.22222222222222224,0.12634773552417755
144,0.7777777777777778,0.38888888888888884,0.0,0.0,0.0,0.0,0.5701457831220004,0.20878118,0.38888888888888884,0.2087811827659607
145,0.1111111111111111,0.05555555555555556,0.0,0.0,0.0,0.0,0.3217033817222882,0.034343116,0.05555555555555556,0.034343115985393524
146,0.3333333333333333,0.16666666666666666,0.0,0.0,0.0,0.0,0.5997304761498957,0.09974535,0.16666666666666666,0.09974534809589386
147,0.0,0.0,0.0,0.0,0.0,0.0,0.20768826630736045,0.00257121,0.0,0.0025712100323289633
148,0.3333333333333333,0.16666666666666666,0.0,0.0,0.0,0.0,0.5044958924527136,0.096205406,0.16666666666666666,0.09620540589094162
149,0.1111111111111111,0.05555555555555556,0.0,0.0,0.0,0.0,0.45818030805931914,0.039416064,0.05555555555555556,0.03941606357693672
15,0.1111111111111111,0.05555555555555556,0.0,0.0,0.0,0.0,0.45746928044212076,0.039389633,0.05555555555555556,0.039389632642269135
150,0.5555555555555556,0.2777777777777778,0.0,0.0,0.0,0.0,0.5342923109223866,0.15238072,0.2777777777777778,0.15238071978092194
151,0.3333333333333333,0.16666666666666666,0.0,0.0,0.0,0.4012495661228741,0.4138382580735659,0.1176935,0.16666666666666666,0.11769349873065948
152,0.2222222222222222,0.11111111111111112,0.0,0.0,0.0,0.24122979897516747,0.34462236002673197,0.07767339,0.11111111111111112,0.07767339050769806
153,0.4444444444444444,0.22222222222222224,0.0,0.0,0.0,0.0,0.5009775217985696,0.12360851,0.22222222222222224,0.12360850721597672
154,0.2222222222222222,0.11111111111111112,0.0,0.0,0.0,0.4012495661228741,0.30449369146623984,0.0860952,0.11111111111111112,0.08609519898891449
155,0.2222222222222222,0.11111111111111112,0.0,0.0,0.0,0.0,0.49134934706444844,0.06818286,0.11111111111111112,0.06818286329507828
156,0.2222222222222222,0.11111111111111112,0.0,0.0,0.0,0.0,0.3025981579476559,0.061166838,0.11111111111111112,0.06116683781147003
157,0.3333333333333333,0.16666666666666666,0.0,0.0,0.0,0.0,0.28521009650357027,0.08805439,0.16666666666666666,0.08805438876152039
158,0.6666666666666666,0.3333333333333333,0.0,0.0,0.0,0.24122979897516747,0.5613720956367205,0.19586566,0.3333333333333333,0.195865660905838
159,0.4444444444444444,0.22222222222222224,0.0,0.0,0.0,0.0,0.4958756802895955,0.12341887,0.22222222222222224,0.12341886758804321
16,0.0,0.0,0.0,0.0,0.0,0.0,0.16949896889408994,0.0011516856,0.0,0.0011516856029629707
160,0.1111111111111111,0.05555555555555556,0.0,0.0,0.0,0.0,0.0,0.022385163,0.05555555555555556,0.022385163232684135
161,0.6666666666666666,0.3333333333333333,0.0,0.0,0.0,0.0,0.48839113450841326,0.17820841,0.3333333333333333,0.17820841073989868
162,0.6666666666666666,0.3333333333333333,0.0,0.0,0.0,0.0,0.5859791457482091,0.18183583,0.3333333333333333,0.1818358302116394
163,0.1111111111111111,0.05555555555555556,0.0,0.0,0.0,0.0,0.5592751103308748,0.04317383,0.05555555555555556,0.04317383095622063
164,0.2222222222222222,0.11111111111111112,0.0,0.0,0.0,0.4012495661228741,0.25495268793458753,0.08425373,0.11111111111111112,0.08425372838973999
165,0.1111111111111111,0.05555555555555556,0.0,0.0,0.0,0.0,0.2758931664439127,0.032640316,0.05555555555555556,0.03264031559228897
166,0.0,0.0,0.0,0.0,0.0,0.0,0.2509714892901545,0.0041800793,0.0,0.004180079326033592
167,0.1111111111111111,0.05555555555555556,0.0,0.0,0.0,0.0,0.5048621746527289,0.041151263,0.05555555555555556,0.041151262819767
168,0.1111111111111111,0.05555555555555556,0.0,0.0,0.0,0.0,0.3908311293638634,0.036912646,0.05555555555555556,0.036912646144628525
169,0.2222222222222222,0.11111111111111112,0.0,0.0,0.0,0.0,0.2969502462637923,0.060956903,0.11111111111111112,0.06095690280199051
17,0.3333333333333333,0.16666666666666666,0.0,0.0,0.0,0.24122979897516747,0.4180638494800495,0.10793714,0.16666666666666666,0.10793714225292206
170,0.2222222222222222,0.11111111111111112,0.0,0.0,0.0,0.0,0.3455922116504162,0.06276496,0.11111111111111112,0.0627649575471878
171,0.6666666666666666,0.3333333333333333,0.0,0.0,0.0,0.0,0.30802632341617425,0.17150412,0.3333333333333333,0.17150412499904633
172,0.1111111111111111,0.05555555555555556,0.0,0.0,0.0,0.0,0.4206295871670818,0.038020276,0.05555555555555556,0.03802027553319931
173,0.3333333333333333,0.16666666666666666,0.0,0.0,0.0,0.0,0.7400499000813763,0.10496112,0.16666666666666666,0.10496111959218979
174,0.1111111111111111,0.05555555555555556,0.0,0.0,0.0,0.0,0.2805174352943007,0.032812204,0.05555555555555556,0.0328122042119503
175,0.1111111111111111,0.05555555555555556,0.0,0.0,0.0,0.24122979897516747,0.04694076598361475,0.03907447,0.05555555555555556,0.03907446935772896
176,0.1111111111111111,0.05555555555555556,0.0,0.0,0.0,0.0,0.42466648753759345,0.03817033,0.05555555555555556,0.038170330226421356
177,0.2222222222222222,0.11111111111111112,0.0,0.0,0.0,0.4012495661228741,0.2522239864752884,0.084152296,0.11111111111111112,0.08415229618549347
178,0.3333333333333333,0.16666666666666666,0.0,0.0,0.0,0.0,0.5156448636226239,0.09661982,0.16666666666666666,0.09661982208490372
179,0.0,0.0,0.0,0.0,0.0,0.0,0.394896304703031,0.009529871,0.0,0.009529870934784412
18,0.2222222222222222,0.11111111111111112,0.0,0.0,0.0,0.0,0.7228307938622132,0.076787196,0.11111111111111112,0.07678719609975815
180,0.3333333333333333,0.16666666666666666,0.0,0.0,0.0,0.0,0.5428651680706785,0.09763162,0.16666666666666666,0.09763161838054657
181,0.4444444444444444,0.22222222222222224,0.0,0.0,0.0,0.0,0.5772600434004669,0.12644398,0.22222222222222224,0.1264439821243286
182,0.3333333333333333,0.16666666666666666,0.0,0.0,0.0,0.0,0.5243369374589459,0.09694291,0.16666666666666666,0.09694290906190872
183,0.3333333333333333,0.16666666666666666,0.0,0.0,0.0,0.4012495661228741,0.4177902782472825,0.117840394,0.16666666666666666,0.11784039437770844
184,0.3333333333333333,0.16666666666666666,0.0,0.0,0.0,0.24122979897516747,0.36949631396972854,0.10613185,0.16666666666666666,0.10613185167312622
185,0.2222222222222222,0.11111111111111112,0.0,0.0,0.0,0.0,0.666179211902519,0.074681416,0.11111111111111112,0.07468141615390778
186,0.2222222222222222,0.11111111111111112,0.0,0.0,0.0,0.24122979897516747,0.2608384795529581,0.074559085,0.11111111111111112,0.07455908507108688
187,0.3333333333333333,0.16666666666666666,0.0,0.0,0.0,0.0,0.5587744473802483,0.09822298,0.16666666666666666,0.09822297841310501
188,0.2222222222222222,0.11111111111111112,0.0,0.0,0.0,0.0,0.3942882171977195,0.064575024,0.11111111111111112,0.06457502394914627
189,0.3333333333333333,0.16666666666666666,0.0,0.0,0.0,0.24122979897516747,0.28088150344497925,0.10283798,0.16666666666666666,0.10283797979354858
19,0.2222222222222222,0.11111111111111112,0.0,0.0,0.0,0.24122979897516747,0.44124333284061246,0.08126487,0.11111111111111112,0.08126486837863922
190,0.1111111111111111,0.05555555555555556,0.0,0.0,0.0,0.4012495661228741,0.41352621715281906,0.06261414,0.05555555555555556,0.06261414289474487
191,0.1111111111111111,0.05555555555555556,0.0,0.0,0.0,0.0,0.18658352426503105,0.02932061,0.05555555555555556,0.02932061068713665
192,0.4444444444444444,0.22222222222222224,0.0,0.0,0.0,0.0,0.49137654435843237,0.12325163,0.22222222222222224,0.12325163185596466
193,0.2222222222222222,0.11111111111111112,0.0,0.0,0.0,0.0,0.48640772264635723,0.06799918,0.11111111111111112,0.06799917668104172
194,0.6666666666666666,0.3333333333333333,0.0,0.0,0.0,0.4012495661228741,0.5458799008986487,0.20520322,0.3333333333333333,0.20520322024822235
195,0.3333333333333333,0.16666666666666666,0.0,0.0,0.0,0.0,0.2823491893561779,0.08794805,0.16666666666666666,0.08794804662466049
196,0.3333333333333333,0.16666666666666666,0.0,0.0,0.0,0.0,0.7816090324092846,0.10650591,0.16666666666666666,0.10650590807199478
197,0.1111111111111111,0.05555555555555556,0.0,0.0,0.0,0.0,0.47016208918007657,0.039861433,0.05555555555555556,0.03986143320798874
198,0.1111111111111111,0.05555555555555556,0.0,0.0,0.0,0.0,0.18260715936324104,0.029172806,0.05555555555555556,0.029172806069254875
199,0.0,0.0,0.0,0.0,0.0,0.0,0.3037324909861266,0.0061412444,0.0,0.006141244433820248
2,0.2222222222222222,0.11111111111111112,0.0,0.0,0.0,0.24122979897516747,0.5794407120238833,0.08640176,0.11111111111111112,0.08640176057815552
20,0.4444444444444444,0.22222222222222224,0.0,0.0,0.0,0.0,0.399554467231594,0.119838536,0.22222222222222224,0.11983853578567505
200,0.5555555555555556,0.2777777777777778,0.0,0.0,0.0,0.4012495661228741,0.5215432219289075,0.17676473,0.2777777777777778,0.17676472663879395
201,0.1111111111111111,0.05555555555555556,0.0,0.0,0.0,0.24122979897516747,0.1898800630035945,0.044387627,0.05555555555555556,0.04438762739300728
202,0.5555555555555556,0.2777777777777778,0.0,0.0,0.0,0.0,0.28466984106245435,0.14310206,0.2777777777777778,0.14310206472873688
203,0.2222222222222222,0.11111111111111112,0.0,0.0,0.0,0.4012495661228741,0.5247926103653342,0.09428387,0.11111111111111112,0.09428387135267258
204,0.5555555555555556,0.2777777777777778,0.0,0.0,0.0,0.0,0.6055840419658064,0.15503068,0.2777777777777778,0.15503068268299103
205,0.1111111111111111,0.05555555555555556,0.0,0.0,0.0,0.4012495661228741,0.2774244136429727,0.057555135,0.05555555555555556,0.05755513533949852
206,0.3333333333333333,0.16666666666666666,0.0,0.0,0.0,0.4012495661228741,0.8020485436048242,0.13212356,0.16666666666666666,0.13212355971336365
207,0.3333333333333333,0.16666666666666666,0.0,0.0,0.0,0.24122979897516747,0.41456425400336716,0.10780706,0.16666666666666666,0.10780706256628036
208,0.2222222222222222,0.11111111111111112,0.0,0.0,0.0,0.0,0.3294017137497212,0.062163148,0.11111111111111112,0.06216314807534218
209,0.2222222222222222,0.11111111111111112,0.0,0.0,0.0,0.0,0.35101112651613064,0.062966384,0.11111111111111112,0.06296638399362564
21,0.5555555555555556,0.2777777777777778,0.0,0.0,0.0,0.4012495661228741,0.5570369171665627,0.17808406,0.2777777777777778,0.17808406054973602
210,0.3333333333333333,0.16666666666666666,0.0,0.0,0.0,0.4012495661228741,0.4637324547032618,0.119548105,0.16666666666666666,0.11954810470342636
211,0.0,0.0,0.0,0.0,0.0,0.0,0.5366565306399521,0.014799203,0.0,0.014799202792346478
212,0.3333333333333333,0.16666666666666666,0.0,0.0,0.0,0.0,0.5101035246868042,0.09641384,0.16666666666666666,0.09641384333372116
213,0.3333333333333333,0.16666666666666666,0.0,0.0,0.0,0.0,0.5640041958322138,0.09841737,0.16666666666666666,0.09841737151145935
214,0.1111111111111111,0.05555555555555556,0.0,0.0,0.0,0.4012495661228741,0.5609290153545518,0.06809321,0.05555555555555556,0.0680932104587555
215,0.2222222222222222,0.11111111111111112,0.0,0.0,0.0,0.0,0.30620702569573277,0.06130098,0.11111111111111112,0.06130098178982735
216,0.1111111111111111,0.05555555555555556,0.0,0.0,0.0,0.0,0.32176311304246746,0.034345336,0.05555555555555556,0.03434533625841141
217,0.3333333333333333,0.16666666666666666,0.0,0.0,0.0,0.0,0.6085687816157976,0.100073874,0.16666666666666666,0.10007387399673462
218,0.2222222222222222,0.11111111111111112,0.0,0.0,0.0,0.0,0.36001017927699175,0.063300885,0.11111111111111112,0.06330088526010513
219,0.1111111111111111,0.05555555555555556,0.0,0.0,0.0,0.0,0.36731725775094515,0.036038615,0.05555555555555556,0.03603861480951309
22,0.3333333333333333,0.22222222222222224,0.1111111111111111,0.1111111111111111,0.1111111111111111,0.24122979897516747,0.3552395936508777,0.18132009,0.22222222222222224,0.18132008612155914
220,0.3333333333333333,0.16666666666666666,0.0,0.0,0.0,0.24122979897516747,0.41944783589768053,0.10798859,0.16666666666666666,0.10798858851194382
221,0.2222222222222222,0.11111111111111112,0.0,0.0,0.0,0.0,0.392319205931699,0.06450184,0.11111111111111112,0.06450183689594269
222,0.4444444444444444,0.22222222222222224,0.0,0.0,0.0,0.0,0.3529847857102873,0.118107505,0.22222222222222224,0.11810750514268875
223,0.0,0.0,0.0,0.0,0.0,0.0,0.26340674847519274,0.004642307,0.0,0.004642306827008724
224,0.3333333333333333,0.16666666666666666,0.0,0.0,0.0,0.0,0.512750609897773,0.09651224,0.16666666666666666,0.09651224315166473
225,0.3333333333333333,0.16666666666666666,0.0,0.0,0.0,0.0,0.6926125008677307,0.103197835,0.16666666666666666,0.10319783538579941
226,0.2222222222222222,0.11111111111111112,0.0,0.0,0.0,0.0,0.48256944923996176,0.067856506,0.11111111111111112,0.06785650551319122
227,0.1111111111111111,0.05555555555555556,0.0,0.0,0.0,0.0,0.6464131188794618,0.046412814,0.05555555555555556,0.046412814408540726
228,0.4444444444444444,0.22222222222222224,0.0,0.0,0.0,0.24122979897516747,0.35712344358484255,0.13320583,0.22222222222222224,0.1332058310508728
229,0.0,0.0,0.0,0.0,0.0,0.0,0.3140201631363016,0.006523645,0.0,0.006523645017296076
23,0.0,0.0,0.0,0.0,0.0,0.0,0.38865962505881474,0.009298049,0.0,0.009298048913478851
230,0.2222222222222222,0.11111111111111112,0.0,0.0,0.0,0.0,0.2744588900183126,0.06012088,0.11111111111111112,0.06012088060379028
231,0.2222222222222222,0.11111111111111112,0.0,0.0,0.0,0.0,0.43374457987522824,0.06604165,0.11111111111111112,0.06604164838790894
232,0.2222222222222222,0.11111111111111112,0.0,0.0,0.0,0.0,0.49506296368718145,0.0683209,0.11111111111111112,0.06832090020179749
233,0.1111111111111111,0.05555555555555556,0.0,0.0,0.0,0.0,0.8962899034498861,0.05570092,0.05555555555555556,0.05570092052221298
234,0.2222222222222222,0.11111111111111112,0.0,0.0,0.0,0.0,0.5139229580484959,0.06902194,0.11111111111111112,0.06902194023132324
235,0.4444444444444444,0.22222222222222224,0.0,0.0,0.0,0.0,0.4829443786175903,0.1229382,0.22222222222222224,0.12293820083141327
236,0.1111111111111111,0.05555555555555556,0.0,0.0,0.0,0.0,0.0925210301675275,0.025824238,0.05555555555555556,0.02582423761487007
237,0.5555555555555556,0.2777777777777778,0.0,0.0,0.0,0.0,0.5584121548160602,0.15327728,0.2777777777777778,0.15327727794647217
238,0.1111111111111111,0.05555555555555556,0.0,0.0,0.0,0.0,0.5169864793584046,0.041601934,0.05555555555555556,0.04160193353891373
239,0.1111111111111111,0.05555555555555556,0.0,0.0,0.0,0.0,0.32261315939773794,0.03437693,0.05555555555555556,0.03437693044543266
24,0.3333333333333333,0.16666666666666666,0.0,0.0,0.0,0.0,0.6500486684291283,0.10161571,0.16666666666666666,0.10161571204662323
240,0.2222222222222222,0.11111111111111112,0.0,0.0,0.0,0.24122979897516747,0.5297152259698619,0.08455343,0.11111111111111112,0.08455342799425125
241,0.2222222222222222,0.11111111111111112,0.0,0.0,0.0,0.4012495661228741,0.48528400189668713,0.09281531,0.11111111111111112,0.09281530976295471
242,0.1111111111111111,0.05555555555555556,0.0,0.0,0.0,0.0,0.2771962894026443,0.032688756,0.05555555555555556,0.03268875554203987
243,0.3333333333333333,0.16666666666666666,0.0,0.0,0.0,0.0,0.3258213402683139,0.08956394,0.16666666666666666,0.08956394344568253
244,0.1111111111111111,0.05555555555555556,0.0,0.0,0.0,0.0,0.50786162198124,0.041262753,0.05555555555555556,0.041262753307819366
245,0.5555555555555556,0.2777777777777778,0.0,0.0,0.0,0.4012495661228741,0.4218423419962343,0.17305878,0.2777777777777778,0.17305877804756165
246,0.2222222222222222,0.11111111111111112,0.0,0.0,0.0,0.0,0.5718372663513414,0.07117466,0.11111111111111112,0.07117465883493423
247,0.2222222222222222,0.11111111111111112,0.0,0.0,0.0,0.0,0.40594419714000146,0.06500829,0.11111111111111112,0.06500829011201859
248,0.3333333333333333,0.16666666666666666,0.0,0.0,0.0,0.4012495661228741,0.3767066024532881,0.116313286,0.16666666666666666,0.11631328612565994
249,0.1111111111111111,0.05555555555555556,0.0,0.0,0.0,0.0,0.23253337612333558,0.0310286,0.05555555555555556,0.03102860040962696
25,0.3333333333333333,0.16666666666666666,0.0,0.0,0.0,0.24122979897516747,0.2345939195114144,0.10111743,0.16666666666666666,0.10111743211746216
250,0.4444444444444444,0.22222222222222224,0.0,0.0,0.0,0.0,0.7707078158235451,0.13363458,0.22222222222222224,0.13363458216190338
251,0.3333333333333333,0.16666666666666666,0.0,0.0,0.0,0.0,0.5098112195553997,0.09640298,0.16666666666666666,0.09640298038721085
252,0.3333333333333333,0.16666666666666666,0.0,0.0,0.0,0.24122979897516747,0.5080776439595841,0.11128303,0.16666666666666666,0.11128302663564682
253,0.6666666666666666,0.3333333333333333,0.0,0.0,0.0,0.4012495661228741,0.3992860672353337,0.19975422,0.3333333333333333,0.19975422322750092
254,0.0,0.0,0.0,0.0,0.0,0.0,0.49270636346615515,0.013165543,0.0,0.013165542855858803
255,0.0,0.0,0.0,0.0,0.0,0.0,0.17305834910257575,0.0012839905,0.0,0.0012839904520660639
256,0.1111111111111111,0.05555555555555556,0.0,0.0,0.0,0.24122979897516747,0.27586051325093874,0.047583584,0.05555555555555556,0.04758358374238014
257,0.2222222222222222,0.11111111111111112,0.0,0.0,0.0,0.0,0.30111581469101306,0.06111174,0.11111111111111112,0.06111174076795578
258,0.3333333333333333,0.16666666666666666,0.0,0.0,0.0,0.0,0.5079352223464343,0.09633325,0.16666666666666666,0.09633325040340424
259,0.2222222222222222,0.11111111111111112,0.0,0.0,0.0,0.0,0.68701725848499,0.07545598,0.11111111111111112,0.07545597851276398
26,0.2222222222222222,0.11111111111111112,0.0,0.0,0.0,0.0,0.21179782646301212,0.057791725,0.11111111111111112,0.05779172480106354
260,0.2222222222222222,0.11111111111111112,0.0,0.0,0.0,0.0,0.5924567689947005,0.0719411,0.11111111111111112,0.07194110006093979
261,0.1111111111111111,0.05555555555555556,0.0,0.0,0.0,0.4012495661228741,0.6441316851703309,0.07118592,0.05555555555555556,0.07118591666221619
262,0.1111111111111111,0.05555555555555556,0.0,0.0,0.0,0.0,0.6465115503950343,0.046416473,0.05555555555555556,0.046416472643613815
263,0.2222222222222222,0.11111111111111112,0.0,0.0,0.0,0.0,0.219150393810248,0.058065023,0.11111111111111112,0.0580650232732296
264,0.1111111111111111,0.05555555555555556,0.0,0.0,0.0,0.0,0.36488714349508244,0.035948288,0.05555555555555556,0.035948287695646286
265,0.1111111111111111,0.05555555555555556,0.0,0.0,0.0,0.0,0.32918965004179124,0.034621384,0.05555555555555556,0.034621383994817734
266,0.1111111111111111,0.05555555555555556,0.0,0.0,0.0,0.0,0.5040164385364299,0.041119825,0.05555555555555556,0.04111982509493828
267,0.4444444444444444,0.22222222222222224,0.0,0.0,0.0,0.0,0.26254318117686387,0.11474572,0.22222222222222224,0.11474572122097015
268,0.1111111111111111,0.05555555555555556,0.0,0.0,0.0,0.0,0.3230706114864807,0.034393936,0.05555555555555556,0.03439393639564514
269,0.1111111111111111,0.05555555555555556,0.0,0.0,0.0,0.4012495661228741,0.4596805140714998,0.06432973,0.05555555555555556,0.06432972848415375
27,0.3333333333333333,0.16666666666666666,0.0,0.0,0.0,0.0,0.3750412005131539,0.09139348,0.16666666666666666,0.09139347821474075
270,0.2222222222222222,0.11111111111111112,0.0,0.0,0.0,0.24122979897516747,0.5243551427558563,0.08435419,0.11111111111111112,0.08435419201850891
271,0.1111111111111111,0.05555555555555556,0.0,0.0,0.0,0.4012495661228741,0.5694965883779822,0.06841168,0.05555555555555556,0.0684116780757904
272,0.1111111111111111,0.05555555555555556,0.0,0.0,0.0,0.0,0.4125735389427826,0.037720826,0.05555555555555556,0.037720825523138046
273,0.3333333333333333,0.16666666666666666,0.0,0.0,0.0,0.4012495661228741,0.5497466369206615,0.12274531,0.16666666666666666,0.12274531275033951
274,0.5555555555555556,0.2777777777777778,0.0,0.0,0.0,0.24122979897516747,0.5604899272361389,0.16829899,0.2777777777777778,0.16829898953437805
275,0.2222222222222222,0.11111111111111112,0.0,0.0,0.0,0.24122979897516747,0.44351408311697155,0.08134927,0.11111111111111112,0.08134926855564117
276,0.4444444444444444,0.22222222222222224,0.0,0.0,0.0,0.0,0.6233711691471204,0.12815797,0.22222222222222224,0.12815797328948975
277,0.0,0.0,0.0,0.0,0.0,0.4012495661228741,0.24925518715474818,0.028974187,0.0,0.02897418662905693
278,0.3333333333333333,0.16666666666666666,0.0,0.0,0.0,0.0,0.5126102151079507,0.09650702,0.16666666666666666,0.09650702029466629
279,0.2222222222222222,0.11111111111111112,0.0,0.0,0.0,0.4012495661228741,0.49827874235651126,0.09329833,0.11111111111111112,0.09329833090305328
28,0.4444444444444444,0.22222222222222224,0.0,0.0,0.0,0.0,0.5856184641149162,0.12675467,0.22222222222222224,0.12675467133522034
280,0.2222222222222222,0.11111111111111112,0.0,0.0,0.0,0.0,0.47983635753569115,0.06775492,0.11111111111111112,0.06775491684675217
281,0.1111111111111111,0.05555555555555556,0.0,0.0,0.0,0.0,0.4633984115607029,0.039610025,0.05555555555555556,0.03961002454161644
282,0.0,0.0,0.0,0.0,0.0,0.0,0.4039087780145822,0.009864871,0.0,0.009864871390163898
283,0.3333333333333333,0.16666666666666666,0.0,0.0,0.0,0.4012495661228741,0.3686511712611797,0.11601386,0.16666666666666666,0.11601386219263077
284,0.2222222222222222,0.11111111111111112,0.0,0.0,0.0,0.0,0.43601199339721,0.06612593,0.11111111111111112,0.06612592935562134
285,0.2222222222222222,0.11111111111111112,0.0,0.0,0.0,0.0,0.2608534863633676,0.059615158,0.11111111111111112,0.059615157544612885
286,0.0,0.0,0.0,0.0,0.0,0.24122979897516747,0.4071537179048611,0.02492997,0.0,0.024929970502853394
287,0.0,0.0,0.0,0.0,0.0,0.24122979897516747,0.1628761772396587,0.015849994,0.0,0.015849994495511055
288,0.2222222222222222,0.11111111111111112,0.0,0.0,0.0,0.0,0.3500122925776331,0.06292926,0.11111111111111112,0.06292925775051117
289,0.3333333333333333,0.16666666666666666,0.0,0.0,0.0,0.0,0.47126960741677604,0.09497036,0.16666666666666666,0.09497036039829254
29,0.8888888888888888,0.4444444444444445,0.0,0.0,0.0,0.0,0.6425080192984917,0.23900482,0.4444444444444445,0.23900482058525085
290,0.2222222222222222,0.11111111111111112,0.0,0.0,0.0,0.0,0.3176258252009173,0.06172543,0.11111111111111112,0.0617254301905632
291,0.1111111111111111,0.05555555555555556,0.0,0.0,0.0,0.24122979897516747,0.5179836209433037,0.05658348,0.05555555555555556,0.056583479046821594
292,0.2222222222222222,0.11111111111111112,0.0,0.0,0.0,0.0,0.2546411088095399,0.05938424,0.11111111111111112,0.059384241700172424
293,0.2222222222222222,0.11111111111111112,0.0,0.0,0.0,0.24122979897516747,0.38938051389682643,0.07933708,0.11111111111111112,0.07933708280324936
294,0.1111111111111111,0.05555555555555556,0.0,0.0,0.0,0.0,0.1399995608572955,0.027589051,0.05555555555555556,0.02758905105292797
295,0.1111111111111111,0.05555555555555556,0.0,0.0,0.0,0.4012495661228741,0.5053913493245095,0.06602883,0.05555555555555556,0.06602883338928223
296,0.0,0.0,0.0,0.0,0.0,0.0,0.3903245648556334,0.009359936,0.0,0.009359936229884624
297,0.3333333333333333,0.16666666666666666,0.0,0.0,0.0,0.4012495661228741,0.33110880980718976,0.11461838,0.16666666666666666,0.11461838334798813
298,0.0,0.0,0.0,0.0,0.0,0.0,0.43175123166178575,0.010899795,0.0,0.010899795219302177
299,0.3333333333333333,0.16666666666666666,0.0,0.0,0.0,0.0,0.6183325065636088,0.1004368,0.16666666666666666,0.10043679922819138
3,0.1111111111111111,0.05555555555555556,0.0,0.0,0.0,0.24122979897516747,0.38618156472591014,0.051684298,0.05555555555555556,0.05168429762125015
30,0.1111111111111111,0.05555555555555556,0.0,0.0,0.0,0.24122979897516747,0.5022492482845137,0.05599862,0.05555555555555556,0.05599861964583397
300,0.2222222222222222,0.11111111111111112,0.0,0.0,0.0,0.0,0.3083462642882185,0.0613805,0.11111111111111112,0.061380501836538315
301,0.6666666666666666,0.3333333333333333,0.0,0.0,0.0,0.4012495661228741,1.0,0.2220832,0.3333333333333333,0.2220831960439682
302,0.2222222222222222,0.11111111111111112,0.0,0.0,0.0,0.0,0.5369504762361502,0.069877885,0.11111111111111112,0.06987788528203964
303,0.0,0.0,0.0,0.0,0.0,0.0,0.43972122260082347,0.011196046,0.0,0.011196046136319637
304,0.1111111111111111,0.05555555555555556,0.0,0.0,0.0,0.0,0.36891507046049266,0.036098007,0.05555555555555556,0.03609800711274147
305,0.2222222222222222,0.11111111111111112,0.0,0.0,0.0,0.24122979897516747,0.344308313533838,0.077661715,0.11111111111111112,0.07766171544790268
306,0.1111111111111111,0.05555555555555556,0.0,0.0,0.0,0.0,0.36808782761815,0.03606726,0.05555555555555556,0.036067258566617966
307,0.3333333333333333,0.16666666666666666,0.0,0.0,0.0,0.4012495661228741,0.5043751394204226,0.12105882,0.16666666666666666,0.12105882167816162
308,0.5555555555555556,0.2777777777777778,0.0,0.0,0.0,0.24122979897516747,0.6486589131093244,0.17157629,0.2777777777777778,0.17157629132270813
309,0.4444444444444444,0.22222222222222224,0.0,0.0,0.0,0.24122979897516747,0.5812341603410656,0.14153619,0.22222222222222224,0.1415361911058426
31,0.1111111111111111,0.05555555555555556,0.0,0.0,0.0,0.0,0.4146661528608911,0.03779861,0.05555555555555556,0.03779860958456993
310,0.1111111111111111,0.05555555555555556,0.0,0.0,0.0,0.4012495661228741,0.5621614236248965,0.068139024,0.05555555555555556,0.06813902407884598
311,0.3333333333333333,0.16666666666666666,0.0,0.0,0.0,0.0,0.4876125669534514,0.09557784,0.16666666666666666,0.09557784348726273
312,0.5555555555555556,0.2777777777777778,0.0,0.0,0.0,0.4012495661228741,0.4699739611418864,0.17484786,0.2777777777777778,0.17484785616397858
313,0.0,0.0,0.0,0.0,0.0,0.24122979897516747,0.5668611609992755,0.030866414,0.0,0.030866414308547974
314,0.0,0.0,0.0,0.0,0.0,0.4012495661228741,0.4756358109501432,0.03738892,0.0,0.03738892078399658
315,0.3333333333333333,0.16666666666666666,0.0,0.0,0.0,0.0,0.509147468446037,0.09637831,0.16666666666666666,0.09637831151485443
316,0.5555555555555556,0.2777777777777778,0.0,0.0,0.0,0.0,0.5154965063509971,0.15168206,0.2777777777777778,0.1516820639371872
317,0.4444444444444444,0.22222222222222224,0.0,0.0,0.0,0.4012495661228741,0.48729563232289647,0.14795785,0.22222222222222224,0.14795784652233124
318,0.2222222222222222,0.11111111111111112,0.0,0.0,0.0,0.0,0.665915584953059,0.07467162,0.11111111111111112,0.07467161864042282
319,0.2222222222222222,0.11111111111111112,0.0,0.0,0.0,0.4012495661228741,0.25460526584608995,0.08424081,0.11111111111111112,0.08424080908298492
32,0.2222222222222222,0.11111111111111112,0.0,0.0,0.0,0.0,0.5306033377843877,0.06964196,0.11111111111111112,0.06964196264743805
320,0.3333333333333333,0.16666666666666666,0.0,0.0,0.0,0.24122979897516747,0.32326783390818314,0.10441351,0.16666666666666666,0.10441350936889648
321,0.1111111111111111,0.05555555555555556,0.0,0.0,0.0,0.4012495661228741,0.5952178463129758,0.06936775,0.05555555555555556,0.06936775147914886
322,0.2222222222222222,0.11111111111111112,0.0,0.0,0.0,0.4012495661228741,0.5534347438890785,0.09534852,0.11111111111111112,0.09534852206707001
323,0.4444444444444444,0.22222222222222224,0.0,0.0,0.0,0.24122979897516747,0.4982039905265505,0.13844989,0.22222222222222224,0.13844989240169525
324,0.2222222222222222,0.11111111111111112,0.0,0.0,0.0,0.0,0.440553804595019,0.06629475,0.11111111111111112,0.06629475206136703
325,0.6666666666666666,0.3333333333333333,0.0,0.0,0.0,0.24122979897516747,0.31325969852395247,0.18664314,0.3333333333333333,0.18664313852787018
326,0.3333333333333333,0.16666666666666666,0.0,0.0,0.0,0.0,0.2799364837588055,0.087858364,0.16666666666666666,0.08785836398601532
327,0.3333333333333333,0.16666666666666666,0.0,0.0,0.0,0.0,0.2312591231832588,0.08604899,0.16666666666666666,0.08604899048805237
328,0.1111111111111111,0.05555555555555556,0.0,0.0,0.0,0.0,0.6396931544872925,0.04616303,0.05555555555555556,0.046163029968738556
329,0.3333333333333333,0.16666666666666666,0.0,0.0,0.0,0.24122979897516747,0.6541861043073677,0.116713986,0.16666666666666666,0.1167139858007431
33,0.2222222222222222,0.11111111111111112,0.0,0.0,0.0,0.4012495661228741,0.4866941787957884,0.092867725,0.11111111111111112,0.09286772459745407
330,0.4444444444444444,0.22222222222222224,0.0,0.0,0.0,0.24122979897516747,0.4900787378724764,0.13814788,0.22222222222222224,0.13814787566661835
331,0.3333333333333333,0.16666666666666666,0.0,0.0,0.0,0.4012495661228741,0.414486017236221,0.11771758,0.16666666666666666,0.11771757900714874
332,0.2222222222222222,0.11111111111111112,0.0,0.0,0.0,0.0,0.4891731717928031,0.06810197,0.11111111111111112,0.06810197234153748
333,0.2222222222222222,0.11111111111111112,0.0,0.0,0.0,0.4012495661228741,0.3125207526692324,0.08639357,0.11111111111111112,0.0863935723900795
334,0.8888888888888888,0.4444444444444445,0.0,0.0,0.0,0.0,0.49923997313590124,0.23367943,0.4444444444444445,0.23367942869663239
335,0.1111111111111111,0.05555555555555556,0.0,0.0,0.0,0.4012495661228741,0.23174016057054403,0.055857018,0.05555555555555556,0.05585701763629913
336,0.2222222222222222,0.11111111111111112,0.0,0.0,0.0,0.4012495661228741,0.48391784121926124,0.09276453,0.11111111111111112,0.09276452660560608
337,0.6666666666666666,0.3333333333333333,0.0,0.0,0.0,0.4012495661228741,0.721949856001754,0.21174787,0.3333333333333333,0.21174786984920502
338,0.4444444444444444,0.22222222222222224,0.0,0.0,0.0,0.0,0.44831850713761845,0.12165113,0.22222222222222224,0.12165112793445587
339,0.5555555555555556,0.2777777777777778,0.0,0.0,0.0,0.0,0.5659400909927884,0.15355709,0.2777777777777778,0.15355709195137024
34,0.2222222222222222,0.11111111111111112,0.0,0.0,0.0,0.0,0.5771086320583513,0.071370594,0.11111111111111112,0.07137059420347214
340,0.3333333333333333,0.16666666666666666,0.0,0.0,0.0,0.24122979897516747,0.6533630433506068,0.11668339,0.16666666666666666,0.11668339371681213
341,0.3333333333333333,0.16666666666666666,0.0,0.0,0.0,0.24122979897516747,0.41422142421977665,0.10779432,0.16666666666666666,0.10779432207345963
342,0.2222222222222222,0.11111111111111112,0.0,0.0,0.0,0.0,0.621961104525619,0.073037796,0.11111111111111112,0.07303779572248459
343,0.1111111111111111,0.05555555555555556,0.0,0.0,0.0,0.0,0.36530872697847694,0.035963956,0.05555555555555556,0.03596395626664162
344,0.1111111111111111,0.05555555555555556,0.0,0.0,0.0,0.0,0.24085284773709822,0.031337842,0.05555555555555556,0.03133784234523773
345,0.2222222222222222,0.11111111111111112,0.0,0.0,0.0,0.0,0.5961261071940154,0.07207749,0.11111111111111112,0.07207749038934708
346,0.3333333333333333,0.16666666666666666,0.0,0.0,0.0,0.0,0.4703313177000112,0.094935484,0.16666666666666666,0.09493548423051834
347,0.1111111111111111,0.05555555555555556,0.0,0.0,0.0,0.0,0.553872424993987,0.042973008,0.05555555555555556,0.04297300800681114
348,0.2222222222222222,0.11111111111111112,0.0,0.0,0.0,0.24122979897516747,0.7165871089996055,0.0914996,0.11111111111111112,0.09149959683418274
349,0.3333333333333333,0.16666666666666666,0.0,0.0,0.0,0.4012495661228741,0.4148528508751523,0.11773121,0.16666666666666666,0.11773121356964111
35,0.4444444444444444,0.22222222222222224,0.0,0.0,0.0,0.0,0.39789956713645835,0.119777024,0.22222222222222224,0.11977702379226685
350,0.2222222222222222,0.11111111111111112,0.0,0.0,0.0,0.0,0.4959736473966699,0.06835475,0.11111111111111112,0.06835474818944931
351,0.2222222222222222,0.22222222222222224,0.2222222222222222,0.2222222222222222,0.2222222222222222,1.0,0.3956185282914516,0.27801204,0.22222222222222224,0.2780120372772217
352,0.1111111111111111,0.11111111111111112,0.1111111111111111,0.1111111111111111,0.1111111111111111,1.0,0.18868084315550543,0.16706796,0.11111111111111112,0.16706795990467072
353,0.3333333333333333,0.3333333333333333,0.3333333333333333,0.3333333333333333,0.3333333333333333,1.0,0.1748511559797766,0.373058,0.3333333333333333,0.3730579912662506
354,0.0,0.0,0.0,0.0,0.0,1.0,0.09566547572768361,0.06035847,0.0,0.06035846844315529
355,0.7777777777777778,0.7777777777777777,0.7777777777777778,0.7777777777777778,0.7777777777777778,1.0,0.4707239361745006,0.797064,0.7777777777777777,0.7970640063285828
356,0.1111111111111111,0.11111111111111112,0.1111111111111111,0.1111111111111111,0.1111111111111111,1.0,0.1743564116606282,0.16653551,0.11111111111111112,0.16653551161289215
357,0.1111111111111111,0.11111111111111112,0.1111111111111111,0.1111111111111111,0.1111111111111111,1.0,0.22220338273216314,0.16831402,0.11111111111111112,0.16831402480602264
358,0.2222222222222222,0.22222222222222224,0.2222222222222222,0.2222222222222222,0.2222222222222222,1.0,0.24201701202334164,0.27230257,0.22222222222222224,0.2723025679588318
359,0.1111111111111111,0.11111111111111112,0.1111111111111111,0.1111111111111111,0.1111111111111111,1.0,0.2900194043457749,0.1708348,0.11111111111111112,0.17083479464054108
36,0.3333333333333333,0.16666666666666666,0.0,0.0,0.0,0.0,0.3272699941085548,0.08961779,0.16666666666666666,0.0896177887916565
360,0.2222222222222222,0.22222222222222224,0.2222222222222222,0.2222222222222222,0.2222222222222222,1.0,0.2965998676396103,0.27433145,0.22222222222222224,0.2743314504623413
361,0.1111111111111111,0.11111111111111112,0.1111111111111111,0.1111111111111111,0.1111111111111111,1.0,0.1808329325494137,0.16677625,0.11111111111111112,0.16677625477313995
362,0.2222222222222222,0.22222222222222224,0.2222222222222222,0.2222222222222222,0.2222222222222222,0.0,0.12644464423842025,0.20605542,0.22222222222222224,0.2060554176568985
363,0.4444444444444444,0.4444444444444445,0.4444444444444444,0.4444444444444444,0.4444444444444444,1.0,0.3505956433110925,0.4828426,0.4444444444444445,0.4828425943851471
364,0.3333333333333333,0.3333333333333333,0.3333333333333333,0.3333333333333333,0.3333333333333333,1.0,0.44696914973596125,0.38317284,0.3333333333333333,0.3831728398799896
365,0.3333333333333333,0.3333333333333333,0.3333333333333333,0.3333333333333333,0.3333333333333333,1.0,0.3915559121576513,0.38111308,0.3333333333333333,0.38111308217048645
366,0.4444444444444444,0.4444444444444445,0.4444444444444444,0.4444444444444444,0.4444444444444444,1.0,0.24095937441485507,0.47876734,0.4444444444444445,0.4787673354148865
367,0.3333333333333333,0.3333333333333333,0.3333333333333333,0.3333333333333333,0.3333333333333333,0.0,0.2152844344260469,0.3126097,0.3333333333333333,0.3126097023487091
368,0.0,0.0,0.0,0.0,0.0,1.0,0.20565447439888135,0.064446844,0.0,0.0644468441605568
369,0.3333333333333333,0.2777777777777778,0.2222222222222222,0.2222222222222222,0.2222222222222222,1.0,0.2723180775789899,0.30096275,0.2777777777777778,0.30096274614334106
37,0.2222222222222222,0.11111111111111112,0.0,0.0,0.0,0.0,0.4377962041728706,0.06619225,0.11111111111111112,0.06619224697351456
370,0.1111111111111111,0.11111111111111112,0.1111111111111111,0.1111111111111111,0.1111111111111111,1.0,0.3068423765004457,0.17146012,0.11111111111111112,0.1714601218700409
371,0.3333333333333333,0.3333333333333333,0.3333333333333333,0.3333333333333333,0.3333333333333333,1.0,0.41492113377351125,0.38198158,0.3333333333333333,0.38198158144950867
372,0.0,0.0,0.0,0.0,0.0,1.0,0.18352711940695618,0.06362435,0.0,0.06362435221672058
373,0.1111111111111111,0.11111111111111112,0.1111111111111111,0.1111111111111111,0.1111111111111111,1.0,0.27972163855230514,0.17045201,0.11111111111111112,0.17045201361179352
374,0.1111111111111111,0.11111111111111112,0.1111111111111111,0.1111111111111111,0.1111111111111111,1.0,0.17348018834451626,0.16650295,0.11111111111111112,0.1665029525756836
375,0.2222222222222222,0.22222222222222224,0.2222222222222222,0.2222222222222222,0.2222222222222222,1.0,0.5943427408905821,0.28539875,0.22222222222222224,0.2853987514972687
376,0.1111111111111111,0.11111111111111112,0.1111111111111111,0.1111111111111111,0.1111111111111111,1.0,0.1633580591111721,0.1661267,0.11111111111111112,0.16612669825553894
377,0.0,0.0,0.0,0.0,0.0,1.0,0.2834527264979494,0.06733866,0.0,0.06733866035938263
378,0.4444444444444444,0.4444444444444445,0.4444444444444444,0.4444444444444444,0.4444444444444444,1.0,0.3765501676072382,0.48380736,0.4444444444444445,0.48380735516548157
379,0.3333333333333333,0.3333333333333333,0.3333333333333333,0.3333333333333333,0.3333333333333333,0.0,0.20538937971092786,0.3122419,0.3333333333333333,0.31224191188812256
38,0.2222222222222222,0.11111111111111112,0.0,0.0,0.0,0.4012495661228741,0.4337494952045813,0.090899736,0.11111111111111112,0.09089973568916321
380,0.2222222222222222,0.22222222222222224,0.2222222222222222,0.2222222222222222,0.2222222222222222,1.0,0.08592327303906662,0.26650044,0.22222222222222224,0.26650044322013855
381,0.1111111111111111,0.11111111111111112,0.1111111111111111,0.1111111111111111,0.1111111111111111,1.0,0.24270422469442846,0.16907606,0.11111111111111112,0.16907605528831482
382,0.3333333333333333,0.3333333333333333,0.3333333333333333,0.3333333333333333,0.3333333333333333,1.0,0.2641057391639659,0.37637565,0.3333333333333333,0.37637564539909363
383,0.2222222222222222,0.22222222222222224,0.2222222222222222,0.2222222222222222,0.2222222222222222,1.0,0.28905295883613724,0.27405092,0.22222222222222224,0.27405092120170593
384,0.0,0.0,0.0,0.0,0.0,1.0,0.2696205403264312,0.0668245,0.0,0.06682450324296951
385,0.3333333333333333,0.3333333333333333,0.3333333333333333,0.3333333333333333,0.3333333333333333,1.0,0.28906935027669023,0.37730357,0.3333333333333333,0.3773035705089569
386,0.0,0.0,0.0,0.0,0.0,0.0,0.13851530423467617,0.0,0.0,0.0
387,0.3333333333333333,0.3333333333333333,0.3333333333333333,0.3333333333333333,0.3333333333333333,1.0,0.3680773827966224,0.38024035,0.3333333333333333,0.3802403509616852
388,0.3333333333333333,0.3333333333333333,0.3333333333333333,0.3333333333333333,0.3333333333333333,0.0,0.1546181363507501,0.3103547,0.3333333333333333,0.31035470962524414
389,0.0,0.0,0.0,0.0,0.0,1.0,0.15152057198236712,0.062434644,0.0,0.062434643507003784
39,0.2222222222222222,0.11111111111111112,0.0,0.0,0.0,0.24122979897516747,0.6535080807466869,0.0891549,0.11111111111111112,0.08915489912033081
390,0.3333333333333333,0.3333333333333333,0.3333333333333333,0.3333333333333333,0.3333333333333333,1.0,0.35333985775597165,0.37969255,0.3333333333333333,0.37969255447387695
391,0.3333333333333333,0.3333333333333333,0.3333333333333333,0.3333333333333333,0.3333333333333333,1.0,0.1749984358502098,0.37306347,0.3333333333333333,0.37306347489356995
392,0.3333333333333333,0.3333333333333333,0.3333333333333333,0.3333333333333333,0.3333333333333333,1.0,0.27472294590698615,0.37677032,0.3333333333333333,0.3767703175544739
393,0.1111111111111111,0.11111111111111112,0.1111111111111111,0.1111111111111111,0.1111111111111111,1.0,0.41666321477384416,0.17554224,0.11111111111111112,0.17554223537445068
394,0.0,0.0,0.0,0.0,0.0,1.0,0.21025914848203753,0.064618,0.0,0.06461799889802933
395,0.4444444444444444,0.4444444444444445,0.4444444444444444,0.4444444444444444,0.4444444444444444,1.0,0.13782174016237517,0.47493362,0.4444444444444445,0.4749336242675781
396,0.1111111111111111,0.11111111111111112,0.1111111111111111,0.1111111111111111,0.1111111111111111,1.0,0.11557844597606427,0.16435069,0.11111111111111112,0.164350688457489
397,0.5555555555555556,0.5555555555555556,0.5555555555555556,0.5555555555555556,0.5555555555555556,1.0,0.4364509934142514,0.58928597,0.5555555555555556,0.5892859697341919
398,0.2222222222222222,0.22222222222222224,0.2222222222222222,0.2222222222222222,0.2222222222222222,1.0,0.3945541438427888,0.2779725,0.22222222222222224,0.2779724895954132
399,0.1111111111111111,0.11111111111111112,0.1111111111111111,0.1111111111111111,0.1111111111111111,1.0,0.3621037225500744,0.17351422,0.11111111111111112,0.1735142171382904
4,0.4444444444444444,0.22222222222222224,0.0,0.0,0.0,0.0,0.41668365512827127,0.12047524,0.22222222222222224,0.12047524005174637
40,0.3333333333333333,0.16666666666666666,0.0,0.0,0.0,0.4012495661228741,0.46298817631926015,0.11952044,0.16666666666666666,0.11952044069766998
400,0.1111111111111111,0.11111111111111112,0.1111111111111111,0.1111111111111111,0.1111111111111111,1.0,0.12040893692757047,0.16453025,0.11111111111111112,0.16453024744987488
401,0.2222222222222222,0.22222222222222224,0.2222222222222222,0.2222222222222222,0.2222222222222222,1.0,0.20802454551774094,0.27103904,0.22222222222222224,0.27103903889656067
402,0.2222222222222222,0.22222222222222224,0.2222222222222222,0.2222222222222222,0.2222222222222222,1.0,0.31474276726933,0.27500582,0.22222222222222224,0.2750058174133301
403,0.5555555555555556,0.5555555555555556,0.5555555555555556,0.5555555555555556,0.5555555555555556,1.0,0.38338792527211035,0.58731353,0.5555555555555556,0.5873135328292847
404,0.1111111111111111,0.11111111111111112,0.1111111111111111,0.1111111111111111,0.1111111111111111,1.0,0.28829173958938836,0.17077057,0.11111111111111112,0.1707705706357956
405,0.2222222222222222,0.22222222222222224,0.2222222222222222,0.2222222222222222,0.2222222222222222,1.0,0.25499062651741944,0.2727848,0.22222222222222224,0.2727847993373871
406,0.2222222222222222,0.22222222222222224,0.2222222222222222,0.2222222222222222,0.2222222222222222,1.0,0.42929760593312916,0.2792639,0.22222222222222224,0.2792639136314392
407,0.1111111111111111,0.11111111111111112,0.1111111111111111,0.1111111111111111,0.1111111111111111,1.0,0.24565626399722285,0.16918579,0.11111111111111112,0.1691857874393463
408,0.2222222222222222,0.22222222222222224,0.2222222222222222,0.2222222222222222,0.2222222222222222,1.0,0.3697696698720097,0.2770512,0.22222222222222224,0.2770512104034424
409,0.3333333333333333,0.3333333333333333,0.3333333333333333,0.3333333333333333,0.3333333333333333,1.0,0.3518170723847546,0.37963596,0.3333333333333333,0.3796359598636627
41,0.2222222222222222,0.11111111111111112,0.0,0.0,0.0,0.0,0.2562138117014035,0.0594427,0.11111111111111112,0.05944269895553589
410,0.3333333333333333,0.3333333333333333,0.3333333333333333,0.3333333333333333,0.3333333333333333,1.0,0.30655039917190025,0.37795335,0.3333333333333333,0.37795335054397583
411,0.2222222222222222,0.22222222222222224,0.2222222222222222,0.2222222222222222,0.2222222222222222,1.0,0.2042642035005192,0.27089927,0.22222222222222224,0.2708992660045624
412,0.1111111111111111,0.11111111111111112,0.1111111111111111,0.1111111111111111,0.1111111111111111,1.0,0.060428036558741564,0.16230072,0.11111111111111112,0.1623007208108902
413,0.4444444444444444,0.4444444444444445,0.4444444444444444,0.4444444444444444,0.4444444444444444,1.0,0.36070179392524293,0.48321825,0.4444444444444445,0.483218252658844
414,0.2222222222222222,0.22222222222222224,0.2222222222222222,0.2222222222222222,0.2222222222222222,1.0,0.2543500983363568,0.272761,0.22222222222222224,0.2727609872817993
415,0.2222222222222222,0.22222222222222224,0.2222222222222222,0.2222222222222222,0.2222222222222222,1.0,0.41453883346572384,0.2787153,0.22222222222222224,0.2787153124809265
416,0.3333333333333333,0.3333333333333333,0.3333333333333333,0.3333333333333333,0.3333333333333333,1.0,0.22993410671400002,0.37510547,0.3333333333333333,0.37510547041893005
417,0.0,0.0,0.0,0.0,0.0,1.0,0.16800916349375233,0.063047536,0.0,0.06304753571748734
418,0.2222222222222222,0.22222222222222224,0.2222222222222222,0.2222222222222222,0.2222222222222222,1.0,0.21593366061688485,0.271333,0.22222222222222224,0.2713330090045929
419,0.1111111111111111,0.11111111111111112,0.1111111111111111,0.1111111111111111,0.1111111111111111,1.0,0.4223545321478801,0.17575379,0.11111111111111112,0.17575378715991974
42,0.2222222222222222,0.11111111111111112,0.0,0.0,0.0,0.0,0.4829032199400248,0.06786891,0.11111111111111112,0.0678689107298851
420,1.0,1.0,1.0,1.0,1.0,1.0,0.37473194368483215,1.0,1.0,1.0
421,0.2222222222222222,0.22222222222222224,0.2222222222222222,0.2222222222222222,0.2222222222222222,1.0,0.3567479741137374,0.2765672,0.22222222222222224,0.2765671908855438
422,0.0,0.0,0.0,0.0,0.0,1.0,0.21507112729961947,0.064796865,0.0,0.06479686498641968
423,0.1111111111111111,0.11111111111111112,0.1111111111111111,0.1111111111111111,0.1111111111111111,1.0,0.23564822356430115,0.16881378,0.11111111111111112,0.1688137799501419
424,0.2222222222222222,0.22222222222222224,0.2222222222222222,0.2222222222222222,0.2222222222222222,0.0,0.13489699902542346,0.2063696,0.22222222222222224,0.20636959373950958
425,0.3333333333333333,0.3333333333333333,0.3333333333333333,0.3333333333333333,0.3333333333333333,1.0,0.28535862376913995,0.37716565,0.3333333333333333,0.37716564536094666
426,0.2222222222222222,0.22222222222222224,0.2222222222222222,0.2222222222222222,0.2222222222222222,1.0,0.2001340129026204,0.27074572,0.22222222222222224,0.27074572443962097
427,0.0,0.0,0.0,0.0,0.0,1.0,0.09479800641153528,0.060326222,0.0,0.0603262223303318
428,0.1111111111111111,0.11111111111111112,0.1111111111111111,0.1111111111111111,0.1111111111111111,1.0,0.23363111099188735,0.1687388,0.11111111111111112,0.16873879730701447
429,0.2222222222222222,0.22222222222222224,0.2222222222222222,0.2222222222222222,0.2222222222222222,1.0,0.2552358424658183,0.27279392,0.22222222222222224,0.2727939188480377
43,0.0,0.0,0.0,0.0,0.0,0.0,0.3432147266089341,0.0076088286,0.0,0.007608828600496054
430,0.2222222222222222,0.22222222222222224,0.2222222222222222,0.2222222222222222,0.2222222222222222,1.0,0.30903930158342735,0.27479383,0.22222222222222224,0.2747938334941864
431,0.3333333333333333,0.3333333333333333,0.3333333333333333,0.3333333333333333,0.3333333333333333,1.0,0.27418167653367015,0.3767502,0.3333333333333333,0.3767502009868622
432,0.5555555555555556,0.5555555555555556,0.5555555555555556,0.5555555555555556,0.5555555555555556,1.0,0.43009830425997975,0.5890498,0.5555555555555556,0.5890498161315918
433,0.2222222222222222,0.22222222222222224,0.2222222222222222,0.2222222222222222,0.2222222222222222,1.0,0.1388859139747435,0.2684691,0.22222222222222224,0.26846909523010254
434,0.1111111111111111,0.11111111111111112,0.1111111111111111,0.1111111111111111,0.1111111111111111,0.0,0.05115249289450877,0.10000471,0.11111111111111112,0.10000471025705338
435,0.5555555555555556,0.5555555555555556,0.5555555555555556,0.5555555555555556,0.5555555555555556,1.0,0.4029868175025103,0.5880421,0.5555555555555556,0.5880420804023743
436,0.0,0.0,0.0,0.0,0.0,0.0,0.1792597977688184,0.0015145028,0.0,0.001514502801001072
437,0.2222222222222222,0.22222222222222224,0.2222222222222222,0.2222222222222222,0.2222222222222222,1.0,0.48306291245403365,0.2812624,0.22222222222222224,0.2812623977661133
438,0.1111111111111111,0.11111111111111112,0.1111111111111111,0.1111111111111111,0.1111111111111111,0.0,0.1629056161966888,0.104158655,0.11111111111111112,0.10415865480899811
439,0.0,0.0,0.0,0.0,0.0,1.0,0.08800754448215381,0.06007382,0.0,0.060073819011449814
44,0.2222222222222222,0.11111111111111112,0.0,0.0,0.0,0.0,0.4805803079353792,0.067782566,0.11111111111111112,0.06778256595134735
440,0.1111111111111111,0.11111111111111112,0.1111111111111111,0.1111111111111111,0.1111111111111111,1.0,0.12023349833183176,0.16452372,0.11111111111111112,0.16452372074127197
441,0.3333333333333333,0.3333333333333333,0.3333333333333333,0.3333333333333333,0.3333333333333333,1.0,0.4068418638980983,0.38168126,0.3333333333333333,0.38168126344680786
442,0.4444444444444444,0.4444444444444445,0.4444444444444444,0.4444444444444444,0.4444444444444444,1.0,0.5444390323928544,0.4900479,0.4444444444444445,0.4900479018688202
443,0.1111111111111111,0.11111111111111112,0.1111111111111111,0.1111111111111111,0.1111111111111111,1.0,0.18811684497904504,0.167047,0.11111111111111112,0.16704699397087097
444,0.2222222222222222,0.22222222222222224,0.2222222222222222,0.2222222222222222,0.2222222222222222,1.0,0.26918952077906994,0.27331257,0.22222222222222224,0.2733125686645508
445,0.4444444444444444,0.4444444444444445,0.4444444444444444,0.4444444444444444,0.4444444444444444,1.0,0.2548326003647233,0.479283,0.4444444444444445,0.47928300499916077
446,0.1111111111111111,0.11111111111111112,0.1111111111111111,0.1111111111111111,0.1111111111111111,1.0,0.1369374238995431,0.16514462,0.11111111111111112,0.16514462232589722
447,0.2222222222222222,0.22222222222222224,0.2222222222222222,0.2222222222222222,0.2222222222222222,1.0,0.20695881817741216,0.27099943,0.22222222222222224,0.2709994316101074
448,0.3333333333333333,0.3333333333333333,0.3333333333333333,0.3333333333333333,0.3333333333333333,1.0,0.11602880766200964,0.37087154,0.3333333333333333,0.37087154388427734
449,0.2222222222222222,0.22222222222222224,0.2222222222222222,0.2222222222222222,0.2222222222222222,1.0,0.2885097949800925,0.27403072,0.22222222222222224,0.2740307152271271
45,0.2222222222222222,0.11111111111111112,0.0,0.0,0.0,0.0,0.4860189752627843,0.06798472,0.11111111111111112,0.06798472255468369
450,0.3333333333333333,0.3333333333333333,0.3333333333333333,0.3333333333333333,0.3333333333333333,1.0,0.3995001478651821,0.38140836,0.3333333333333333,0.38140836358070374
451,0.2222222222222222,0.22222222222222224,0.2222222222222222,0.2222222222222222,0.2222222222222222,1.0,0.4852814751770937,0.2813449,0.22222222222222224,0.2813448905944824
452,0.0,0.0,0.0,0.0,0.0,1.0,0.3218017894192085,0.06876412,0.0,0.06876412034034729
453,0.5555555555555556,0.5555555555555556,0.5555555555555556,0.5555555555555556,0.5555555555555556,1.0,0.1707296954063492,0.5794089,0.5555555555555556,0.5794088840484619
454,0.1111111111111111,0.11111111111111112,0.1111111111111111,0.1111111111111111,0.1111111111111111,1.0,0.30901593748134776,0.17154092,0.11111111111111112,0.17154091596603394
455,0.2222222222222222,0.22222222222222224,0.2222222222222222,0.2222222222222222,0.2222222222222222,1.0,0.24525114129058515,0.27242276,0.22222222222222224,0.27242276072502136
456,0.3333333333333333,0.3333333333333333,0.3333333333333333,0.3333333333333333,0.3333333333333333,1.0,0.1845363067074526,0.373418,0.3333333333333333,0.37341800332069397
457,0.2222222222222222,0.22222222222222224,0.2222222222222222,0.2222222222222222,0.2222222222222222,1.0,0.2096057452785357,0.2710978,0.22222222222222224,0.2710978090763092
458,0.2222222222222222,0.22222222222222224,0.2222222222222222,0.2222222222222222,0.2222222222222222,1.0,0.44754439207306423,0.27994215,0.22222222222222224,0.2799421548843384
459,0.0,0.0,0.0,0.0,0.0,1.0,0.20829474069943876,0.06454498,0.0,0.06454498320817947
46,0.0,0.0,0.0,0.0,0.0,0.24122979897516747,0.44020190595711656,0.026158396,0.0,0.026158396154642105
460,0.1111111111111111,0.11111111111111112,0.1111111111111111,0.1111111111111111,0.1111111111111111,1.0,0.2940568261136128,0.17098486,0.11111111111111112,0.17098486423492432
461,0.2222222222222222,0.22222222222222224,0.2222222222222222,0.2222222222222222,0.2222222222222222,1.0,0.1481402178443191,0.26881307,0.22222222222222224,0.2688130736351013
462,0.1111111111111111,0.11111111111111112,0.1111111111111111,0.1111111111111111,0.1111111111111111,1.0,0.4485880164580719,0.1767289,0.11111111111111112,0.17672890424728394
463,0.4444444444444444,0.4444444444444445,0.4444444444444444,0.4444444444444444,0.4444444444444444,0.0,0.12270771891716245,0.4124206,0.4444444444444445,0.4124206006526947
464,0.3333333333333333,0.3333333333333333,0.3333333333333333,0.3333333333333333,0.3333333333333333,0.0,0.04979388352499367,0.3064583,0.3333333333333333,0.3064582943916321
465,0.4444444444444444,0.4444444444444445,0.4444444444444444,0.4444444444444444,0.4444444444444444,1.0,0.4292629025405925,0.4857667,0.4444444444444445,0.4857667088508606
466,0.4444444444444444,0.4444444444444445,0.4444444444444444,0.4444444444444444,0.4444444444444444,1.0,0.4187977907821571,0.48537773,0.4444444444444445,0.4853777289390564
467,0.0,0.0,0.0,0.0,0.0,1.0,0.16145105319688666,0.06280377,0.0,0.06280376762151718
468,0.3333333333333333,0.3333333333333333,0.3333333333333333,0.3333333333333333,0.3333333333333333,1.0,0.24468817529545753,0.3756539,0.3333333333333333,0.3756538927555084
469,0.2222222222222222,0.22222222222222224,0.2222222222222222,0.2222222222222222,0.2222222222222222,0.0,0.0760684465615369,0.2041829,0.22222222222222224,0.20418289303779602
47,0.3333333333333333,0.16666666666666666,0.0,0.0,0.0,0.0,0.3266060601633661,0.08959311,0.16666666666666666,0.08959311246871948
470,0.2222222222222222,0.22222222222222224,0.2222222222222222,0.2222222222222222,0.2222222222222222,1.0,0.2037162373714886,0.27087888,0.22222222222222224,0.2708788812160492
471,0.0,0.0,0.0,0.0,0.0,1.0,0.14362047708114456,0.06214099,0.0,0.06214099004864693
472,0.1111111111111111,0.11111111111111112,0.1111111111111111,0.1111111111111111,0.1111111111111111,1.0,0.239167119127958,0.16894458,0.11111111111111112,0.1689445823431015
473,0.0,0.0,0.0,0.0,0.0,1.0,0.25821397790521655,0.06640051,0.0,0.06640051305294037
474,0.2222222222222222,0.22222222222222224,0.2222222222222222,0.2222222222222222,0.2222222222222222,1.0,0.20538832548504765,0.27094105,0.22222222222222224,0.2709410488605499
475,0.0,0.0,0.0,0.0,0.0,1.0,0.13455753828873634,0.061804116,0.0,0.061804115772247314
476,0.3333333333333333,0.3333333333333333,0.3333333333333333,0.3333333333333333,0.3333333333333333,1.0,0.2889914668494893,0.37730068,0.3333333333333333,0.3773006796836853
477,0.3333333333333333,0.3333333333333333,0.3333333333333333,0.3333333333333333,0.3333333333333333,1.0,0.17385598697405466,0.373021,0.3333333333333333,0.3730210065841675
478,0.0,0.0,0.0,0.0,0.0,1.0,0.09726354942924435,0.060417872,0.0,0.06041787192225456
479,0.2222222222222222,0.22222222222222224,0.2222222222222222,0.2222222222222222,0.2222222222222222,1.0,0.45797651899311936,0.28032994,0.22222222222222224,0.28032994270324707
48,0.1111111111111111,0.05555555555555556,0.0,0.0,0.0,0.0,0.37892318585320633,0.03647002,0.05555555555555556,0.036470018327236176
480,0.0,0.0,0.0,0.0,0.0,1.0,0.27649708848538107,0.06708011,0.0,0.06708011031150818
481,0.1111111111111111,0.11111111111111112,0.1111111111111111,0.1111111111111111,0.1111111111111111,1.0,0.29770746115426094,0.17112057,0.11111111111111112,0.1711205691099167
482,0.3333333333333333,0.3333333333333333,0.3333333333333333,0.3333333333333333,0.3333333333333333,0.0,0.09569957864270816,0.30816466,0.3333333333333333,0.30816465616226196
483,0.3333333333333333,0.3333333333333333,0.3333333333333333,0.3333333333333333,0.3333333333333333,1.0,0.21721605096898614,0.37463275,0.3333333333333333,0.37463274598121643
484,0.2222222222222222,0.22222222222222224,0.2222222222222222,0.2222222222222222,0.2222222222222222,1.0,0.2508921746220783,0.27263245,0.22222222222222224,0.2726324498653412
485,0.0,0.0,0.0,0.0,0.0,1.0,0.3503305589780015,0.069824554,0.0,0.06982455402612686
486,0.3333333333333333,0.3333333333333333,0.3333333333333333,0.3333333333333333,0.3333333333333333,1.0,0.2955542963126102,0.3775446,0.3333333333333333,0.3775446116924286
487,0.2222222222222222,0.22222222222222224,0.2222222222222222,0.2222222222222222,0.2222222222222222,0.0,0.02489694176249684,0.20228082,0.22222222222222224,0.20228081941604614
488,0.2222222222222222,0.22222222222222224,0.2222222222222222,0.2222222222222222,0.2222222222222222,1.0,0.20476878821424982,0.270918,0.22222222222222224,0.27091801166534424
489,0.4444444444444444,0.4444444444444445,0.4444444444444444,0.4444444444444444,0.4444444444444444,1.0,0.342702075622294,0.4825492,0.4444444444444445,0.48254919052124023
49,0.2222222222222222,0.11111111111111112,0.0,0.0,0.0,0.0,0.39883522145953076,0.06474404,0.11111111111111112,0.06474404036998749
490,0.5555555555555556,0.5555555555555556,0.5555555555555556,0.5555555555555556,0.5555555555555556,1.0,0.27107267875376,0.5831387,0.5555555555555556,0.5831387042999268
491,0.2222222222222222,0.22222222222222224,0.2222222222222222,0.2222222222222222,0.2222222222222222,1.0,0.3114438929917553,0.2748832,0.22222222222222224,0.2748832106590271
492,0.3333333333333333,0.3333333333333333,0.3333333333333333,0.3333333333333333,0.3333333333333333,0.0,0.1760636591459888,0.31115183,0.3333333333333333,0.3111518323421478
493,0.5555555555555556,0.5555555555555556,0.5555555555555556,0.5555555555555556,0.5555555555555556,1.0,0.5159638053286685,0.5922415,0.5555555555555556,0.5922415256500244
494,0.1111111111111111,0.11111111111111112,0.1111111111111111,0.1111111111111111,0.1111111111111111,1.0,0.29510909734264595,0.17102398,0.11111111111111112,0.17102397978305817
495,0.3333333333333333,0.3333333333333333,0.3333333333333333,0.3333333333333333,0.3333333333333333,1.0,0.2386695454432062,0.37543017,0.3333333333333333,0.375430166721344
496,0.2222222222222222,0.22222222222222224,0.2222222222222222,0.2222222222222222,0.2222222222222222,1.0,0.4185365510084102,0.2788639,0.22222222222222224,0.27886390686035156
497,0.3333333333333333,0.3333333333333333,0.3333333333333333,0.3333333333333333,0.3333333333333333,1.0,0.22801024566238573,0.37503397,0.3333333333333333,0.375033974647522
498,0.1111111111111111,0.11111111111111112,0.1111111111111111,0.1111111111111111,0.1111111111111111,1.0,0.37265261429440283,0.17390633,0.11111111111111112,0.1739063262939453
499,0.2222222222222222,0.22222222222222224,0.2222222222222222,0.2222222222222222,0.2222222222222222,1.0,0.14472427874787475,0.26868612,0.22222222222222224,0.26868611574172974
5,0.4444444444444444,0.22222222222222224,0.0,0.0,0.0,0.0,0.30388768297302765,0.11628253,0.22222222222222224,0.11628253012895584
50,0.4444444444444444,0.22222222222222224,0.0,0.0,0.0,0.4012495661228741,0.5740492921702178,0.15118255,0.22222222222222224,0.15118254721164703
500,0.4444444444444444,0.4444444444444445,0.4444444444444444,0.4444444444444444,0.4444444444444444,1.0,0.36672275405980503,0.48344207,0.4444444444444445,0.4834420680999756
51,0.5555555555555556,0.2777777777777778,0.0,0.0,0.0,0.0,0.47130732223971805,0.15003952,0.2777777777777778,0.15003952383995056
52,0.1111111111111111,0.05555555555555556,0.0,0.0,0.0,0.0,0.5096980474727775,0.041331016,0.05555555555555556,0.04133101552724838
53,0.3333333333333333,0.16666666666666666,0.0,0.0,0.0,0.0,0.4697306828468421,0.094913155,0.16666666666666666,0.09491315484046936
54,0.6666666666666666,0.3333333333333333,0.0,0.0,0.0,0.0,0.59852003652174,0.18230198,0.3333333333333333,0.18230198323726654
55,0.2222222222222222,0.11111111111111112,0.0,0.0,0.0,0.0,0.35071560996231294,0.0629554,0.11111111111111112,0.06295540183782578
56,0.3333333333333333,0.16666666666666666,0.0,0.0,0.0,0.0,0.38349687615374134,0.09170778,0.16666666666666666,0.09170778095722198
57,0.3333333333333333,0.16666666666666666,0.0,0.0,0.0,0.24122979897516747,0.4691492642601853,0.10983603,0.16666666666666666,0.10983602702617645
58,0.4444444444444444,0.22222222222222224,0.0,0.0,0.0,0.24122979897516747,0.43958879747328355,0.13627112,0.22222222222222224,0.13627111911773682
59,0.6666666666666666,0.3333333333333333,0.0,0.0,0.0,0.24122979897516747,0.35659052859725626,0.18825378,0.3333333333333333,0.18825377523899078
6,0.1111111111111111,0.05555555555555556,0.0,0.0,0.0,0.0,0.3464856670398691,0.03526429,0.05555555555555556,0.03526429086923599
60,0.1111111111111111,0.05555555555555556,0.0,0.0,0.0,0.24122979897516747,0.36446042875374524,0.050876908,0.05555555555555556,0.050876908004283905
61,0.1111111111111111,0.05555555555555556,0.0,0.0,0.0,0.0,0.3694637815210378,0.036118403,0.05555555555555556,0.03611840307712555
62,0.4444444444444444,0.22222222222222224,0.0,0.0,0.0,0.0,0.3496103326528129,0.117982075,0.22222222222222224,0.11798207461833954
63,0.3333333333333333,0.16666666666666666,0.0,0.0,0.0,0.0,0.65774535890007,0.1019018,0.16666666666666666,0.10190179944038391
64,0.1111111111111111,0.05555555555555556,0.0,0.0,0.0,0.4012495661228741,0.4075792392038977,0.062393088,0.05555555555555556,0.06239308789372444
65,0.4444444444444444,0.22222222222222224,0.0,0.0,0.0,0.24122979897516747,0.16838040169546634,0.12619011,0.22222222222222224,0.12619011104106903
66,0.2222222222222222,0.11111111111111112,0.0,0.0,0.0,0.0,0.3487036972828506,0.06288061,0.11111111111111112,0.06288061290979385
67,0.0,0.0,0.0,0.0,0.0,0.0,0.4795009233636507,0.0126746865,0.0,0.012674686498939991
68,0.1111111111111111,0.05555555555555556,0.0,0.0,0.0,0.0,0.30463268064409615,0.033708584,0.05555555555555556,0.03370858356356621
69,0.3333333333333333,0.16666666666666666,0.0,0.0,0.0,0.24122979897516747,0.27980781747253375,0.10279807,0.16666666666666666,0.10279806703329086
7,0.1111111111111111,0.05555555555555556,0.0,0.0,0.0,0.0,0.41608201544169593,0.037851237,0.05555555555555556,0.0378512367606163
70,0.4444444444444444,0.22222222222222224,0.0,0.0,0.0,0.0,0.30601077460807596,0.11636145,0.22222222222222224,0.11636144667863846
71,0.3333333333333333,0.16666666666666666,0.0,0.0,0.0,0.0,0.43048869360124503,0.0934545,0.16666666666666666,0.0934545025229454
72,0.0,0.0,0.0,0.0,0.0,0.4012495661228741,0.72267628252747,0.046571597,0.0,0.04657159745693207
73,0.3333333333333333,0.16666666666666666,0.0,0.0,0.0,0.4012495661228741,0.5079180086714096,0.12119051,0.16666666666666666,0.12119051069021225
74,0.2222222222222222,0.11111111111111112,0.0,0.0,0.0,0.0,0.3915262032314749,0.06447236,0.11111111111111112,0.06447236239910126
75,0.3333333333333333,0.16666666666666666,0.0,0.0,0.0,0.0,0.32695048364925966,0.08960591,0.16666666666666666,0.089605912566185
76,0.2222222222222222,0.11111111111111112,0.0,0.0,0.0,0.0,0.2996500328057069,0.061057255,0.11111111111111112,0.061057254672050476
77,0.4444444444444444,0.22222222222222224,0.0,0.0,0.0,0.0,0.3976902044699387,0.11976924,0.22222222222222224,0.11976923793554306
78,0.2222222222222222,0.11111111111111112,0.0,0.0,0.0,0.24122979897516747,0.532600382659043,0.08466067,0.11111111111111112,0.08466067165136337
79,0.0,0.0,0.0,0.0,0.0,0.0,0.34022378287033017,0.007497653,0.0,0.0074976528994739056
8,0.5555555555555556,0.2777777777777778,0.0,0.0,0.0,0.4012495661228741,0.37665146974216596,0.171379,0.2777777777777778,0.1713789999485016
80,0.2222222222222222,0.11111111111111112,0.0,0.0,0.0,0.0,0.49527162327827734,0.068328656,0.11111111111111112,0.06832865625619888
81,0.1111111111111111,0.05555555555555556,0.0,0.0,0.0,0.24122979897516747,0.36586478641068276,0.05092911,0.05555555555555556,0.05092911049723625
82,0.2222222222222222,0.11111111111111112,0.0,0.0,0.0,0.24122979897516747,0.5826703421863579,0.08652181,0.11111111111111112,0.08652181178331375
83,0.2222222222222222,0.11111111111111112,0.0,0.0,0.0,0.0,0.5733536920868081,0.07123102,0.11111111111111112,0.07123102247714996
84,0.2222222222222222,0.11111111111111112,0.0,0.0,0.0,0.0,0.3920086069308668,0.06449029,0.11111111111111112,0.06449028849601746
85,0.3333333333333333,0.16666666666666666,0.0,0.0,0.0,0.0,0.23460467912734143,0.08617335,0.16666666666666666,0.08617334812879562
86,0.4444444444444444,0.22222222222222224,0.0,0.0,0.0,0.4012495661228741,0.5340025987797979,0.14969398,0.22222222222222224,0.14969398081302643
87,0.3333333333333333,0.16666666666666666,0.0,0.0,0.0,0.0,0.32251554615041794,0.08944106,0.16666666666666666,0.08944106101989746
88,0.2222222222222222,0.11111111111111112,0.0,0.0,0.0,0.4012495661228741,0.39244402767400133,0.08936438,0.11111111111111112,0.08936437964439392
89,0.0,0.0,0.0,0.0,0.0,0.0,0.4781357644297541,0.012623942,0.0,0.012623942457139492
9,0.1111111111111111,0.05555555555555556,0.0,0.0,0.0,0.4012495661228741,0.3234638011452594,0.059266455,0.05555555555555556,0.059266455471515656
90,0.1111111111111111,0.05555555555555556,0.0,0.0,0.0,0.4012495661228741,0.5165632206624597,0.0664441,0.05555555555555556,0.06644409894943237
91,0.3333333333333333,0.16666666666666666,0.0,0.0,0.0,0.0,0.5180190704090448,0.096708074,0.16666666666666666,0.09670807421207428
92,0.5555555555555556,0.2777777777777778,0.0,0.0,0.0,0.0,0.42871921900543486,0.14845648,0.2777777777777778,0.14845648407936096
93,0.2222222222222222,0.11111111111111112,0.0,0.0,0.0,0.4012495661228741,0.34671479798049587,0.08766459,0.11111111111111112,0.08766458928585052
94,0.0,0.0,0.0,0.0,0.0,0.0,0.4417804341267839,0.011272589,0.0,0.01127258874475956
95,0.3333333333333333,0.16666666666666666,0.0,0.0,0.0,0.24122979897516747,0.4736975119839614,0.11000509,0.16666666666666666,0.11000508815050125
96,0.6666666666666666,0.3333333333333333,0.0,0.0,0.0,0.0,0.5876964776039891,0.18189967,0.3333333333333333,0.18189966678619385
97,0.1111111111111111,0.05555555555555556,0.0,0.0,0.0,0.0,0.2344326100081741,0.031099197,0.05555555555555556,0.031099196523427963
98,0.4444444444444444,0.22222222222222224,0.0,0.0,0.0,0.4012495661228741,0.713842214552386,0.15637875,0.22222222222222224,0.15637874603271484
99,0.2222222222222222,0.11111111111111112,0.0,0.0,0.0,0.0,0.34942881942060317,0.06290757,0.11111111111111112,0.06290756911039352
