node_id,community_id,community_size
10007042,0,480
10046442,0,480
10074432,1,46
10077242,2,327
10093672,3,76
10104672,4,55
10107362,5,76
10125152,6,24
10125822,7,212
10130032,8,66
10138132,0,480
10144442,9,150
10166632,0,480
10214802,10,2
10241462,11,3
10241802,2,327
10263662,12,90
10270072,13,48
10270872,14,5
10284152,5,76
1032291,15,259
10326,2,327
10332972,16,19
10348132,5,76
10367842,15,259
10507892,17,230
10523552,6,24
10524,2,327
10545772,18,222
1058591,19,231
10599392,7,212
10609292,20,63
10618402,0,480
10638782,2,327
10645702,21,25
10651272,4,55
10659742,3,76
10701982,22,79
10717512,15,259
10722102,6,24
10728992,0,480
10732492,19,231
10750192,7,212
10768042,7,212
10790832,9,150
10804132,0,480
1081091,23,50
10821392,8,66
10836002,24,23
1086591,25,4
10936542,22,79
10969982,26,98
10996862,27,323
1100251,28,40
11039482,2,327
1106311,15,259
11069572,19,231
11071232,0,480
11120172,2,327
1112751,29,40
11130772,2,327
11138972,20,63
11142222,25,4
11162812,8,66
11206912,17,230
11221192,27,323
11231562,0,480
11264322,17,230
11288162,1,46
11332342,30,38
11347052,31,2
11350892,18,222
11358372,0,480
11360912,15,259
11364652,1,46
11376132,7,212
11379982,15,259
11395432,2,327
11402482,22,79
11425612,5,76
11442052,27,323
1147031,18,222
11541862,7,212
11550142,17,230
1160081,7,212
11606702,15,259
11620042,32,7
11625152,12,90
11626822,33,3
11650012,0,480
11672342,4,55
11702862,2,327
11724382,15,259
11726732,0,480
11763862,3,76
11767072,19,231
11769872,3,76
11770552,20,63
11786302,0,480
11792612,13,48
11819122,19,231
11842342,9,150
11918842,15,259
11920922,34,2
11926262,35,94
11944562,0,480
11963282,2,327
11981952,13,48
12018412,16,19
12037502,29,40
12062282,36,2
12080652,9,150
12081592,29,40
12114432,28,40
12115732,17,230
12118882,27,323
12149902,24,23
12163342,2,327
12168312,17,230
12174212,0,480
12217472,2,327
12222522,2,327
12227112,7,212
12230022,27,323
12264532,7,212
12286822,19,231
12287142,23,50
12301112,28,40
12327342,0,480
12334662,0,480
12369282,0,480
12377702,15,259
12389772,0,480
12429382,37,3
12448322,29,40
12455292,4,55
12464552,9,150
12470922,17,230
1249501,26,98
1253451,2,327
12618652,0,480
12623252,5,76
12650962,0,480
1265601,0,480
12681372,15,259
12695882,12,90
12706762,0,480
12715022,7,212
12739402,17,230
12740012,32,7
12741382,0,480
12771132,0,480
1277191,2,327
12783392,16,19
12787922,38,4
12790082,22,79
12793382,22,79
12803772,9,150
12818,18,222
12874212,7,212
1290661,39,2
12920142,8,66
12925,27,323
12952252,2,327
12964542,17,230
12966662,15,259
12967642,13,48
12973362,9,150
13008262,32,7
1304091,7,212
13043702,2,327
13051142,2,327
13116482,19,231
13118432,5,76
1315431,0,480
13159492,2,327
13170292,7,212
13211,35,94
13222222,19,231
13224342,12,90
13225072,35,94
13232092,5,76
13253832,2,327
13253992,0,480
13258742,40,2
13264762,4,55
13285072,0,480
13291122,7,212
13302,7,212
1330691,41,3
13308842,0,480
13330612,29,40
13354182,17,230
13406742,27,323
13454462,12,90
13466982,7,212
13467242,7,212
13473142,2,327
13473852,1,46
13501922,2,327
13541632,27,323
13648652,3,76
13651452,2,327
13654112,0,480
13722332,18,222
13746182,1,46
13755792,2,327
13763362,42,12
13767032,24,23
13768662,0,480
13772282,2,327
13789152,1,46
13797692,2,327
13894222,0,480
13897532,7,212
13923382,27,323
13936882,12,90
13942322,3,76
13960822,2,327
13979662,0,480
14025482,29,40
14027132,27,323
14038472,3,76
14050355,19,231
14051473,21,25
14052933,17,230
14053148,43,2
14055022,9,150
14061925,20,63
14062948,2,327
14063351,21,25
14065315,2,327
14066623,9,150
14069593,18,222
14070736,18,222
14070830,0,480
14073382,19,231
14078385,6,24
14086918,2,327
14087968,2,327
14092350,9,150
14092673,0,480
14095083,2,327
14097544,0,480
14098609,17,230
14099733,32,7
14100597,15,259
14102919,1,46
14103852,15,259
14108775,0,480
14109605,2,327
14110253,18,222
14110743,29,40
14111623,0,480
14115889,5,76
14116517,0,480
14120099,8,66
14125985,9,150
14126174,15,259
14126360,20,63
14129238,18,222
14133057,17,230
14133447,9,150
14133954,27,323
14135487,3,76
14138511,2,327
14139527,23,50
14139780,15,259
14140382,2,327
14142706,3,76
14146262,22,79
14152810,12,90
14155050,2,327
14155739,2,327
14160053,9,150
14160799,2,327
14160956,16,19
14161205,44,2
14161889,45,2
14163711,9,150
14164472,7,212
14167991,26,98
14169105,9,150
14170847,2,327
14171337,17,230
14172103,15,259
14172656,18,222
14177779,26,98
14180279,3,76
14180577,0,480
14181437,19,231
14181937,46,2
14186692,7,212
14188391,3,76
14190794,15,259
14193124,19,231
14195918,0,480
14198539,0,480
14200945,28,40
14202860,0,480
14203889,26,98
14204673,2,327
14204887,18,222
14206313,2,327
14206767,17,230
14207225,23,50
14207256,18,222
14209248,12,90
14212820,0,480
14213287,2,327
14213837,13,48
14215410,8,66
14218593,18,222
14219559,9,150
14219598,12,90
14220008,8,66
14220561,42,12
14237254,0,480
14237896,28,40
14238479,9,150
14239038,47,2
14242280,9,150
14245571,19,231
14249581,35,94
14251709,35,94
14253587,2,327
14254414,18,222
14255057,18,222
14255702,19,231
14258044,2,327
14259990,7,212
14261400,35,94
14262680,28,40
14262785,0,480
14265113,7,212
14268141,7,212
14268164,2,327
14268324,21,25
14269768,2,327
14270650,19,231
14277183,17,230
14278838,3,76
14279461,35,94
14282136,7,212
14291706,2,327
14294948,8,66
14299765,1,46
14300586,19,231
14301374,12,90
14301386,0,480
14301443,20,63
14301804,15,259
14302121,18,222
14305154,8,66
14306885,1,46
14307465,9,150
1431301,9,150
14315043,17,230
14315063,14,5
1431551,13,48
14316661,2,327
14319626,19,231
14326094,15,259
14326743,48,2
14328764,0,480
14333927,0,480
14334937,15,259
14334981,22,79
14338426,18,222
14340048,7,212
14342597,0,480
14344131,17,230
14344614,15,259
14347788,28,40
14349955,7,212
14350969,8,66
14353449,35,94
14354411,17,230
14356416,5,76
14361342,0,480
14361793,15,259
14365965,18,222
14366450,1,46
14366549,35,94
14368074,2,327
14372426,15,259
14372710,23,50
14373362,17,230
14376745,22,79
14380723,49,2
14385076,19,231
14387400,0,480
14389149,17,230
14390067,7,212
14400049,0,480
14402868,0,480
14405372,8,66
14405379,0,480
14410711,1,46
14418930,2,327
14420451,29,40
14420936,15,259
14421893,9,150
14426940,15,259
14426992,19,231
14430556,4,55
14431629,2,327
14434688,29,40
14437066,17,230
14437161,2,327
14439519,0,480
14441617,2,327
14442244,15,259
14442703,28,40
14444798,26,98
14444930,2,327
14447648,2,327
14450630,1,46
14451294,0,480
14451981,2,327
14454433,7,212
14455718,3,76
14456344,2,327
14456828,18,222
14457848,15,259
14459159,15,259
14459303,19,231
14460783,3,76
14461330,26,98
14461792,22,79
14462500,15,259
14463102,3,76
14463675,0,480
14464020,9,150
14465317,2,327
14467222,2,327
14475952,0,480
14476022,7,212
14479538,19,231
14479592,2,327
14483590,15,259
14484634,35,94
14499717,8,66
14501275,0,480
14505596,0,480
14506615,19,231
14508359,7,212
14512268,17,230
14513507,17,230
14514220,0,480
14514703,26,98
14516061,2,327
14519514,7,212
14519891,0,480
14521343,0,480
14521383,0,480
14521896,18,222
14527485,15,259
14537873,8,66
14549852,9,150
14551274,15,259
14552124,15,259
14553715,3,76
14554753,5,76
14555289,8,66
14558773,15,259
14560510,0,480
14564657,19,231
14574911,17,230
14578032,15,259
1458001,2,327
14581841,8,66
14590651,7,212
14599976,2,327
14605765,33,3
14625006,41,3
14642711,20,63
14647281,20,63
14662013,0,480
14680965,50,2
14682248,28,40
14685548,15,259
14687072,2,327
14690122,35,94
14690638,13,48
14694370,6,24
14694965,15,259
14695367,9,150
14696659,2,327
14696934,0,480
14700957,3,76
14702781,2,327
14707837,0,480
14710900,16,19
14711966,9,150
14715516,5,76
14716327,12,90
14719154,15,259
14719235,2,327
14720172,18,222
14720695,15,259
14721480,19,231
14721642,17,230
14726448,12,90
14727321,19,231
14727766,17,230
14728116,9,150
14730488,15,259
14731797,35,94
14731904,0,480
14735417,23,50
14737175,35,94
14737298,42,12
14739557,15,259
14742505,18,222
14745620,35,94
14746865,7,212
14747961,20,63
14749267,0,480
14752933,4,55
14754547,20,63
147563,29,40
14759197,0,480
14763573,47,2
14767753,19,231
14770241,19,231
14771089,16,19
14772707,9,150
14773226,15,259
1477511,2,327
14778372,17,230
14778534,0,480
14778685,7,212
14783101,22,79
14785887,0,480
14786640,22,79
14788470,22,79
14788631,35,94
14790224,7,212
14792975,17,230
14793446,15,259
14794913,51,15
14795369,0,480
14796006,3,76
14799428,2,327
14799737,9,150
14802405,5,76
14803185,3,76
14808468,2,327
14812022,26,98
14813714,15,259
14818703,5,76
14824238,15,259
14824349,4,55
14824584,0,480
14825622,13,48
14825748,2,327
14828860,19,231
14828938,2,327
14829029,35,94
14830184,3,76
14832751,19,231
14834422,15,259
14834530,15,259
14837785,4,55
14837803,3,76
14842910,28,40
14849301,3,76
14849643,28,40
14850673,17,230
14852204,2,327
14852216,15,259
14852377,15,259
14854384,2,327
14856432,7,212
14857310,52,2
14858006,15,259
14861336,17,230
14863834,5,76
14866770,19,231
14871174,3,76
14871283,0,480
14872695,2,327
14875152,7,212
14879825,15,259
14882176,0,480
14887872,17,230
14901848,0,480
14909369,0,480
14912783,0,480
14914062,18,222
14916450,53,6
14923674,5,76
14925627,0,480
14927129,8,66
14930659,54,2
14931988,22,79
14932486,23,50
14935079,51,15
14949111,1,46
14950987,0,480
14951093,0,480
14951244,32,7
14951853,20,63
14959367,13,48
14964894,18,222
14965263,6,24
14965482,9,150
14966504,0,480
14976574,15,259
14980052,17,230
14980117,7,212
14982693,2,327
14983638,4,55
14983673,22,79
14984480,1,46
14985991,15,259
14986396,23,50
14990262,15,259
14992758,7,212
14994079,27,323
14994212,0,480
14996598,19,231
15001089,15,259
15005664,23,50
15006507,15,259
15007774,5,76
15008154,17,230
15011971,29,40
15013313,18,222
15013394,2,327
15017875,0,480
15020350,0,480
15038481,9,150
15053286,7,212
15053955,15,259
15055852,7,212
15063431,9,150
15064403,17,230
15068090,18,222
15068456,1,46
15070780,13,48
15070923,1,46
15073198,41,3
15074041,17,230
15076390,18,222
15078437,18,222
15079276,17,230
15082542,27,323
15085767,0,480
15087024,13,48
15088655,0,480
15093092,0,480
15098044,2,327
15100166,2,327
15102107,2,327
15105099,26,98
15105269,0,480
15108462,22,79
15112648,9,150
15113441,18,222
15122176,15,259
15127424,15,259
15130854,9,150
15133785,16,19
15135342,2,327
15140286,35,94
15145142,26,98
15156740,0,480
15157283,55,2
15162962,19,231
15165724,2,327
15170581,7,212
15172774,23,50
15174079,15,259
15177325,5,76
15184942,0,480
15186408,2,327
15186722,18,222
15186787,17,230
15189995,7,212
15194724,19,231
15197493,9,150
15200582,21,25
15202082,18,222
15207554,7,212
15212777,24,23
15220372,28,40
15221267,0,480
15225972,56,6
15231051,3,76
15236550,2,327
15244246,17,230
15244650,0,480
15245522,26,98
15251252,0,480
15254525,28,40
15256094,2,327
15256188,0,480
15258293,57,2
15261848,7,212
15264436,7,212
15264854,2,327
15264996,15,259
15266031,2,327
15269276,35,94
15272006,50,2
15272960,19,231
15279175,35,94
15285795,18,222
15286167,7,212
15286867,26,98
15286893,8,66
15291641,9,150
15294868,20,63
15296201,7,212
15297709,9,150
15298719,2,327
15299357,2,327
15300081,23,50
15303316,19,231
15305959,2,327
15307206,7,212
15309336,18,222
15312421,0,480
15312645,23,50
15315375,3,76
15319555,9,150
15322509,2,327
15324534,2,327
15326799,0,480
15328843,12,90
15328911,7,212
15333555,2,327
15336858,19,231
15338788,13,48
15338937,9,150
15339370,27,323
15354381,0,480
15357283,24,23
15357578,12,90
15359181,0,480
15365571,13,48
15370031,18,222
15374556,1,46
15374640,51,15
15375297,7,212
15385010,28,40
15385968,20,63
15390684,9,150
15394051,2,327
15400651,20,63
15404189,15,259
15409431,15,259
15412118,27,323
15420486,0,480
15422070,2,327
15427732,3,76
15437590,12,90
15438387,7,212
15439239,3,76
15447927,12,90
15448175,7,212
15450146,19,231
15453188,7,212
15453466,2,327
15461382,16,19
15465681,0,480
15466457,29,40
15467616,0,480
15467653,18,222
15468731,7,212
15468968,53,6
15469032,58,3
15473329,2,327
15473834,26,98
15480002,59,2
15481749,4,55
15483913,17,230
15487691,0,480
15489180,0,480
15490016,0,480
15494593,19,231
15495146,15,259
15495322,7,212
15495464,5,76
15496979,19,231
15497454,19,231
15498363,27,323
15498654,16,19
15499069,0,480
15501729,0,480
15513388,5,76
15516881,23,50
15520859,0,480
15521862,3,76
15527430,7,212
15527979,0,480
15531489,24,23
15546710,0,480
15549156,20,63
15557309,60,2
15559118,0,480
15567045,2,327
15570842,5,76
15572221,18,222
15574629,2,327
15577501,15,259
15582892,0,480
15585410,35,94
15585556,9,150
15592470,17,230
15592537,35,94
15594403,0,480
15594511,0,480
15595551,18,222
15595652,23,50
15605407,27,323
15608670,2,327
15610416,7,212
15610769,15,259
15613327,19,231
15619695,17,230
15621083,61,2
15622705,0,480
15636498,9,150
1564111,17,230
1565151,8,66
15655753,35,94
15658445,7,212
15664977,23,50
15669653,5,76
15723890,9,150
15728729,2,327
15730606,19,231
15739621,18,222
15739897,23,50
15741724,19,231
15744478,2,327
15745126,17,230
15745159,9,150
15746569,0,480
15750726,27,323
15751768,62,2
15755677,19,231
15755923,26,98
15755973,0,480
15757811,19,231
15758330,26,98
15760559,27,323
15765833,22,79
15769442,9,150
15770608,51,15
15773440,0,480
15777354,18,222
15777389,27,323
15779986,17,230
15782326,7,212
15785068,0,480
15788707,7,212
15791504,2,327
15791939,13,48
15792031,29,40
15792641,13,48
15793783,12,90
15798850,24,23
15802312,12,90
15806134,0,480
15808140,5,76
15809173,3,76
15809321,19,231
15809746,2,327
15811110,0,480
15811621,7,212
15814139,2,327
15823113,19,231
15825711,2,327
15830237,18,222
15830701,18,222
15834295,0,480
15834790,13,48
15837380,0,480
15838767,28,40
15840187,18,222
15840874,27,323
15842013,15,259
15844409,15,259
15844557,27,323
15846682,15,259
15846704,0,480
15847834,15,259
1584901,23,50
15852053,19,231
15853001,20,63
15854271,15,259
15858295,27,323
15858376,2,327
15858413,21,25
15861560,36,2
15862005,0,480
15863862,35,94
15865288,19,231
15870683,0,480
15872224,4,55
15872418,16,19
15878694,63,2
15880652,42,12
15883349,26,98
1588551,12,90
15888299,2,327
15893411,8,66
15898829,7,212
15900173,9,150
15904572,19,231
15904829,0,480
15906167,17,230
15906181,2,327
15907414,19,231
15911001,17,230
15911231,64,2
15912438,2,327
15914129,0,480
15915972,3,76
15916174,2,327
15917850,27,323
15921624,27,323
15925598,5,76
15929023,18,222
15936819,7,212
15940236,9,150
15940603,7,212
15940891,23,50
15941343,2,327
15947833,17,230
15949665,65,4
15953354,2,327
15954487,0,480
15957148,19,231
15964263,0,480
15969841,17,230
15970379,2,327
15974947,27,323
15978226,28,40
15978412,2,327
15980543,22,79
15983683,2,327
15984635,18,222
15997671,19,231
15997827,2,327
15998006,60,2
16001456,27,323
16004411,27,323
16010382,13,48
16014498,0,480
16016397,2,327
16022080,0,480
16034907,18,222
16040695,35,94
16042401,0,480
16045488,12,90
16045504,18,222
16045666,18,222
16047907,8,66
16050772,0,480
1605141,53,6
16052393,15,259
16054649,19,231
16062445,19,231
16077875,0,480
16078680,35,94
16081847,15,259
16083146,6,24
16085807,18,222
16090188,15,259
16090877,19,231
16092470,4,55
16095075,7,212
16096104,2,327
16099100,2,327
16102437,0,480
16116251,9,150
16117890,25,4
16127606,0,480
16134117,3,76
16134672,0,480
16145074,35,94
16146535,0,480
16148335,0,480
16150352,28,40
16152223,19,231
16153327,15,259
16156062,2,327
16158468,2,327
16158546,1,46
16166839,4,55
16168272,0,480
16168407,19,231
16170886,19,231
16175266,17,230
1618581,28,40
16186643,0,480
16186782,2,327
16188243,30,38
16189104,27,323
16190433,26,98
16194172,18,222
16209040,0,480
16213363,9,150
16213727,15,259
16214306,17,230
16214599,15,259
16217220,1,46
16217319,19,231
16220573,0,480
16227947,19,231
16231946,2,327
16236786,17,230
16244531,27,323
16246096,19,231
16249208,27,323
16251682,15,259
16254381,5,76
16257494,19,231
16261754,19,231
16269833,17,230
16273731,4,55
16286974,17,230
16287203,0,480
16295357,0,480
16301912,29,40
16303345,0,480
16304657,15,259
16304739,66,3
16306595,0,480
16308740,12,90
16316851,0,480
16322274,5,76
16333340,67,2
16335288,68,2
16338900,30,38
16339549,17,230
16340098,5,76
16344649,2,327
16347512,9,150
16350797,9,150
16351122,29,40
16355091,19,231
16356533,7,212
16356717,15,259
16357565,15,259
16359962,69,3
16365445,13,48
16365985,7,212
16366947,19,231
16374987,35,94
16380856,26,98
16394063,19,231
16394309,11,3
16394517,18,222
16395784,19,231
16396652,0,480
16397377,2,327
16399227,20,63
16403341,18,222
16404717,35,94
16406458,28,40
16410165,0,480
16410966,0,480
16411682,5,76
16412744,0,480
16420606,0,480
16424513,9,150
16426613,9,150
16428853,9,150
16428901,12,90
16431844,22,79
16433223,18,222
16435224,35,94
16437938,17,230
16439625,15,259
16439879,3,76
16440473,0,480
16440855,0,480
16444797,26,98
16447060,27,323
16451087,17,230
16452021,27,323
16452950,15,259
16454768,0,480
16460562,70,2
16460745,70,2
16462841,21,25
16462880,0,480
16463885,27,323
16464939,3,76
16477216,0,480
16487708,15,259
16489432,7,212
16490278,8,66
16494857,18,222
16499533,8,66
16499557,71,2
16505673,13,48
16510377,15,259
16511202,8,66
16515024,27,323
16516106,9,150
16516483,8,66
16517592,0,480
16519098,2,327
16521778,72,3
16530997,0,480
16531797,71,2
16537567,15,259
16541717,73,3
16541786,3,76
16543625,2,327
16547885,35,94
16548023,3,76
16549857,0,480
16552022,51,15
16552311,27,323
16561129,0,480
16561591,19,231
16572534,0,480
16572778,15,259
16573966,74,2
16575742,2,327
16575853,17,230
16579031,17,230
16579074,0,480
16585828,27,323
16586626,35,94
16593654,2,327
16594644,5,76
16594962,17,230
16598002,27,323
16601276,15,259
16603948,51,15
16607015,18,222
16611179,7,212
16617884,9,150
16618029,9,150
16619381,3,76
16628874,27,323
16636746,17,230
16636919,23,50
16639670,15,259
16645520,18,222
16646201,15,259
16649779,65,4
16652658,3,76
16661603,19,231
16667356,27,323
16670897,18,222
1668011,2,327
16698800,0,480
16730276,18,222
16743661,17,230
16780257,23,50
16782103,0,480
16782107,30,38
16783192,7,212
16784574,75,2
16787980,15,259
16788703,0,480
16788710,18,222
16796298,0,480
16796683,15,259
16813674,0,480
16819281,22,79
16822115,7,212
16830375,15,259
16831357,17,230
16834699,27,323
16839438,17,230
16845153,0,480
16850092,2,327
16851290,30,38
16852922,2,327
16855827,9,150
16858294,17,230
16861860,12,90
16871327,22,79
16871663,0,480
16874180,12,90
16880649,29,40
16884008,73,3
16884022,3,76
16899287,2,327
16908192,17,230
16917389,35,94
16918618,0,480
16925295,17,230
16926826,24,23
16928036,17,230
16930883,3,76
16931885,0,480
16933135,76,2
16936384,22,79
16940704,28,40
16942880,15,259
16943465,19,231
16945142,29,40
16945563,30,38
16946002,0,480
16954507,15,259
16956110,18,222
16958365,18,222
16958590,7,212
16965701,26,98
16968979,17,230
16971414,77,2
16979008,2,327
16980497,78,2
16986733,35,94
16988925,0,480
16988986,0,480
16991700,28,40
16994507,17,230
17006804,2,327
17022135,79,4
17028863,7,212
17044292,0,480
17044330,26,98
17059192,2,327
17071990,20,63
17083813,17,230
17084975,15,259
1708661,51,15
17090151,2,327
17100370,7,212
17100782,9,150
17105161,13,48
17105262,0,480
17107079,30,38
17112369,27,323
17112843,3,76
17115414,19,231
17120553,0,480
17120614,3,76
17129863,17,230
17135182,0,480
17138727,9,150
17150049,26,98
17156411,9,150
17164436,4,55
17173775,18,222
17173819,8,66
17176166,19,231
17176836,7,212
17191474,2,327
17201112,0,480
17204571,2,327
17208441,18,222
17221081,2,327
17221781,17,230
17221943,24,23
17223468,9,150
17234887,23,50
17235460,35,94
17235677,35,94
17238240,12,90
17239031,27,323
17239946,15,259
17240550,35,94
17240635,80,2
17245450,9,150
17248244,6,24
17250640,2,327
17258003,1,46
17264531,27,323
17266270,15,259
17266551,19,231
17275103,12,90
17282551,19,231
17285878,5,76
17291344,27,323
17292603,7,212
17297261,0,480
17300462,4,55
17303568,6,24
17305642,0,480
17313956,27,323
17316916,22,79
17322769,2,327
17323772,0,480
17324503,17,230
17326261,19,231
17335211,20,63
17340590,12,90
17349165,17,230
17350393,15,259
17353001,2,327
17354054,15,259
17354468,0,480
17357985,18,222
17359791,35,94
17365848,18,222
17384357,7,212
17388280,7,212
17393514,12,90
17398289,81,2
17402349,2,327
17404895,12,90
17416766,82,4
17422097,17,230
17424632,27,323
17427120,2,327
17431643,9,150
17437053,2,327
17444939,27,323
17451602,0,480
17451621,7,212
17463636,0,480
17465796,0,480
17469640,27,323
17473799,0,480
17477554,35,94
17478702,20,63
17480824,5,76
17481122,0,480
17481888,22,79
17486893,27,323
17489909,0,480
17490827,19,231
17491510,0,480
17492541,19,231
17497582,2,327
17498138,24,23
17498731,17,230
17503213,27,323
17513262,24,23
17514047,0,480
17514705,15,259
17515749,22,79
17524742,19,231
17526658,17,230
17528783,0,480
17530043,28,40
17537187,8,66
17540560,9,150
17540746,12,90
17542666,0,480
175473,2,327
17547378,18,222
17548348,27,323
17548763,13,48
17550920,19,231
17553103,5,76
17553191,29,40
17553397,1,46
17556659,7,212
17558182,0,480
17560937,15,259
17563020,17,230
17565891,0,480
17565994,18,222
1756621,83,9
17567609,0,480
17570154,0,480
17575531,17,230
17582384,15,259
17586622,0,480
17589906,7,212
1759181,19,231
17594136,27,323
17602194,27,323
17617518,3,76
17624589,27,323
17627045,12,90
17630489,21,25
17644635,8,66
17645505,0,480
17657810,2,327
17658075,15,259
17660333,22,79
17668238,8,66
17673099,19,231
17676511,15,259
17697991,2,327
17708309,13,48
17713109,56,6
17718867,19,231
17719459,27,323
17746464,9,150
17826349,19,231
17827249,8,66
17829189,15,259
17831577,17,230
17836849,7,212
17850012,0,480
17850268,15,259
17856365,7,212
17860158,26,98
17862286,0,480
17862883,15,259
17864134,84,2
17864472,85,3
17866516,27,323
17877831,86,2
17881987,35,94
17885419,19,231
17886496,19,231
17887849,18,222
17888209,0,480
17900812,9,150
17902979,19,231
17909423,0,480
17912672,29,40
17918441,0,480
17924186,19,231
17929500,17,230
17931722,2,327
17934423,19,231
17943996,0,480
17948234,0,480
17955306,27,323
17955640,15,259
17956232,5,76
17961577,0,480
17962349,22,79
17963120,27,323
17971670,0,480
17973137,0,480
17974216,27,323
17978915,19,231
17987925,26,98
17993853,27,323
18000551,15,259
18003414,15,259
18006637,27,323
18010581,27,323
18013276,27,323
18014005,26,98
18024506,26,98
18027230,19,231
18031789,1,46
18033114,19,231
18034865,21,25
18037238,27,323
18044059,0,480
18045976,35,94
18046425,17,230
18047199,19,231
18049260,87,2
18050213,7,212
18050805,27,323
18059285,18,222
18064251,72,3
18065267,19,231
18067465,9,150
18070682,17,230
18071286,20,63
18079672,19,231
18083070,15,259
18096326,27,323
18102660,0,480
18112363,9,150
18112998,63,2
18116560,29,40
18117244,19,231
18119760,27,323
18120477,18,222
18128517,0,480
18132782,88,4
18132880,18,222
18134710,2,327
18139029,4,55
18141609,0,480
18149185,8,66
18156509,19,231
18156806,64,2
18162730,18,222
18166634,15,259
18179554,0,480
18183543,18,222
18190568,15,259
18194029,17,230
18197944,21,25
18197971,0,480
18198300,22,79
18199717,9,150
18201948,89,3
18202775,26,98
18208795,0,480
18211716,18,222
18216488,12,90
18217662,17,230
18218255,27,323
18220568,19,231
18221018,0,480
18225076,27,323
18226553,7,212
18229080,2,327
18229692,0,480
18240461,7,212
18242426,18,222
182563,15,259
18257868,5,76
18261996,35,94
18262909,0,480
18263331,90,3
18267236,14,5
18273175,27,323
18278088,3,76
18279690,0,480
18279744,5,76
18280014,91,2
18288362,2,327
18294221,27,323
18301693,82,4
18311970,26,98
18317966,19,231
18326035,19,231
18327631,27,323
18331325,7,212
1833431,9,150
18335602,0,480
18336787,0,480
18338903,19,231
18343473,26,98
18349132,15,259
18350445,28,40
18352189,18,222
18353496,0,480
18354470,3,76
18360110,0,480
18361955,19,231
18362842,1,46
18366220,92,2
18380360,17,230
18382715,0,480
18390476,2,327
18392870,83,9
18398842,0,480
18402562,0,480
18403763,3,76
18405034,12,90
18413484,3,76
18413922,18,222
18416284,2,327
18419709,17,230
18441690,10,2
18444724,18,222
18446235,93,2
18448748,14,5
18454132,9,150
18454167,26,98
18462658,13,48
18470677,15,259
18475357,22,79
18479406,18,222
18481392,17,230
18485036,26,98
18490620,0,480
18503945,18,222
18506582,15,259
18516935,0,480
18521819,19,231
18529500,4,55
18531868,25,4
18532459,15,259
18535985,0,480
18536192,0,480
18551792,7,212
18551889,0,480
18552677,0,480
18555730,28,40
18555743,0,480
18559873,18,222
18567925,0,480
18581150,7,212
18581294,9,150
18581681,7,212
18582171,22,79
18584267,19,231
18585448,18,222
18586159,18,222
18589172,19,231
18593382,0,480
18594226,26,98
18595063,15,259
18602421,26,98
18606802,2,327
18608117,89,3
18610863,7,212
18617401,13,48
18619137,19,231
18619708,18,222
18623167,5,76
18624195,27,323
18628195,17,230
18629050,3,76
18635869,17,230
18636844,7,212
18637875,0,480
18638637,27,323
18645243,35,94
18652644,18,222
18652948,27,323
18653078,31,2
18657917,17,230
18659105,21,25
1865971,21,25
18660521,19,231
18668930,0,480
18675144,9,150
18675238,24,23
18676090,4,55
18677238,7,212
18693436,2,327
18695536,27,323
18709845,28,40
18716273,83,9
18717493,22,79
18717494,0,480
18718930,19,231
18721173,15,259
18725918,5,76
18726713,19,231
18734728,0,480
18741333,0,480
18741505,8,66
18745797,20,63
18746965,35,94
18760928,15,259
18762666,15,259
18762748,83,9
18775043,22,79
18781217,4,55
18797739,22,79
18817130,15,259
18826341,17,230
18843449,15,259
18882655,15,259
18886013,0,480
18888190,18,222
18895320,17,230
18897854,27,323
18906662,17,230
18907487,19,231
18908187,0,480
18908676,0,480
18912014,2,327
18916680,0,480
18923296,27,323
18925783,19,231
18940999,7,212
18943482,69,3
18950167,18,222
18952281,0,480
18953636,27,323
18954398,15,259
18956041,4,55
18959428,12,90
18961908,26,98
18968381,4,55
18970302,51,15
18971863,18,222
18975155,2,327
18978733,2,327
18982304,19,231
18983688,20,63
18988350,0,480
18993967,26,98
19000184,18,222
19004086,2,327
19012615,3,76
19017473,7,212
19017785,7,212
19021911,7,212
19022050,12,90
19023607,7,212
19024376,18,222
19026329,7,212
19033871,42,12
19041419,1,46
19041498,94,2
19042570,7,212
19043458,4,55
19045839,15,259
19046394,15,259
19050831,19,231
19058868,26,98
19063439,7,212
19063796,18,222
19070417,27,323
19078792,7,212
19084896,19,231
19087305,15,259
19094564,19,231
19098264,2,327
19099851,0,480
19103957,51,15
19105135,7,212
19105285,7,212
19106350,18,222
19109577,15,259
19109908,19,231
19110217,0,480
19112266,19,231
19115353,7,212
19131792,15,259
19148918,0,480
19154583,8,66
19154612,15,259
19160730,2,327
19175670,8,66
19176674,12,90
19177397,27,323
19186482,5,76
19187629,95,2
19190374,7,212
19198433,52,2
19202226,19,231
19202272,35,94
19206896,2,327
19209706,22,79
19215129,21,25
19216244,0,480
19219542,15,259
19224821,15,259
19237148,29,40
19241013,9,150
19248432,18,222
19252644,22,79
19264957,9,150
19268192,9,150
19269161,0,480
19279528,35,94
19285776,96,2
19298258,22,79
19314095,27,323
19314660,20,63
19315174,9,150
19315920,15,259
19320233,0,480
19333638,27,323
19343267,0,480
19343291,2,327
19346657,15,259
19346768,7,212
19351120,8,66
19354217,5,76
19357404,17,230
19358432,30,38
19359749,19,231
19360333,0,480
19361498,7,212
19365413,7,212
19386907,27,323
19391596,7,212
19391687,0,480
19391788,7,212
19393442,19,231
19394410,97,2
19396079,98,2
19401409,18,222
19402839,35,94
19412536,17,230
19430884,27,323
19432346,19,231
19444649,35,94
19445903,0,480
19447907,7,212
19451823,26,98
19457100,27,323
19461979,7,212
19467242,9,150
19477342,27,323
19479061,19,231
19479376,19,231
19484555,7,212
19484754,83,9
19489212,23,50
19494042,15,259
19496091,7,212
19499465,7,212
19503548,27,323
19504234,15,259
19519102,27,323
19520915,57,2
19524140,22,79
19529802,7,212
19535157,23,50
19539658,2,327
19543485,18,222
19544422,24,23
19546355,18,222
19549139,18,222
19552939,18,222
1955631,2,327
19564125,8,66
19570101,15,259
19584156,24,23
19588662,3,76
19607062,27,323
19608617,2,327
19609221,5,76
19609948,19,231
19621874,9,150
19624059,0,480
19624691,5,76
19634279,29,40
19645587,7,212
19649695,2,327
19650585,27,323
19661200,29,40
19664443,26,98
19667401,27,323
19667423,7,212
19670016,24,23
19679411,27,323
19686924,19,231
19693207,9,150
19712980,1,46
19720889,1,46
19722414,2,327
19725084,23,50
19732108,21,25
19739122,20,63
19744614,18,222
19745574,19,231
19748714,15,259
19750906,28,40
19753032,68,2
19757493,27,323
19764560,2,327
19765005,35,94
19770634,15,259
19779229,17,230
19779249,26,98
19782176,4,55
19787521,0,480
19791945,19,231
19792412,19,231
19801854,23,50
19803042,20,63
19808025,0,480
19849576,99,2
19860841,17,230
19896151,0,480
19896681,7,212
19904805,100,3
19926939,8,66
19935554,17,230
19942754,27,323
19954665,28,40
19956215,0,480
19960087,2,327
19991155,7,212
20011468,27,323
20019278,27,323
20021195,18,222
20024547,27,323
20026791,27,323
20035061,17,230
20065266,29,40
20077017,9,150
20082550,35,94
20086401,9,150
20088940,3,76
20091551,19,231
20109855,4,55
20112492,18,222
20113397,19,231
20150376,15,259
20154719,18,222
20158964,9,150
20164970,27,323
20168604,0,480
20183009,3,76
20195474,51,15
20199054,22,79
20199133,101,2
20203570,27,323
20205482,2,327
20210157,15,259
20214703,27,323
20220400,2,327
20234402,42,12
20236489,7,212
20244205,2,327
20253599,19,231
20268544,2,327
20274736,35,94
20283,42,12
20285007,23,50
20288478,22,79
20297525,15,259
20300556,24,23
20311466,9,150
20322060,9,150
20322928,18,222
20325190,0,480
20346756,0,480
20351750,13,48
20352155,5,76
20355846,19,231
20370618,5,76
20370789,26,98
20378448,19,231
20384431,27,323
20385558,27,323
20402581,0,480
20411676,7,212
20414967,18,222
20417378,27,323
20418312,0,480
20420442,12,90
20466461,18,222
20468744,26,98
20473453,29,40
20478132,0,480
20494264,5,76
20504742,0,480
20510315,4,55
20529138,4,55
20529281,9,150
20536317,21,25
20537065,27,323
20548784,15,259
20567161,35,94
20567252,22,79
20570095,35,94
20573668,0,480
20576509,7,212
20579309,22,79
20596035,19,231
20599451,49,2
20607973,17,230
20613460,18,222
20635870,18,222
20638270,4,55
20641802,22,79
20650869,35,94
20657078,18,222
20657429,2,327
20659066,5,76
20661527,0,480
20693960,22,79
20697142,19,231
20708884,18,222
20716296,27,323
20719354,18,222
20724218,22,79
20725832,13,48
20726522,26,98
20734423,0,480
20745227,18,222
20745274,15,259
20765649,7,212
20767940,3,76
20771592,15,259
20775769,19,231
20780856,27,323
20782744,2,327
20788139,16,19
20790544,58,3
20791477,27,323
20794585,7,212
20795697,26,98
20806196,22,79
20808933,9,150
20813871,15,259
20817803,18,222
20821109,27,323
20851551,9,150
20851795,22,79
20852423,19,231
20859704,19,231
20863618,15,259
20873,12,90
20893623,27,323
20920377,15,259
20928893,18,222
20961576,15,259
20974633,7,212
20974986,30,38
20978193,35,94
20993726,18,222
21001897,0,480
21018685,7,212
21030225,0,480
2103501,30,38
21044126,15,259
21053220,15,259
21060795,27,323
21062689,22,79
21069104,2,327
21072539,9,150
21081275,23,50
21085123,0,480
21093392,0,480
21128914,19,231
21145162,19,231
21146733,26,98
21161755,18,222
21165967,9,150
21170661,2,327
21175294,15,259
21177451,13,48
21187585,27,323
2119161,3,76
21192419,26,98
21193380,8,66
21193728,7,212
21203278,35,94
21204595,2,327
21207933,30,38
21219434,9,150
21222599,15,259
21231872,15,259
21237512,0,480
21242674,15,259
21248230,8,66
21249293,21,25
21250871,46,2
21261486,9,150
21266715,0,480
21269579,7,212
21278729,18,222
21282497,18,222
21303582,22,79
21326273,51,15
21327648,19,231
21345004,20,63
21348792,23,50
21351802,27,323
21352055,26,98
21362085,27,323
21368708,27,323
21371439,27,323
21372580,27,323
21377185,28,40
21381690,19,231
21395752,19,231
2140491,6,24
21406735,102,2
21408157,35,94
21408711,21,25
21413138,35,94
21421864,22,79
21425652,5,76
21428883,5,76
21437676,27,323
21454987,0,480
21463619,16,19
21470154,15,259
21475280,30,38
21476327,20,63
21488707,30,38
21491565,22,79
21494085,0,480
21499200,8,66
21501777,12,90
21526244,30,38
21543550,30,38
21548052,15,259
21550185,0,480
21554726,15,259
21583614,35,94
21588987,9,150
21590617,0,480
21599056,2,327
21624641,9,150
21625645,103,2
21640610,7,212
21644106,0,480
21653078,30,38
21654561,0,480
21661811,90,3
21664865,8,66
21672624,26,98
21676304,17,230
21702193,15,259
21706932,30,38
21710124,27,323
21711002,19,231
21712968,9,150
21719730,15,259
21730822,22,79
21733345,27,323
21742949,19,231
21747701,27,323
21749388,22,79
21764132,15,259
21765190,7,212
21781613,2,327
21789095,0,480
21797153,8,66
21798081,0,480
21800616,29,40
21808399,15,259
21808591,35,94
21812403,0,480
21818817,103,2
21819083,18,222
21819639,0,480
21832091,30,38
21838881,0,480
21841080,18,222
21841872,26,98
21842565,19,231
21845131,15,259
21852268,7,212
21865855,0,480
21870772,13,48
21875520,28,40
21878443,19,231
21890179,5,76
21897900,51,15
21908551,3,76
21924231,35,94
21960339,30,38
21969601,27,323
21996162,26,98
22025346,13,48
22025998,0,480
22026917,27,323
22026974,0,480
22027704,17,230
22028219,81,2
22035170,15,259
22039728,15,259
22040276,22,79
22043224,9,150
22043768,0,480
22052371,27,323
22059105,7,212
22069883,17,230
22071998,26,98
22078338,28,40
2207861,19,231
22094377,28,40
22098829,30,38
22104014,15,259
22108726,27,323
22115490,19,231
22120173,0,480
22123886,8,66
22126862,0,480
22133603,7,212
22147816,26,98
22168649,51,15
22169218,12,90
22174265,27,323
22183550,99,2
22192769,17,230
22198749,19,231
22210647,1,46
22210679,104,2
22211080,0,480
22216682,79,4
22217321,23,50
22229716,4,55
22231178,0,480
22239541,27,323
22242176,18,222
22242395,7,212
22245744,7,212
22270734,1,46
22271534,18,222
22284693,18,222
22295588,19,231
22297849,96,2
22299209,30,38
22303562,19,231
22317106,2,327
2232381,8,66
22324656,22,79
22327443,27,323
22341818,27,323
22343542,18,222
22343946,17,230
22358960,24,23
22372182,2,327
22382483,7,212
22384688,12,90
22399021,13,48
22400810,19,231
22403779,15,259
22425685,30,38
22428105,8,66
22428125,12,90
22432632,27,323
2243311,17,230
22443806,5,76
22450755,27,323
22455366,27,323
22455413,26,98
22461427,15,259
22463905,18,222
22470620,27,323
22489157,15,259
22495490,38,4
22498142,2,327
22523228,0,480
22545389,105,3
22546379,18,222
22547653,17,230
22550427,27,323
22552819,17,230
22554654,27,323
22559810,0,480
22570815,33,3
22574003,26,98
22578352,9,150
22599782,15,259
22604125,5,76
22606755,32,7
22613561,19,231
22629285,27,323
22629977,18,222
2264811,51,15
22668964,12,90
22673770,27,323
22675994,8,66
22694068,7,212
22698646,0,480
22701625,18,222
22738931,27,323
22744477,3,76
22746133,15,259
22746993,18,222
22747266,20,63
22750634,7,212
22778375,1,46
22794532,30,38
22810726,12,90
22811603,26,98
22816200,106,5
22821611,21,25
22832829,9,150
22836014,7,212
22875636,27,323
22888911,15,259
22890237,27,323
2289831,12,90
22918836,3,76
22942992,27,323
22951944,0,480
22952068,27,323
229523,2,327
22955009,0,480
22955144,15,259
22975077,35,94
2298661,35,94
23015762,19,231
23016489,35,94
23076156,0,480
23091045,27,323
23102115,0,480
23103935,2,327
23130671,18,222
23132210,0,480
23134293,30,38
23135992,0,480
23142308,2,327
23155139,16,19
23160361,30,38
23173341,27,323
23174831,0,480
23175674,27,323
23186374,22,79
23192594,27,323
23200315,8,66
23202105,20,63
23206952,27,323
23208011,27,323
23218852,0,480
23219721,15,259
23225221,0,480
23231036,19,231
23236261,106,5
23240683,0,480
23256816,27,323
23281198,27,323
23294276,7,212
23299628,17,230
23300429,0,480
23307551,27,323
23317513,17,230
23335036,20,63
23344327,0,480
23345629,27,323
23367105,2,327
23381383,88,4
23387073,15,259
23390357,27,323
23411888,27,323
23419128,22,79
23420295,27,323
23425876,17,230
23428392,87,2
23436744,0,480
23440812,27,323
23456569,1,46
23460768,0,480
23469104,5,76
23480093,18,222
23485991,0,480
23491643,27,323
23509707,18,222
23514314,2,327
23516386,17,230
23538058,27,323
23542242,15,259
23546586,18,222
23553485,19,231
23558839,27,323
23569466,18,222
23585963,17,230
23602061,7,212
23622398,12,90
23626294,15,259
23654898,13,48
23662170,89,3
23664562,0,480
23678749,18,222
23679184,35,94
23686201,19,231
23689320,0,480
23713679,15,259
23741758,4,55
23756767,27,323
23769455,0,480
23793502,27,323
23799941,107,2
23802496,29,40
23807441,27,323
23815405,27,323
23832567,27,323
23840343,0,480
2384071,2,327
23841181,0,480
23842725,20,63
23843209,29,40
23845287,29,40
23855565,5,76
23863891,27,323
23875013,15,259
23875971,9,150
23877922,2,327
23882885,27,323
23885448,0,480
23889215,17,230
23906713,27,323
23912636,13,48
23932171,27,323
23933453,15,259
23948231,27,323
23966837,0,480
23967016,76,2
23974256,23,50
23986984,9,150
24000375,0,480
24008715,2,327
24060334,27,323
24068931,23,50
24119191,73,3
24120763,15,259
24127258,27,323
24129724,20,63
24130280,9,150
24141043,27,323
24153737,7,212
24155868,100,3
24173927,9,150
24187243,4,55
24188726,27,323
24189649,27,323
24197313,8,66
24197480,17,230
24202933,12,90
24208679,18,222
24214759,2,327
24222115,2,327
24241212,13,48
24266032,35,94
24266846,19,231
24278053,0,480
24280714,27,323
24299336,106,5
24305062,6,24
24321605,22,79
24355110,0,480
24365037,8,66
24369882,19,231
24380688,0,480
24381592,62,2
24400109,0,480
24401652,35,94
24415163,27,323
24422284,22,79
24437093,27,323
24447359,19,231
24469669,7,212
24471813,19,231
24480574,27,323
24513665,7,212
24535621,100,3
24546595,0,480
24560098,17,230
24561360,2,327
24582434,17,230
24599593,108,2
24601153,17,230
24603879,0,480
24605719,27,323
24634969,15,259
24640763,26,98
24644259,2,327
24653118,9,150
24653768,6,24
24661292,18,222
24663433,42,12
24691785,2,327
24694181,27,323
24699440,15,259
24728208,35,94
24731038,109,2
24747785,19,231
24766695,0,480
24777860,29,40
24795477,4,55
24800593,43,2
24812917,28,40
24821116,27,323
24823150,17,230
24823649,17,230
24829706,18,222
24847667,19,231
24853652,27,323
24863940,0,480
24876633,1,46
24879395,19,231
24882838,7,212
24886520,27,323
24889381,20,63
24902362,17,230
24902648,2,327
24906622,0,480
24910181,26,98
24910814,19,231
24918830,18,222
24920619,0,480
24922522,18,222
24931228,19,231
24936920,67,2
24947250,4,55
2495,2,327
24971746,22,79
24973585,12,90
24983519,15,259
24987071,19,231
25033333,18,222
25045345,0,480
25094692,0,480
25159425,26,98
25172126,80,2
25181001,27,323
25184645,9,150
2520,4,55
25202593,17,230
25210674,27,323
25219716,0,480
25232217,82,4
25264350,7,212
25268947,7,212
25274236,48,2
25281456,9,150
25283577,9,150
25293746,2,327
25343925,69,3
25377274,22,79
25385002,4,55
2538581,6,24
25389502,86,2
25390038,27,323
25393808,0,480
25399568,8,66
25418870,27,323
25434484,5,76
25448109,27,323
25456152,27,323
25463087,28,40
25464103,27,323
25466028,2,327
25468909,18,222
25477060,2,327
25500750,15,259
25515118,17,230
25519553,27,323
25542280,27,323
25543989,105,3
25546904,2,327
25552427,17,230
25580589,27,323
25582095,17,230
25583120,17,230
25587988,7,212
25591977,0,480
25595093,35,94
25596413,72,3
25602221,17,230
25618697,19,231
25621469,17,230
25624117,22,79
25638591,27,323
25652452,27,323
25652849,0,480
25663963,42,12
25670595,17,230
25671752,108,2
25677530,18,222
25681991,9,150
25684080,17,230
25710052,20,63
25721532,17,230
25731254,34,2
25752192,2,327
25753282,17,230
25784828,8,66
25791150,27,323
25800870,7,212
25803035,106,5
25834141,19,231
25840488,35,94
25841161,0,480
25847047,9,150
25850372,42,12
25861494,17,230
25889080,18,222
25916660,30,38
25920592,35,94
25929128,13,48
25933353,35,94
25935484,19,231
2594881,27,323
25964451,19,231
25967281,27,323
25967442,18,222
25975653,18,222
25982406,26,98
25988864,3,76
26006577,18,222
26038230,42,12
26047548,26,98
26061739,18,222
26061741,4,55
26082001,12,90
26086035,27,323
26089632,26,98
26090755,0,480
26094715,27,323
26128352,15,259
26245943,2,327
26250561,7,212
26267569,0,480
2628591,2,327
26287227,28,40
26310302,27,323
26336265,30,38
26336343,23,50
26338809,106,5
26343712,5,76
26344156,27,323
26344853,66,3
26348935,18,222
26357006,17,230
26357737,15,259
26361292,18,222
26361561,27,323
26363100,27,323
26368568,17,230
26384168,101,2
26389613,0,480
26433072,19,231
26434364,0,480
26434435,27,323
26440043,27,323
26454650,0,480
26467174,15,259
26473619,4,55
26478351,27,323
26513550,2,327
26518245,13,48
26557792,27,323
26565599,20,63
26575561,12,90
26586889,19,231
2661731,26,98
26630786,17,230
26662482,27,323
26663754,27,323
26694808,15,259
26713238,2,327
26713654,0,480
26740586,4,55
26747105,0,480
26755061,27,323
26763525,21,25
26766494,0,480
26771859,27,323
26774191,18,222
26775646,7,212
2677771,2,327
26824146,0,480
26827667,28,40
26841567,17,230
26852551,0,480
26859441,9,150
26865845,24,23
26869589,15,259
26878079,2,327
26885687,0,480
26899638,19,231
26909507,7,212
26911668,17,230
26926095,23,50
26943787,27,323
26945207,15,259
26950569,26,98
26951888,1,46
26960967,6,24
26962282,0,480
26973491,20,63
26991891,12,90
26994899,0,480
27005052,26,98
27014448,4,55
27015480,15,259
27041690,27,323
27051306,18,222
27060950,15,259
27067262,9,150
27068053,27,323
27077016,22,79
27093722,9,150
27097694,110,9
27107578,4,55
27109599,28,40
27120518,18,222
27127082,15,259
27131872,19,231
27132703,1,46
27177009,27,323
27185074,17,230
27197438,2,327
27280930,17,230
27301759,27,323
27304100,0,480
27325588,27,323
27362221,18,222
27366452,0,480
27371047,12,90
27384145,19,231
27423405,27,323
27425310,9,150
27426369,19,231
27444001,22,79
27449131,17,230
27466659,12,90
27486099,27,323
27491648,15,259
27512951,19,231
27536246,22,79
27557882,17,230
27568464,111,2
27573564,12,90
27578602,26,98
27597623,17,230
27600350,0,480
27603170,15,259
27630383,17,230
27646602,30,38
27649220,0,480
27654418,27,323
27662946,20,63
27663986,15,259
27667262,15,259
27671298,17,230
27684535,112,2
27696456,0,480
27706925,15,259
27713882,75,2
27721637,7,212
27727773,19,231
27732542,0,480
27750137,27,323
27750803,1,46
27755928,8,66
27769800,1,46
27771549,18,222
27812852,27,323
27816413,35,94
27817171,18,222
2789161,15,259
27906730,20,63
27908774,5,76
27915919,0,480
27928116,27,323
27929005,0,480
27930985,7,212
27939999,17,230
28015432,19,231
28057988,27,323
28077220,27,323
28112807,23,50
28134743,2,327
28136273,2,327
28157063,18,222
28170196,7,212
28170243,15,259
28185623,17,230
28188761,1,46
28264034,27,323
28281289,9,150
28311552,13,48
28323866,0,480
28340503,18,222
28342587,15,259
28371222,0,480
2837181,0,480
28377253,18,222
28400714,27,323
28417103,56,6
28426100,56,6
28432226,111,2
28435172,22,79
28447324,0,480
28451057,27,323
28504810,30,38
28522547,27,323
28529552,7,212
28545595,15,259
28547034,7,212
28552463,15,259
28557583,22,79
28564091,27,323
28575684,19,231
28591920,20,63
28595634,0,480
28597688,15,259
28598978,9,150
28630654,27,323
28630986,0,480
28643831,27,323
28644355,19,231
28666895,7,212
28676868,0,480
28682208,0,480
28685024,19,231
28697421,93,2
28701544,27,323
28726058,0,480
28736496,12,90
28738070,27,323
28744781,7,212
28750751,27,323
28756867,20,63
28777454,18,222
28796772,17,230
28840182,27,323
28849272,26,98
28895291,27,323
2892601,7,212
28942852,27,323
28953592,8,66
28956393,7,212
28960268,8,66
28963222,26,98
28980262,7,212
28990533,23,50
28992823,27,323
29001162,0,480
29028679,27,323
29075225,12,90
29089902,56,6
29096237,27,323
29100809,15,259
29103015,113,2
29109370,9,150
29118055,0,480
29121289,19,231
29138884,5,76
29144914,17,230
29147311,2,327
29159786,35,94
29162413,83,9
29171615,26,98
29186233,18,222
29202957,17,230
29308780,15,259
29324811,22,79
29378681,17,230
29383902,20,63
29388899,24,23
29396184,9,150
29398810,27,323
29461507,27,323
29465688,32,7
29468405,5,76
29475431,0,480
29480440,9,150
29488715,27,323
29511324,18,222
29555433,0,480
29591647,12,90
29596691,4,55
29613217,56,6
29620256,19,231
29630488,15,259
29650713,61,2
29692115,0,480
29698402,0,480
29720198,8,66
29733774,0,480
29762189,2,327
29777851,18,222
29781434,17,230
29791874,17,230
29837961,9,150
29838696,51,15
29842451,7,212
29858011,13,48
29863027,15,259
29888946,18,222
29893170,114,2
29894281,27,323
29941073,19,231
29955557,27,323
29973725,2,327
29986886,18,222
29990761,0,480
3000661,15,259
30009126,17,230
30023125,27,323
30037607,19,231
30059344,30,38
30063657,0,480
30070321,0,480
30095547,27,323
30098626,22,79
30104098,27,323
30147928,27,323
30150093,0,480
30157434,7,212
30175950,27,323
30185290,7,212
30197513,0,480
30197992,7,212
30201321,27,323
30208398,20,63
3025261,9,150
30273024,4,55
30283530,0,480
30284737,2,327
30285499,27,323
30288543,19,231
30296618,29,40
30298247,27,323
30336759,78,2
3036281,2,327
30393446,21,25
30412906,12,90
30426836,112,2
30471776,22,79
30473755,19,231
30507566,115,2
30514544,9,150
30545061,27,323
30556522,82,4
30558373,26,98
30571003,27,323
30577172,27,323
30624063,5,76
30624436,12,90
30641053,16,19
30660378,17,230
30663037,27,323
30677846,27,323
30702406,19,231
30715732,17,230
30720643,17,230
30733040,15,259
30734481,26,98
30736020,98,2
30736021,19,231
30750281,27,323
30784733,17,230
30821560,0,480
30845844,27,323
30864390,0,480
30866634,17,230
30873801,15,259
30900591,19,231
30916946,0,480
30919969,113,2
30938840,15,259
30988234,17,230
30994019,9,150
31015297,15,259
31094987,15,259
31099177,5,76
31100873,105,3
31147615,27,323
31172192,35,94
31177882,15,259
31195013,27,323
31201950,22,79
31205118,109,2
31237866,0,480
31245293,0,480
31246970,22,79
31252679,27,323
31257790,27,323
31278533,2,327
31280937,2,327
31285824,1,46
31286288,27,323
31294536,27,323
31351910,116,2
31474749,0,480
31512912,0,480
31513726,27,323
31536024,12,90
31545782,27,323
31557959,7,212
31564134,27,323
31568626,27,323
3160851,5,76
31741815,15,259
31753236,26,98
31847329,19,231
31894920,3,76
31953,12,90
32028843,17,230
3212691,2,327
32136042,3,76
32150710,2,327
32167638,26,98
32176315,17,230
32199618,17,230
3220851,2,327
32215972,8,66
32218384,27,323
32232053,27,323
3224511,6,24
32266226,26,98
32267384,88,4
32281133,0,480
32294244,0,480
32337506,27,323
32368103,0,480
32386974,17,230
3244801,23,50
3249,2,327
32522601,17,230
32526324,20,63
32531520,27,323
32534283,0,480
32535748,9,150
32556315,114,2
32562445,110,9
32585384,0,480
32608004,17,230
32617892,18,222
32618486,23,50
32625798,23,50
32627702,26,98
32637415,9,150
3267891,3,76
32686924,5,76
32687809,0,480
32691467,0,480
32695795,0,480
32706038,18,222
32708920,26,98
32799467,0,480
32816905,7,212
32817140,4,55
32822106,7,212
32830235,27,323
32860953,0,480
32909193,26,98
32919651,17,230
3293021,84,2
32949746,2,327
32971573,13,48
33052420,18,222
33069453,18,222
33095128,18,222
3317821,18,222
3320411,17,230
33217626,0,480
33234192,27,323
33279644,30,38
3328331,15,259
33325960,15,259
33334440,27,323
33345091,9,150
33347300,0,480
33354383,15,259
33361493,3,76
33390923,17,230
3339171,2,327
33396349,27,323
33432232,17,230
33433404,74,2
33435237,17,230
33437822,18,222
33442941,26,98
33564977,27,323
33568241,26,98
33625173,27,323
33628154,8,66
33635180,30,38
33639082,26,98
33640997,17,230
33657483,22,79
33672294,0,480
33700884,19,231
33730406,4,55
33790384,5,76
3381061,16,19
33839778,116,2
33841004,35,94
33881792,20,63
3388571,110,9
33980514,27,323
34007815,0,480
3401411,22,79
34026749,20,63
34105120,27,323
34110614,0,480
34113994,17,230
34120641,117,3
34133492,117,3
34172957,0,480
34180355,8,66
34186888,27,323
34189206,19,231
34204200,27,323
34214379,7,212
34224479,7,212
34231202,26,98
34231651,7,212
34235402,0,480
34258868,2,327
34268574,15,259
34287054,20,63
34313086,27,323
34333379,0,480
34339684,92,2
34343360,30,38
34382438,20,63
34387155,17,230
34396078,15,259
34411762,17,230
34423857,26,98
34445020,17,230
34522733,0,480
345863,18,222
34635715,9,150
34647944,18,222
34655157,19,231
34686356,23,50
34689856,27,323
34691316,19,231
34701514,15,259
34704651,4,55
34747138,19,231
34782510,17,230
34808187,17,230
34838841,27,323
34876153,18,222
34879749,13,48
34896810,83,9
34899924,7,212
34901579,28,40
34905250,8,66
34912487,0,480
34913414,0,480
34963618,17,230
34983,15,259
35026068,12,90
35052497,0,480
35057448,9,150
35085904,20,63
35088967,0,480
35124651,27,323
35158404,18,222
35169668,2,327
35245735,17,230
35249934,7,212
35253656,83,9
35264507,26,98
35274390,97,2
35288445,4,55
35295810,0,480
35300628,0,480
3530201,2,327
35324281,2,327
35329667,18,222
35380950,27,323
35395620,20,63
35444343,4,55
35478531,79,4
35497674,18,222
35501247,4,55
35502816,20,63
35522610,17,230
35541830,2,327
35612957,0,480
35676636,9,150
35702577,27,323
35744304,17,230
35748261,17,230
35763630,13,48
35782573,4,55
35843799,27,323
3588561,0,480
35931640,27,323
35934508,13,48
3595081,7,212
35954073,5,76
35967493,17,230
36016773,19,231
3602921,44,2
36038057,35,94
36057656,85,3
36058055,7,212
36063,12,90
36071096,2,327
36074855,4,55
36083872,0,480
36110176,7,212
36111345,12,90
36123207,0,480
36150796,20,63
36227854,17,230
36385793,5,76
36419174,20,63
36444947,18,222
36485675,15,259
36495774,27,323
36515633,37,3
36560198,20,63
36572402,15,259
3669361,54,2
36722512,27,323
36727137,30,38
36730608,0,480
36739717,35,94
3675691,2,327
36777560,29,40
36787860,19,231
36829136,17,230
36874153,118,2
36883116,118,2
36895550,0,480
36913973,26,98
36963624,66,3
37018152,0,480
37042891,27,323
37046242,17,230
37084108,17,230
37092101,18,222
37092235,27,323
37135242,0,480
37183,7,212
37188254,3,76
3719851,16,19
37249985,5,76
37278980,17,230
37289924,18,222
37305693,5,76
37313477,9,150
37320521,0,480
37343638,19,231
37371543,27,323
37398382,0,480
37458941,104,2
37485330,22,79
37526886,26,98
37527239,17,230
37529061,20,63
37531004,0,480
37539567,110,9
37568391,17,230
37584291,12,90
37609530,18,222
37623393,27,323
376793,9,150
37750797,18,222
37751124,7,212
37776721,7,212
37781630,27,323
37809748,15,259
37836873,27,323
37891331,58,3
37974834,18,222
37975185,0,480
37976910,0,480
37977353,13,48
37987830,19,231
37989080,1,46
38011323,17,230
38058345,18,222
38093134,35,94
38148115,35,94
38153,2,327
38169367,23,50
38176734,7,212
38187809,7,212
38189795,110,9
38214789,0,480
38240881,0,480
38262306,2,327
38273189,29,40
38303576,7,212
38305142,17,230
38321339,26,98
38323395,9,150
38359577,12,90
38361368,20,63
38370559,20,63
38375324,9,150
38388466,27,323
38420334,91,2
3842491,6,24
38473186,18,222
38493206,26,98
38499508,9,150
38512364,107,2
38550644,0,480
38555777,18,222
38559254,7,212
38590384,27,323
38593629,27,323
38596210,12,90
38609291,9,150
38622261,27,323
38631197,7,212
38631491,0,480
38637098,53,6
38640812,110,9
38677225,9,150
38718043,7,212
38813185,12,90
38843284,18,222
38868445,2,327
38886250,1,46
38911062,7,212
38929280,15,259
38935771,19,231
3898371,18,222
38987613,26,98
38988224,27,323
39001941,0,480
39041028,0,480
39068896,20,63
39080527,8,66
39085764,23,50
39132413,18,222
39161886,115,2
39179439,94,2
39271180,17,230
39282185,18,222
39296317,9,150
39296425,19,231
39299693,15,259
39314178,2,327
39349202,22,79
39354901,18,222
3936591,12,90
39367703,2,327
39405858,27,323
39411131,35,94
39469612,18,222
39495217,53,6
39507031,17,230
39513773,7,212
39589400,20,63
39674234,17,230
3969131,29,40
39729028,4,55
39795064,17,230
39817459,24,23
39856692,5,76
39859453,0,480
39889494,12,90
40049363,12,90
40069433,29,40
40082688,0,480
40088934,17,230
40103016,19,231
40116577,23,50
40143,2,327
40145501,3,76
40160755,0,480
40170117,18,222
40225273,18,222
40293394,15,259
40306549,12,90
40313412,12,90
40415571,29,40
40426026,15,259
40449158,35,94
40512761,18,222
40581589,18,222
40581809,27,323
40647820,4,55
40706058,0,480
40716707,2,327
40732805,35,94
40870809,35,94
40897994,11,3
40959839,17,230
40965202,16,19
40977575,29,40
41006832,18,222
41016284,17,230
41033580,2,327
41068549,18,222
41133911,7,212
41160904,1,46
41187329,8,66
41190466,18,222
41197349,2,327
41205821,9,150
41244720,27,323
41246418,26,98
41256421,27,323
41275334,17,230
41292330,17,230
41373006,26,98
41378883,29,40
41384567,0,480
41387852,0,480
41401451,17,230
41420112,19,231
41479866,1,46
41569270,26,98
41589335,19,231
41615133,7,212
41647907,7,212
41664064,15,259
41671586,17,230
41673488,1,46
41678622,26,98
41688436,19,231
41731244,27,323
41764460,13,48
41773112,2,327
41796356,7,212
41805105,7,212
41814828,2,327
41905556,110,9
41947542,19,231
41974544,15,259
42007859,18,222
42009772,22,79
42024018,6,24
42048967,17,230
42079072,19,231
42128261,18,222
42135344,19,231
42140578,23,50
42149443,18,222
42158886,27,323
42166787,0,480
42254940,119,2
42296794,20,63
42312515,0,480
42346517,22,79
42351915,15,259
42390043,2,327
42399726,7,212
42402725,102,2
42408628,20,63
42425091,27,323
42455190,17,230
42498587,19,231
42518276,12,90
42578978,18,222
42593464,2,327
42643520,17,230
42799002,2,327
42810808,18,222
4285941,2,327
42884666,90,3
43024584,0,480
43028906,2,327
43057643,27,323
43076611,85,3
43112269,4,55
43192347,17,230
43199935,0,480
43286759,20,63
43311708,19,231
43324009,0,480
43341949,2,327
43378656,12,90
43416392,8,66
43439738,0,480
43452681,77,2
43462817,17,230
43464255,110,9
43481813,27,323
43484036,15,259
43512440,0,480
43515339,19,231
43535614,9,150
43549785,27,323
43635008,0,480
43659020,27,323
43666495,30,38
43687630,26,98
43699273,9,150
43755227,7,212
4418531,17,230
4508121,9,150
4545311,23,50
4750991,2,327
5054721,35,94
5074411,6,24
5074681,23,50
51063,2,327
5302652,2,327
5309742,22,79
5378272,0,480
5385262,30,38
5397192,7,212
5422582,9,150
5435942,0,480
5453812,5,76
5500442,12,90
5506262,9,150
5519212,15,259
5522622,88,4
55413,21,25
55843,2,327
5597882,29,40
5628242,18,222
5628622,26,98
5640632,5,76
5644032,0,480
5654732,13,48
5661792,2,327
56733,37,3
5676272,2,327
5699042,5,76
5711062,7,212
5730272,8,66
5745462,2,327
575263,65,4
5754882,16,19
5762142,7,212
5771302,21,25
5778852,35,94
5807222,2,327
5807732,18,222
5821822,6,24
5850832,3,76
5872192,35,94
5875672,0,480
591313,55,2
59312688,0,480
5934642,18,222
594103,2,327
5988422,120,2
6080842,39,2
6093352,26,98
6107302,2,327
6108002,6,24
6114252,21,25
6120962,0,480
6124592,6,24
619863,2,327
6199172,13,48
620863,2,327
622663,2,327
6300502,9,150
6321112,15,259
6322352,23,50
6331202,35,94
6331792,15,259
637073,19,231
638663,2,327
6413942,15,259
6426102,0,480
6480302,2,327
651083,1,46
6514442,23,50
651723,17,230
6523992,6,24
6532082,7,212
6556212,5,76
659823,15,259
6601682,2,327
6603512,3,76
6623432,15,259
662683,2,327
6629262,2,327
6647162,12,90
6675742,19,231
6686172,9,150
6703062,5,76
6729252,2,327
6737102,2,327
6738162,28,40
6750102,19,231
6760152,0,480
6774272,8,66
67763,2,327
6806042,16,19
6811802,35,94
6818222,17,230
6821602,2,327
6834712,5,76
6842512,23,50
688513,35,94
6885512,22,79
688963,2,327
689253,8,66
689753,3,76
6898072,38,4
6898562,0,480
6937522,17,230
693923,7,212
6963532,119,2
6974192,2,327
6979102,9,150
701343,18,222
7020342,5,76
7021362,2,327
7040302,17,230
7044252,7,212
704563,9,150
7067442,2,327
7067852,38,4
7070252,18,222
7098522,21,25
7105292,13,48
7129612,12,90
7156032,18,222
7165492,15,259
7177992,2,327
717853,0,480
718713,27,323
7210172,12,90
7216852,13,48
7227522,20,63
7232312,12,90
7315022,15,259
7340872,0,480
7341752,8,66
7347932,7,212
7362232,0,480
7375072,8,66
7376382,18,222
7382262,0,480
7396282,42,12
7400342,2,327
740673,2,327
7450912,2,327
7462462,15,259
7463182,17,230
7519082,19,231
7536882,2,327
754799,35,94
7559112,24,23
7561302,6,24
759186,2,327
7594962,0,480
760244,26,98
7610242,2,327
761528,12,90
764035,12,90
768761,12,90
7687692,29,40
7689702,5,76
7694572,59,2
7697422,4,55
770441,0,480
771647,2,327
7720822,30,38
7721252,0,480
7725712,53,6
77293,2,327
774675,2,327
774791,28,40
7754832,15,259
7768452,15,259
7770012,1,46
777534,3,76
778150,6,24
778337,35,94
778389,17,230
7791532,5,76
780159,12,90
780591,14,5
7809112,2,327
7809332,2,327
781538,2,327
7828252,2,327
785774,24,23
7858302,2,327
789043,7,212
790577,83,9
7909882,2,327
7913222,19,231
792609,117,3
792795,17,230
793202,1,46
7948122,3,76
795448,19,231
795622,18,222
796051,7,212
797018,0,480
797371,2,327
797531,18,222
7976712,12,90
7978482,12,90
7991402,22,79
799192,9,150
799681,12,90
801917,2,327
8026012,3,76
8031702,0,480
8033942,2,327
804226,19,231
8043172,0,480
8053532,24,23
805458,2,327
8073252,7,212
8077782,7,212
811274,2,327
812823,26,98
812825,2,327
813669,2,327
8152512,27,323
8155172,2,327
8160132,17,230
8175092,17,230
818095,2,327
8181702,3,76
8184102,19,231
8188252,0,480
819191,110,9
820919,15,259
821812,17,230
822259,12,90
82243,2,327
82383,17,230
8266702,120,2
8268242,26,98
8269092,15,259
8393652,18,222
8401432,3,76
8410612,2,327
8414602,3,76
8451272,17,230
8463082,2,327
8468772,2,327
8496132,35,94
850741,12,90
8521372,21,25
8521542,18,222
8526602,19,231
8531732,18,222
8549992,3,76
8604722,2,327
8614022,13,48
8614192,27,323
8624502,2,327
8647352,17,230
865701,18,222
8720562,7,212
8755102,0,480
8755252,40,2
876061,18,222
878441,0,480
8793052,15,259
8820652,0,480
8828892,9,150
8847052,2,327
8900342,9,150
890641,95,2
8931402,23,50
893891,2,327
8941152,30,38
8969062,2,327
8971572,18,222
8997,2,327
901731,3,76
9018932,2,327
9021082,35,94
9025382,3,76
9089882,0,480
9131212,2,327
9146202,18,222
9153162,28,40
9159762,2,327
9167792,9,150
9237052,15,259
9244632,19,231
9266012,18,222
927331,15,259
9284762,15,259
928881,7,212
929101,19,231
932091,5,76
9433,45,2
9447312,2,327
9462472,2,327
9463702,19,231
9475112,2,327
9489922,17,230
9507822,1,46
9516202,19,231
9517462,65,4
9527932,2,327
9590002,0,480
9618592,17,230
9627452,12,90
9647442,15,259
9676722,2,327
9697962,19,231
9701722,19,231
9726392,0,480
9791392,18,222
9798082,7,212
9817342,15,259
9831802,2,327
9846942,3,76
9850942,17,230
9870112,17,230
988,2,327
9889072,26,98
9893032,35,94
9909562,18,222
9922122,15,259
9924742,19,231
9939382,79,4
9957402,17,230
9973242,9,150
9981522,2,327
9983972,23,50
