node_id,ml_score,ris_score,fair_ris_score,fairness_bonus,weak_group_bonus,community_diversity_bonus,protected_group_coverage_bonus,combined_score
1007,0.569645828245411,0.0,0.0,0.05555555555555555,0.05555555555555555,0.8888888888888888,0.0,0.8668277737074399
1009,0.44532819675503055,0.0,0.0,0.9206349206349206,0.9206349206349206,0.8888888888888888,0.0,1.6324530335945007
1025,0.36262174645997686,0.0,0.0,0.05,0.05,0.5555555555555556,0.0,0.5623196193902037
1048,0.5303749653240771,0.3333333333333333,0.19999999999999998,0.1780821917808219,0.1780821917808219,1.0,0.0,1.5090488307067504
1049,0.30919276369031984,0.3333333333333333,0.19999999999999998,0.7551020408163265,0.7551020408163265,0.8888888888888888,1.0,2.8646784739908044
1074,0.3393066570655122,0.0,0.0,0.2647058823529412,0.2647058823529412,0.6666666666666666,1.0,1.8028178746720176
1092,0.5158223428987563,0.0,0.0,0.7916666666666666,0.7916666666666666,0.7777777777777778,0.0,1.5154356520967827
1097,0.4830845105017113,0.0,0.0,0.851063829787234,0.851063829787234,0.8888888888888888,0.0,1.5930869937441587
11,0.3118142689906151,0.0,0.0,0.0,0.0,0.7777777777777778,0.0,0.5605625263036031
1119,0.4639908955214029,0.0,0.0,0.09803921568627451,0.09803921568627451,1.0,0.0,0.8692319321033968
1131,0.4844469152044579,0.0,0.0,0.02857142857142857,0.02857142857142857,0.5555555555555556,0.0,0.6383511829572172
1137,0.5325308001291053,0.0,0.0,0.04477611940298507,0.04477611940298507,0.7777777777777778,0.0,0.7819118706173804
1138,0.48084039797837386,0.0,0.0,0.03508771929824561,0.03508771929824561,0.7777777777777778,0.0,0.7308711487920558
1155,0.5375896222572834,0.0,0.0,0.42857142857142855,0.42857142857142855,0.6666666666666666,1.0,2.1253097930439218
1159,0.5106763124147713,0.0,0.0,0.9193548387096774,0.9193548387096774,0.8888888888888888,0.0,1.68345144419705
1175,0.47632602886224146,0.0,0.0,0.15942028985507245,0.15942028985507245,1.0,0.0,0.9404811129448657
1190,0.35807905767481285,0.0,0.0,0.08108108108108109,0.08108108108108109,0.8888888888888888,0.0,0.723099882776487
1197,0.48188970071530396,0.3333333333333333,0.19999999999999998,0.0,0.0,0.4444444444444444,0.0,1.0699562050166875
1198,0.32877126081637126,0.0,0.0,0.5128205128205128,0.5128205128205128,1.0,1.0,2.1758375214736096
12,0.4534038748755898,0.0,0.0,0.8444444444444444,0.8444444444444444,1.0,0.0,1.6071675443449163
1209,0.5763768014563685,0.0,0.0,0.4666666666666667,0.4666666666666667,0.5555555555555556,1.0,2.149990330053984
1215,0.32624148100659167,0.0,0.0,0.8,0.8,0.3333333333333333,1.0,2.194326518138607
1216,0.5093725014022477,0.0,0.0,0.06557377049180328,0.06557377049180328,0.8888888888888888,0.0,0.828627327169157
1228,0.26301380056558954,0.3333333333333333,0.39999999999999997,0.3076923076923077,0.3076923076923077,0.7777777777777778,1.0,2.575881125922557
1234,0.6133636904452202,0.0,0.0,0.0,0.0,0.6666666666666666,0.0,0.7573576190228428
1235,0.5145437540914639,0.0,0.0,0.9135802469135802,0.9135802469135802,0.8888888888888888,0.0,1.680770805742307
1237,0.5398057469827108,0.0,0.0,0.0759493670886076,0.0759493670886076,1.0,0.0,0.9077939646747762
1240,0.2962683194241844,0.0,0.0,0.23529411764705882,0.23529411764705882,0.7777777777777778,0.0,0.7834198842975175
1245,0.3273654916204201,0.0,0.0,0.09375,0.09375,0.6666666666666666,0.0,0.6223090599630028
1261,0.2149165670469455,0.0,0.0,0.9285714285714286,0.9285714285714286,0.0,0.0,1.100504682208985
1264,0.2915114262674001,0.0,0.0,0.0,0.0,0.3333333333333333,0.0,0.3665424743472534
1267,0.5286862206852246,0.0,0.0,0.08450704225352113,0.08450704225352113,1.0,0.0,0.9074560188017009
1291,0.5758643186956904,0.0,0.0,0.9375,0.9375,1.0,0.0,1.7981914549565525
13,0.48227463434163276,0.3333333333333333,0.39999999999999997,0.8148148148148148,0.8148148148148148,0.6666666666666666,0.0,2.2139678556214544
1315,0.7602219347562762,0.0,0.0,0.16379310344827586,0.16379310344827586,1.0,0.0,1.171970651253297
1318,0.5895776759293986,0.0,0.0,0.06451612903225806,0.06451612903225806,0.7777777777777778,0.0,0.847289380886888
1324,0.566033521711986,0.0,0.0,0.05263157894736842,0.05263157894736842,1.0,0.0,0.9054583963169572
1326,0.28817980895359524,0.0,0.0,0.5185185185185185,0.5185185185185185,1.0,1.0,2.1490623656813947
1335,1.0,0.0,0.0,0.10596026490066225,0.10596026490066225,1.0,0.0,1.3059602649006623
1336,0.275183588338801,0.6666666666666666,0.39999999999999997,0.0625,0.0625,0.4444444444444444,0.0,1.473757981782152
134,0.25529879260492316,0.0,0.0,0.8695652173913043,0.8695652173913043,1.0,0.0,1.4738042514752427
1348,0.32683258034848756,0.0,0.0,0.92,0.92,0.6666666666666666,0.0,1.4481327309454568
135,0.3654516115126977,0.0,0.0,0.0,0.0,0.4444444444444444,0.0,0.47013906698793595
1424,0.5732066947550092,0.0,0.0,0.8714285714285714,0.8714285714285714,1.0,0.0,1.7299939272325786
1448,0.726564192485103,0.6666666666666666,0.39999999999999997,0.9158878504672897,0.9158878504672897,0.8888888888888888,0.0,2.866028093344261
1477,0.41805115616339433,0.3333333333333333,0.19999999999999998,0.5,0.5,0.6666666666666666,1.0,2.607774258264049
1494,0.5308451898286222,0.0,0.0,0.7611940298507462,0.7611940298507462,1.0,1.0,2.585870181713644
1499,0.41461723035775594,0.3333333333333333,0.19999999999999998,0.05128205128205128,0.05128205128205128,0.6666666666666666,0.0,1.1563091689015894
1506,0.3168272560294622,0.0,0.0,0.5555555555555556,0.5555555555555556,0.4444444444444444,1.0,1.9867951381569031
1512,0.3510412511747777,0.0,0.0,0.0,0.0,0.5555555555555556,0.0,0.5030552231620444
1520,0.32403416930316764,0.0,0.0,0.76,0.76,0.8888888888888888,0.0,1.3747828909980897
1528,0.35449149397722135,0.3333333333333333,0.19999999999999998,0.9583333333333334,0.9583333333333334,0.3333333333333333,0.0,1.8819265285151103
1540,0.5255461298830734,0.0,0.0,1.0,1.0,0.3333333333333333,0.0,1.553770237239792
1550,0.5274421095999954,0.3333333333333333,0.39999999999999997,0.35714285714285715,0.35714285714285715,0.6666666666666666,1.0,2.7924298781561867
1561,0.14423609370580237,0.0,0.0,1.0,1.0,0.0,0.0,1.115388874964642
1587,0.2215302791283191,0.0,0.0,0.08333333333333333,0.08333333333333333,0.6666666666666666,0.0,0.5272242233026553
1593,0.48824116086158315,0.3333333333333333,0.39999999999999997,0.9393939393939394,0.9393939393939394,0.8888888888888888,0.0,2.4322090903054283
1595,0.5340640815848365,0.0,0.0,0.6610169491525424,0.6610169491525424,1.0,1.0,2.488268214420412
16,0.3216543583657206,0.0,0.0,0.7352941176470589,0.7352941176470589,1.0,1.0,2.392617604339635
1616,0.5088848352265413,0.0,0.0,0.075,0.075,0.8888888888888888,0.0,0.8376634237367886
1625,0.6697332541611752,0.0,0.0,0.11764705882352941,0.11764705882352941,1.0,0.0,1.0534336621524698
1628,0.6602368726441991,0.3333333333333333,0.19999999999999998,0.826530612244898,0.826530612244898,0.8888888888888888,0.0,2.2169423325824797
1650,0.27874674107168046,0.0,0.0,0.45,0.45,0.5555555555555556,1.0,1.8952196150795666
1674,0.37524859451658193,0.0,0.0,0.6060606060606061,0.6060606060606061,1.0,1.0,2.3062594816738717
1682,0.34671685983839867,0.0,0.0,1.0,1.0,0.0,0.0,1.277373487870719
1691,0.26457093986749713,0.0,0.0,0.11764705882352941,0.11764705882352941,1.0,0.0,0.7293038107175271
1714,0.5043299409590213,0.0,0.0,0.07407407407407407,0.07407407407407407,0.5555555555555556,0.0,0.6997602490635133
1718,0.4832007022687927,0.0,0.0,0.13636363636363635,0.13636363636363635,1.0,0.0,0.9229241981786706
1729,0.45066287753428314,0.0,0.0,0.875,0.875,0.8888888888888888,0.0,1.591085857582982
1771,0.5170902380810238,0.3333333333333333,0.19999999999999998,0.9428571428571428,0.9428571428571428,0.5555555555555556,0.0,2.085418222210851
1792,0.6197287573074794,0.3333333333333333,0.19999999999999998,0.018518518518518517,0.018518518518518517,0.7777777777777778,0.0,1.3320793021422799
1795,0.3186441766703378,0.0,0.0,0.06666666666666667,0.06666666666666667,0.5555555555555556,0.0,0.5438042302251591
180,0.41011482703928076,0.0,0.0,0.10204081632653061,0.10204081632653061,0.8888888888888888,0.0,0.7856882335135108
1809,0.4776550989545654,0.3333333333333333,0.19999999999999998,0.027777777777777776,0.027777777777777776,0.5555555555555556,0.0,1.138790745830319
1822,0.4027851214506337,0.0,0.0,0.5294117647058824,0.5294117647058824,0.6666666666666666,1.0,2.118306528533056
1847,0.4756588204098232,0.0,0.0,0.1,0.1,0.8888888888888888,0.0,0.8360826118834142
1849,0.51182908519246,0.0,0.0,0.9420289855072463,0.9420289855072463,0.8888888888888888,0.0,1.70704780921677
1875,0.36527442920840514,0.0,0.0,0.16129032258064516,0.16129032258064516,0.7777777777777778,0.0,0.7646209770584804
1897,0.4890797991855219,0.0,0.0,0.1232876712328767,0.1232876712328767,1.0,0.0,0.9145515105812944
1901,0.5046536259261555,0.3333333333333333,0.19999999999999998,0.058823529411764705,0.058823529411764705,0.2222222222222222,0.0,1.0581019857082445
1931,0.38144339305624575,0.0,0.0,0.029411764705882353,0.029411764705882353,0.7777777777777778,0.0,0.6456775902619901
1938,0.24994504767347098,0.0,0.0,1.0,1.0,0.3333333333333333,0.0,1.3332893714721101
1942,0.3655035493432068,0.0,0.0,0.918918918918919,0.918918918918919,0.8888888888888888,0.0,1.56687731394904
1967,0.26885690790292444,0.0,0.0,0.0,0.0,0.2222222222222222,0.0,0.3039744152112285
1971,0.4100267705683857,0.0,0.0,0.7741935483870968,0.7741935483870968,0.6666666666666666,0.0,1.368881631508472
1973,0.41265791856848794,0.0,0.0,0.19047619047619047,0.19047619047619047,0.5555555555555556,0.0,0.742824747553203
1978,0.37036112851078623,0.0,0.0,0.25,0.25,0.4444444444444444,1.0,1.7240666805864069
1984,0.1705842639030308,0.0,0.0,0.0,0.0,0.0,0.0,0.13646741112242464
1985,0.5348146634378802,0.3333333333333333,0.39999999999999997,0.8333333333333334,0.8333333333333334,0.4444444444444444,1.0,3.185629508528082
1999,0.4277728781718444,0.0,0.0,0.0,0.0,0.3333333333333333,0.0,0.47555163587080884
20,0.4582632793343373,0.3333333333333333,0.19999999999999998,0.2698412698412698,0.2698412698412698,1.0,0.0,1.5431185599754063
2014,0.20635618193484626,0.0,0.0,0.0,0.0,0.0,1.0,1.1650849455478771
2016,0.4504099548651587,0.0,0.0,0.10344827586206896,0.10344827586206896,0.8888888888888888,1.0,1.8193317953097514
205,0.6479234215499627,0.0,0.0,0.9101123595505618,0.9101123595505618,0.8888888888888888,0.0,1.7840066523460876
2053,0.3071414129766992,0.0,0.0,0.6818181818181818,0.6818181818181818,0.7777777777777778,1.0,2.2386424233106523
2055,0.3146452402804075,0.0,0.0,0.7142857142857143,0.7142857142857143,0.8888888888888888,1.0,2.321557462065596
2073,0.48589748700180657,0.0,0.0,0.0784313725490196,0.0784313725490196,0.6666666666666666,0.0,0.7338160288171316
2089,0.2200110100088274,0.0,0.0,0.9230769230769231,0.9230769230769231,0.7777777777777778,0.0,1.4101968421950961
2113,0.48288535095426405,0.0,0.0,0.15254237288135594,0.15254237288135594,1.0,0.0,0.9388506536447673
2121,0.3845186030541509,0.3333333333333333,0.19999999999999998,0.39285714285714285,0.39285714285714285,0.7777777777777778,1.0,2.518249803078241
2164,0.5555616234707517,0.3333333333333333,0.19999999999999998,0.09803921568627451,0.09803921568627451,0.6666666666666666,0.0,1.3158218477962091
2170,0.3802325243950165,0.0,0.0,0.9259259259259259,0.9259259259259259,0.4444444444444444,0.0,1.407889723219717
2196,0.42504727596311676,0.0,0.0,0.967741935483871,0.967741935483871,0.4444444444444444,0.0,1.4855575340321423
220,0.38721586715656253,0.0,0.0,0.6428571428571429,0.6428571428571429,0.6666666666666666,1.0,2.2192965032490597
2216,0.441732741899662,0.0,0.0,0.1694915254237288,0.1694915254237288,1.0,0.0,0.9228777189434584
2234,0.504464275014076,0.3333333333333333,0.19999999999999998,0.1694915254237288,0.1694915254237288,1.0,0.0,1.4797296121016563
2284,0.33982566662491237,0.0,0.0,0.8846153846153846,0.8846153846153846,0.7777777777777778,0.0,1.4675870290264257
2289,0.5087565854753802,0.0,0.0,0.875,0.875,0.3333333333333333,1.0,2.4153386017136373
231,0.5266571606485957,0.0,0.0,0.08928571428571429,0.08928571428571429,0.6666666666666666,0.0,0.7772781094712575
2317,0.5041441300055707,0.0,0.0,0.8805970149253731,0.8805970149253731,0.8888888888888888,0.0,1.6394678744853852
2333,0.6009410906265915,0.3333333333333333,0.19999999999999998,0.1411764705882353,0.1411764705882353,0.8888888888888888,0.0,1.4841515653117308
2343,0.4443710066915912,0.3333333333333333,0.19999999999999998,0.0784313725490196,0.0784313725490196,0.7777777777777778,0.0,1.2517059556800703
2347,0.5873109961698016,0.0,0.0,0.03571428571428571,0.03571428571428571,0.6666666666666666,0.0,0.7722297493167938
2375,0.497711508932809,0.0,0.0,0.896551724137931,0.896551724137931,0.8888888888888888,0.0,1.650276486839734
2382,0.5001277150699099,0.3333333333333333,0.19999999999999998,0.10606060606060606,0.10606060606060606,0.8888888888888888,0.0,1.3683850003387563
2411,0.6360181719351269,0.0,0.0,0.8804347826086957,0.8804347826086957,1.0,0.0,1.7892493201567974
2429,0.29690396324549456,0.0,0.0,0.7878787878787878,0.7878787878787878,0.7777777777777778,0.0,1.3365130695862946
2435,0.5884634002017998,0.0,0.0,0.125,0.125,0.7777777777777778,0.0,0.906881831272551
2436,0.5024987129853536,0.0,0.0,0.13157894736842105,0.13157894736842105,0.6666666666666666,0.0,0.8002445844233705
2495,0.3682303868499977,0.0,0.0,0.044444444444444446,0.044444444444444446,0.7777777777777778,0.0,0.6501398650355538
2531,0.5007277749320853,0.0,0.0,0.0,0.0,0.3333333333333333,0.0,0.5339155532790016
2587,0.28449607637991736,0.0,0.0,0.0,0.0,0.8888888888888888,0.0,0.5831524166594895
2596,0.2129091155077807,0.0,0.0,0.8529411764705882,0.8529411764705882,0.7777777777777778,0.0,1.334379579987924
2628,0.46122356973779344,0.3333333333333333,0.19999999999999998,0.8636363636363636,0.8636363636363636,0.8888888888888888,0.0,2.0948374416488207
2652,0.6088934233136735,0.0,0.0,0.06060606060606061,0.06060606060606061,0.7777777777777778,0.0,0.8588319103681106
2659,0.48001544011955327,0.0,0.0,0.1875,0.1875,1.0,0.0,0.9715123520956427
2684,0.3671736170128347,0.0,0.0,0.3888888888888889,0.3888888888888889,0.5555555555555556,1.0,1.904850004721379
2692,0.5176452740943873,0.0,0.0,0.9310344827586207,0.9310344827586207,0.5555555555555556,0.0,1.567372924256353
2727,0.3549883787951906,0.0,0.0,0.37037037037037035,0.37037037037037035,0.8888888888888888,1.0,2.0099166289620785
2730,0.4633460330578299,0.0,0.0,0.1111111111111111,0.1111111111111111,0.8888888888888888,0.0,0.8373434931129307
2744,0.3242931762761855,0.0,0.0,0.3333333333333333,0.3333333333333333,0.4444444444444444,1.0,1.7705456521320595
2787,0.4336885177865037,0.3333333333333333,0.39999999999999997,0.08823529411764706,0.08823529411764706,0.8888888888888888,0.0,1.5374083305690722
2806,0.4717465761317331,0.0,0.0,0.078125,0.078125,0.8888888888888888,0.0,0.811077816460942
2848,0.5155079871975922,0.0,0.0,0.07936507936507936,0.07936507936507936,0.8888888888888888,0.0,0.8473270246787087
2855,0.4026715846525241,0.0,0.0,0.09433962264150944,0.09433962264150944,1.0,0.0,0.8164768903635288
2866,0.4925351675530637,0.6666666666666666,0.39999999999999997,0.0,0.0,0.3333333333333333,0.0,1.5406948007091175
2868,0.6190278454989482,0.0,0.0,0.1320754716981132,0.1320754716981132,0.7777777777777778,0.0,0.9384088592083829
2889,0.35553769925035106,0.0,0.0,0.5333333333333333,0.5333333333333333,0.7777777777777778,1.0,2.128874603844725
2908,0.5136540813639578,0.0,0.0,0.05970149253731343,0.05970149253731343,0.8888888888888888,0.0,0.8261803131840353
291,0.5172933432073596,0.0,0.0,0.9344262295081968,0.9344262295081968,0.8888888888888888,0.0,1.7038164596296401
2930,0.35729774086846466,0.3333333333333333,0.19999999999999998,0.11627906976744186,0.11627906976744186,1.0,0.0,1.30878392912888
2946,0.361393325503879,0.0,0.0,0.35714285714285715,0.35714285714285715,0.7777777777777778,1.0,1.9573686286570715
2980,0.3013989363383059,0.0,0.0,0.0,0.0,0.3333333333333333,0.0,0.37445248240397805
2990,0.31533309849149455,0.0,0.0,0.45,0.45,0.6666666666666666,1.0,1.9689331454598622
2993,0.0,0.0,0.0,0.5,0.5,0.0,0.0,0.5
3005,0.3310529485255722,0.0,0.0,0.5,0.5,0.1111111111111111,0.0,0.8092868032649022
3007,0.24379038710221973,0.3333333333333333,0.19999999999999998,0.02857142857142857,0.02857142857142857,0.7777777777777778,0.0,1.0413815160309823
3010,0.5641098860682753,0.0,0.0,0.0641025641025641,0.0641025641025641,1.0,0.0,0.9153904729571843
3030,0.578415596379227,0.0,0.0,0.8285714285714286,0.8285714285714286,0.8888888888888888,0.0,1.646859461230366
3034,0.4924239538528043,0.3333333333333333,0.19999999999999998,0.02040816326530612,0.02040816326530612,0.7777777777777778,0.0,1.2321251041253274
3051,0.4084740009029107,0.0,0.0,0.7837837837837838,0.7837837837837838,0.8888888888888888,0.0,1.466118540061668
3059,0.3930803986185164,0.0,0.0,0.15217391304347827,0.15217391304347827,0.6666666666666666,0.0,0.7333048986049581
3061,0.4290864978197358,0.0,0.0,0.07692307692307693,0.07692307692307693,0.5555555555555556,0.0,0.6424144974010878
3067,0.2901653569987434,0.0,0.0,0.42857142857142855,0.42857142857142855,0.1111111111111111,1.0,1.7051481586148678
3073,0.624570314474806,0.0,0.0,0.5454545454545454,0.5454545454545454,0.6666666666666666,1.0,2.311777463701057
3078,0.5297603768816954,0.0,0.0,0.029411764705882353,0.029411764705882353,0.8888888888888888,0.0,0.8087756217667943
3087,0.5342180329106266,0.0,0.0,0.35714285714285715,0.35714285714285715,0.8888888888888888,1.0,2.140072839026914
3088,0.38097027389803023,0.0,0.0,0.03333333333333333,0.03333333333333333,0.5555555555555556,0.0,0.5603317746739798
3090,0.3883058425431564,0.0,0.0,0.14634146341463414,0.14634146341463414,1.0,0.0,0.8569861374491593
3099,0.3293434066297746,0.0,0.0,0.9142857142857143,0.9142857142857143,0.8888888888888888,0.0,1.5333159951450896
3116,0.43564770051478,0.0,0.0,0.05,0.05,0.4444444444444444,0.0,0.5762959381896018
3123,0.463779825488152,0.3333333333333333,0.39999999999999997,0.23076923076923078,0.23076923076923078,0.6666666666666666,1.0,2.6151264244930856
3145,0.46252572139470977,0.0,0.0,0.84,0.84,0.7777777777777778,0.0,1.5211316882268788
3161,0.38555455719708437,0.3333333333333333,0.19999999999999998,0.8857142857142857,0.8857142857142857,0.8888888888888888,0.0,2.0563801536941755
3168,0.37204496883195487,0.0,0.0,0.4827586206896552,0.4827586206896552,0.8888888888888888,1.0,2.135950151310775
319,0.20764718825326678,0.3333333333333333,0.19999999999999998,0.14285714285714285,0.14285714285714285,0.4444444444444444,0.0,0.9934193379042007
3197,0.12042338200198746,0.0,0.0,0.0,0.0,0.0,0.0,0.09633870560158997
3232,0.4904252784610738,0.0,0.0,0.12727272727272726,0.12727272727272726,1.0,0.0,0.9196129500415863
325,0.49341916159693583,0.0,0.0,0.9032258064516129,0.9032258064516129,1.0,0.0,1.6979611357291615
3255,0.42090626185863095,0.0,0.0,0.8958333333333334,0.8958333333333334,0.8888888888888888,0.0,1.5881138983757936
3259,0.6408978205322836,0.0,0.0,0.14942528735632185,0.14942528735632185,1.0,0.0,1.062143543782149
326,0.28130926549877777,0.0,0.0,0.02631578947368421,0.02631578947368421,1.0,0.0,0.6513632018727065
3265,0.21807280891034136,0.0,0.0,0.08823529411764706,0.08823529411764706,0.8888888888888888,0.0,0.6182490968014758
3282,0.34475387902951,0.0,0.0,0.12,0.12,0.5555555555555556,0.0,0.6180253254458302
3286,0.3260157164575737,0.0,0.0,0.07142857142857142,0.07142857142857142,0.7777777777777778,0.0,0.6433522557057415
3292,0.5401456567602276,0.0,0.0,0.16049382716049382,0.16049382716049382,0.8888888888888888,0.0,0.9481659081242315
3295,0.43850828208352083,0.6666666666666666,0.39999999999999997,0.8787878787878788,0.8787878787878788,0.6666666666666666,0.0,2.5095945044546952
3300,0.5069440897827907,0.0,0.0,0.3191489361702128,0.3191489361702128,1.0,1.0,2.1247042079964453
3307,0.5997607356712523,0.0,0.0,0.25,0.25,0.6666666666666666,1.0,1.9964752552036684
3314,0.40340820948118183,0.0,0.0,0.04081632653061224,0.04081632653061224,0.7777777777777778,0.0,0.6746540052266689
3326,0.45577343468284054,0.0,0.0,0.0625,0.0625,0.5555555555555556,0.0,0.6493409699684947
333,0.4781516519014132,0.0,0.0,0.10714285714285714,0.10714285714285714,0.6666666666666666,0.0,0.7563308453306543
3337,0.4186562125296762,0.0,0.0,0.3235294117647059,0.3235294117647059,0.8888888888888888,1.0,2.0140099373440026
3341,0.5226573023944391,0.3333333333333333,0.19999999999999998,0.06557377049180328,0.06557377049180328,0.8888888888888888,0.0,1.3459218346295767
3348,0.4594380293551807,0.0,0.0,0.25806451612903225,0.25806451612903225,1.0,0.0,1.0256149396131768
335,0.34426742971458235,0.3333333333333333,0.39999999999999997,0.2222222222222222,0.2222222222222222,0.5555555555555556,1.0,2.466525054882777
3364,0.6015062302718751,0.0,0.0,0.04878048780487805,0.04878048780487805,1.0,0.0,0.9299854720223782
3374,0.4760100138054699,0.0,0.0,0.9333333333333333,0.9333333333333333,0.8888888888888888,0.0,1.6696968999332649
3382,0.33818828826074865,0.0,0.0,0.7333333333333333,0.7333333333333333,0.8888888888888888,1.0,2.3594395194974878
3386,0.35154683839104306,0.0,0.0,0.047619047619047616,0.047619047619047616,0.7777777777777778,0.0,0.6399676294429932
339,0.35549129260519974,0.0,0.0,0.21666666666666667,0.21666666666666667,0.7777777777777778,1.0,1.8121708118619375
3413,0.5397835116175727,0.0,0.0,0.06,0.06,0.6666666666666666,0.0,0.7584934759607248
3423,0.47099005747307204,0.3333333333333333,0.19999999999999998,0.14583333333333334,0.14583333333333334,0.7777777777777778,0.0,1.3404031570895687
3446,0.46856997950622076,0.0,0.0,0.047619047619047616,0.047619047619047616,0.7777777777777778,0.0,0.7335861423351353
3449,0.5944074332346287,0.0,0.0,0.8554216867469879,0.8554216867469879,1.0,0.0,1.730947633334691
3463,0.33281002174087715,0.0,0.0,0.05263157894736842,0.05263157894736842,0.7777777777777778,0.0,0.6299907074511812
349,0.529772951109742,0.0,0.0,0.8378378378378378,0.8378378378378378,0.6666666666666666,0.0,1.528322865392298
350,0.35272022405283154,0.0,0.0,0.35,0.35,0.7777777777777778,1.0,1.9432872903533762
3550,0.32696241570611795,0.0,0.0,0.47368421052631576,0.47368421052631576,0.7777777777777778,1.0,2.046365254202321
3552,0.40494423809230745,0.3333333333333333,0.19999999999999998,0.034482758620689655,0.034482758620689655,0.7777777777777778,0.0,1.1762159268723134
3577,0.3176881850303926,0.3333333333333333,0.39999999999999997,0.16129032258064516,0.16129032258064516,0.5555555555555556,0.0,1.3843297594938482
3585,0.30665732363419085,0.0,0.0,0.8181818181818182,0.8181818181818182,0.8888888888888888,0.0,1.4190632326447266
3605,0.36808353387875,0.0,0.0,0.6923076923076923,0.6923076923076923,0.4444444444444444,1.0,2.16455229718847
3609,0.29190122733684376,0.0,0.0,0.0,0.0,0.5555555555555556,0.0,0.4557432040916972
3612,0.5742450826195,0.0,0.0,0.08333333333333333,0.08333333333333333,0.6666666666666666,0.0,0.8093960660956001
3623,0.5433034473555237,0.0,0.0,0.6323529411764706,0.6323529411764706,1.0,1.0,2.4669956990608894
3634,0.8371198660597653,0.0,0.0,0.1271186440677966,0.1271186440677966,1.0,0.0,1.196814536915609
3635,0.360980717513477,0.0,0.0,0.05555555555555555,0.05555555555555555,0.6666666666666666,0.0,0.6110067962330039
3644,0.20345985969005229,0.3333333333333333,0.19999999999999998,0.2,0.2,0.8888888888888888,0.0,1.2249901099742642
3654,0.37376166439414843,0.0,0.0,0.17647058823529413,0.17647058823529413,0.8888888888888888,0.0,0.8310354753061684
3668,0.3344740972930342,0.0,0.0,0.0,0.0,0.3333333333333333,0.0,0.40091261116776067
3683,0.36859904035409025,0.0,0.0,0.3333333333333333,0.3333333333333333,0.7777777777777778,0.0,0.9393236767277167
3710,0.5059642587339537,0.3333333333333333,0.19999999999999998,0.18181818181818182,0.18181818181818182,0.4444444444444444,0.0,1.2710340332497894
3721,0.4998052100889853,0.3333333333333333,0.19999999999999998,0.05263157894736842,0.05263157894736842,0.8888888888888888,0.0,1.314697969240779
3737,0.31968145829775707,0.0,0.0,0.20689655172413793,0.20689655172413793,0.5555555555555556,1.0,1.6848639405845658
3761,0.3915724499917235,0.0,0.0,0.0,0.0,0.4444444444444444,0.0,0.4910357377711566
3782,0.5126999518897497,0.3333333333333333,0.19999999999999998,0.8507462686567164,0.8507462686567164,1.0,0.0,2.167572896835183
3787,0.4251064780837289,0.0,0.0,0.0,0.0,0.4444444444444444,0.0,0.517862960244761
3818,0.3604387719721268,0.0,0.0,0.275,0.275,1.0,1.0,1.9633510175777014
3820,0.5334971719602385,0.0,0.0,0.11538461538461539,0.11538461538461539,0.8888888888888888,0.0,0.8977379085083619
3825,0.4680781096296425,1.0,0.6,0.08695652173913043,0.08695652173913043,1.0,0.0,2.3814190094428445
3830,0.5101825619351715,0.0,0.0,0.8939393939393939,0.8939393939393939,1.0,0.0,1.702085443487531
3838,0.4085112995295063,0.6666666666666666,0.7999999999999999,0.6607142857142857,0.6607142857142857,1.0,1.0,3.880856658671224
3854,0.5703510543785214,0.0,0.0,0.03409090909090909,0.03409090909090909,0.8888888888888888,0.0,0.8459273081492817
3872,0.4142137856977633,0.3333333333333333,0.39999999999999997,0.6470588235294118,0.6470588235294118,0.8888888888888888,1.0,3.0806520743098447
3880,0.2097849913940287,0.0,0.0,0.29411764705882354,0.29411764705882354,0.4444444444444444,0.0,0.6397234179518243
3881,0.476936966722287,0.0,0.0,0.95,0.95,0.6666666666666666,0.0,1.5982162400444961
3886,0.4800631558119059,0.0,0.0,0.7391304347826086,0.7391304347826086,0.4444444444444444,1.0,2.3009587372099114
3897,0.4693131495708851,0.0,0.0,0.23076923076923078,0.23076923076923078,0.6666666666666666,0.0,0.8728864170926056
3924,0.6141270677737248,0.0,0.0,0.05194805194805195,0.05194805194805195,0.8888888888888888,0.0,0.8988052617225875
3939,0.5291752143454168,0.0,0.0,0.15492957746478872,0.15492957746478872,1.0,0.0,0.9782697489411222
3949,0.4620028400055592,0.3333333333333333,0.19999999999999998,0.0,0.0,0.4444444444444444,0.0,1.0540467164488918
3979,0.4156733733272451,0.0,0.0,0.15,0.15,0.5555555555555556,0.0,0.7047609208840183
3994,0.374677094008137,0.0,0.0,0.40425531914893614,0.40425531914893614,0.8888888888888888,1.0,2.0595525499110012
4001,0.4766668973785537,0.0,0.0,0.15384615384615385,0.15384615384615385,0.5555555555555556,1.0,1.757401893971219
4012,0.3618976036729431,0.0,0.0,0.5757575757575758,0.5757575757575758,0.8888888888888888,1.0,2.220831214251486
4018,0.5601733783237492,0.0,0.0,0.10714285714285714,0.10714285714285714,0.8888888888888888,0.0,0.9108371153574122
4035,0.28910554500963365,0.0,0.0,0.047619047619047616,0.047619047619047616,0.7777777777777778,0.0,0.5900145947378657
4036,0.5514591432909247,0.0,0.0,0.20408163265306123,0.20408163265306123,0.6666666666666666,0.0,0.9119156139524676
4047,0.32893631138744583,0.3333333333333333,0.19999999999999998,0.06666666666666667,0.06666666666666667,0.6666666666666666,0.0,1.1031490491099567
4050,0.38264113437089275,0.0,0.0,0.10526315789473684,0.10526315789473684,1.0,0.0,0.811376065391451
4053,0.32476413827211154,0.0,0.0,0.08333333333333333,0.08333333333333333,0.6666666666666666,0.0,0.6098113106176892
4058,0.5001116377578034,1.0,1.0,0.25,0.25,0.6666666666666666,1.0,3.9167559768729094
4081,0.4584825723964867,0.0,0.0,0.0,0.0,0.7777777777777778,0.0,0.6778971690283004
4099,0.4972467418644837,0.0,0.0,0.16129032258064516,0.16129032258064516,0.5555555555555556,0.0,0.7813099382944544
4171,0.5106786723871907,0.0,0.0,0.31746031746031744,0.31746031746031744,1.0,1.0,2.12600325537007
4202,0.35116647721127664,0.0,0.0,0.8125,0.8125,0.6666666666666666,0.0,1.3600998484356879
4209,0.5725460131013131,0.3333333333333333,0.19999999999999998,0.07865168539325842,0.07865168539325842,1.0,0.0,1.4433551625409757
4225,0.34487958443540667,0.0,0.0,1.0,1.0,0.2222222222222222,0.0,1.364792556437214
4241,0.32209803318054847,0.0,0.0,0.45454545454545453,0.45454545454545453,0.7777777777777778,1.0,2.023334992201004
4249,0.5161650551435212,0.3333333333333333,0.19999999999999998,0.045454545454545456,0.045454545454545456,0.6666666666666666,0.0,1.2317199229026956
4257,0.3227265233354626,0.0,0.0,0.5952380952380952,0.5952380952380952,0.8888888888888888,1.0,2.208974869462021
4267,0.2156746713120757,0.0,0.0,0.9354838709677419,0.9354838709677419,0.7777777777777778,0.0,1.4191347191285135
4279,0.5328785273152611,0.0,0.0,0.8867924528301887,0.8867924528301887,0.8888888888888888,0.0,1.6686508302379532
4321,0.4403955225275777,0.3333333333333333,0.39999999999999997,0.6176470588235294,0.6176470588235294,0.6666666666666666,1.0,2.983296810178925
4322,0.27570392538268707,0.0,0.0,0.17647058823529413,0.17647058823529413,0.3333333333333333,0.0,0.5303670618747771
434,0.6311755822798668,0.0,0.0,0.10679611650485436,0.10679611650485436,1.0,0.0,1.0117365823287479
4342,0.5030508727823312,0.0,0.0,0.017857142857142856,0.017857142857142856,0.7777777777777778,0.0,0.7314089521941189
4352,0.45027492019329207,0.0,0.0,0.07407407407407407,0.07407407407407407,0.8888888888888888,0.0,0.7898495657842632
4359,0.5005997833029076,0.0,0.0,0.90625,0.90625,1.0,0.0,1.7067298266423259
4363,0.32208641769129726,0.3333333333333333,0.19999999999999998,0.9444444444444444,0.9444444444444444,0.8888888888888888,0.0,2.0643358008197046
4366,0.5090702405597324,0.0,0.0,0.5454545454545454,0.5454545454545454,0.6666666666666666,1.0,2.219377404568998
4391,0.3782122773803908,0.0,0.0,0.5454545454545454,0.5454545454545454,0.3333333333333333,1.0,1.9813577006921914
4398,0.44828826591107235,0.3333333333333333,0.39999999999999997,0.29411764705882354,0.29411764705882354,0.6666666666666666,1.0,2.6660815931210147
4409,0.6100437254952356,0.3333333333333333,0.39999999999999997,0.375,0.375,0.7777777777777778,1.0,2.920812758173966
4421,0.29976096798103735,0.0,0.0,0.9069767441860465,0.9069767441860465,0.8888888888888888,0.0,1.502341074126432
4436,0.6220569807228234,1.0,0.7999999999999999,0.09278350515463918,0.09278350515463918,1.0,0.0,2.750429089732898
4440,0.3378955410570486,0.0,0.0,0.813953488372093,0.813953488372093,0.8888888888888888,0.0,1.4398254767732874
4441,0.5818034105362665,0.0,0.0,0.12121212121212122,0.12121212121212122,0.8888888888888888,0.0,0.94221040519669
4446,0.5729024058111961,0.3333333333333333,0.19999999999999998,0.9594594594594594,0.9594594594594594,0.8888888888888888,0.0,2.2800036063306384
4448,0.3848313547115614,0.0,0.0,0.1,0.1,0.5555555555555556,0.0,0.6300873059914713
4449,0.32009010227198603,0.0,0.0,0.782608695652174,0.782608695652174,0.8888888888888888,0.0,1.3942363330253185
4462,0.5471758302244691,0.0,0.0,0.8461538461538461,0.8461538461538461,0.8888888888888888,0.0,1.639450065888977
4472,0.6308708877157941,0.3333333333333333,0.19999999999999998,0.0425531914893617,0.0425531914893617,1.0,0.0,1.4539165683286637
4473,0.5301729295602439,0.0,0.0,0.16216216216216217,0.16216216216216217,0.7777777777777778,0.0,0.8974116169214684
4480,0.5257027361778351,0.0,0.0,0.09375,0.09375,0.8888888888888888,0.0,0.8698677444978238
4493,0.48585006630600636,0.0,0.0,0.10606060606060606,0.10606060606060606,0.8888888888888888,0.0,0.8502962146609667
450,0.36529459959767635,0.0,0.0,0.08333333333333333,0.08333333333333333,0.7777777777777778,0.0,0.6866801241225855
4519,0.4612734241551511,0.0,0.0,0.06779661016949153,0.06779661016949153,0.8888888888888888,0.0,0.792370905049168
4530,0.37513229212579347,0.6666666666666666,0.39999999999999997,0.027777777777777776,0.027777777777777776,0.7777777777777778,0.0,1.6523280559228568
4535,0.16784711995419,0.0,0.0,0.0,0.0,0.0,0.0,0.134277695963352
4566,0.5395245783936928,0.0,0.0,0.9285714285714286,0.9285714285714286,0.4444444444444444,0.0,1.5379688690641606
4572,0.44217000053947497,0.6666666666666666,0.6,0.25806451612903225,0.25806451612903225,1.0,1.0,3.2651338498939455
4595,0.297076056859258,0.0,0.0,0.08695652173913043,0.08695652173913043,0.7777777777777778,0.0,0.635728478337648
4604,0.4708489384973119,0.0,0.0,0.8723404255319149,0.8723404255319149,0.6666666666666666,0.0,1.515686242996431
4621,0.43811623166536506,0.3333333333333333,0.19999999999999998,0.17777777777777778,0.17777777777777778,0.7777777777777778,0.0,1.3460485408878475
4629,0.36273196454687184,0.0,0.0,0.1590909090909091,0.1590909090909091,0.8888888888888888,0.0,0.804832036283962
4633,0.4293384248754958,0.0,0.0,0.10416666666666667,0.10416666666666667,1.0,0.0,0.8476374065670633
4637,0.340341431222236,0.0,0.0,0.8,0.8,0.7777777777777778,0.0,1.3833842560889
4671,0.3666870201996308,0.0,0.0,0.03773584905660377,0.03773584905660377,1.0,0.0,0.7310854652163084
4676,0.47953282575980694,0.0,0.0,0.8653846153846154,0.8653846153846154,1.0,0.0,1.6490108759924609
4689,0.42027240645391983,0.0,0.0,0.2222222222222222,0.2222222222222222,0.6666666666666666,0.0,0.8251068140520248
4708,0.48428182775881423,0.0,0.0,0.08333333333333333,0.08333333333333333,0.8888888888888888,0.0,0.8263143510959403
4713,0.344219935269644,0.3333333333333333,0.39999999999999997,0.5789473684210527,0.5789473684210527,0.8888888888888888,1.0,2.95654553885899
4717,0.4972107522850894,0.0,0.0,0.847457627118644,0.847457627118644,0.8888888888888888,0.0,1.6007817845022712
4727,0.5436082894178726,0.6666666666666666,0.39999999999999997,0.058823529411764705,0.058823529411764705,0.8888888888888888,0.0,1.8625990498349518
4739,0.36406750612606437,0.0,0.0,0.12903225806451613,0.12903225806451613,0.7777777777777778,0.0,0.7313973740764788
4762,0.4122175255903056,0.0,0.0,0.5294117647058824,0.5294117647058824,0.6666666666666666,1.0,2.1258524518447937
4775,0.31878286192454053,0.0,0.0,0.8604651162790697,0.8604651162790697,0.8888888888888888,0.0,1.4710469613742578
4780,0.5275974990339785,0.0,0.0,0.0,0.0,0.4444444444444444,0.0,0.5998557770049606
4801,0.29510370990983026,0.0,0.0,0.9629629629629629,0.9629629629629629,0.5555555555555556,0.0,1.4212681531130493
4812,0.6339394787285545,0.0,0.0,0.8160919540229885,0.8160919540229885,1.0,0.0,1.7232435370058319
4823,0.2712907032094629,0.0,0.0,0.0625,0.0625,0.7777777777777778,0.0,0.5906436736786814
4849,0.5082652687173377,0.0,0.0,0.0625,0.0625,0.5555555555555556,0.0,0.6913344371960924
4854,0.5668872048600977,0.0,0.0,0.6527777777777778,0.6527777777777778,1.0,1.0,2.506287541665856
4883,0.3981157685207778,0.0,0.0,0.9230769230769231,0.9230769230769231,0.0,0.0,1.2415695378935454
4914,0.40013365556298414,0.0,0.0,0.046511627906976744,0.046511627906976744,0.7777777777777778,0.0,0.6777296634684752
4945,0.5815852605857577,0.0,0.0,0.1232876712328767,0.1232876712328767,1.0,0.0,0.988555879701483
496,0.39159044478142063,0.3333333333333333,0.39999999999999997,0.6060606060606061,0.6060606060606061,0.8888888888888888,1.0,3.0215551841079646
4960,0.5621147506351737,0.0,0.0,0.9555555555555556,0.9555555555555556,0.5555555555555556,0.0,1.627469578285917
4980,0.6009709590275232,0.3333333333333333,0.19999999999999998,0.86,0.86,1.0,0.0,2.247443433888685
4985,0.6891530984538825,0.0,0.0,0.16037735849056603,0.16037735849056603,1.0,0.0,1.111699837253672
4992,0.396015282443896,0.0,0.0,0.92,0.92,0.8888888888888888,0.0,1.5923677815106725
4996,0.5269982135377531,0.0,0.0,0.034482758620689655,0.034482758620689655,0.8888888888888888,0.0,0.8116368850064477
5,0.4567217011005695,0.0,0.0,0.7014925373134329,0.7014925373134329,1.0,1.0,2.4668698981938886
5000,0.48544569978178737,0.0,0.0,0.015625,0.015625,0.8888888888888888,0.0,0.7595371153809856
5017,0.2250144096597211,0.0,0.0,0.08695652173913043,0.08695652173913043,0.5555555555555556,0.0,0.48919027168912954
5020,0.49034647750701066,0.0,0.0,0.75,0.75,1.0,1.0,2.5422771820056087
5035,0.17868313612752346,0.0,0.0,0.0,0.0,0.0,0.0,0.14294650890201877
5037,0.42512945094024807,0.0,0.0,0.9423076923076923,0.9423076923076923,0.7777777777777778,0.0,1.593522364171002
505,0.33698215798164244,0.0,0.0,0.0,0.0,0.6666666666666666,0.0,0.5362523930519807
5053,0.4023341823457027,0.0,0.0,0.9512195121951219,0.9512195121951219,0.7777777777777778,0.0,1.5841979691827952
507,0.5327636630326656,0.3333333333333333,0.19999999999999998,0.8805970149253731,0.8805970149253731,0.8888888888888888,0.0,2.169030167573728
5078,0.45328698249169647,0.0,0.0,0.08928571428571429,0.08928571428571429,1.0,0.0,0.8519153002790716
5082,0.552142834675709,0.3333333333333333,0.19999999999999998,0.16666666666666666,0.16666666666666666,0.7777777777777778,0.0,1.4261587121850117
5107,0.6375604876602757,0.0,0.0,0.047058823529411764,0.047058823529411764,0.8888888888888888,0.0,0.9126627692131879
5119,0.4153247980260011,0.0,0.0,0.3939393939393939,0.3939393939393939,0.7777777777777778,1.0,2.037310343471306
5135,0.48719856929622046,0.3333333333333333,0.39999999999999997,0.3333333333333333,0.3333333333333333,1.0,1.0,2.8697588554369764
5140,0.3127494818108998,0.0,0.0,0.16666666666666666,0.16666666666666666,0.5555555555555556,1.0,1.6390884743376088
5165,0.5773224866542638,0.0,0.0,0.10526315789473684,0.10526315789473684,0.8888888888888888,0.0,0.9226767027737035
5168,0.2411635903012656,0.0,0.0,0.07142857142857142,0.07142857142857142,0.6666666666666666,0.0,0.5310261103362506
5234,0.8546964981438633,0.3333333333333333,0.19999999999999998,0.12698412698412698,0.12698412698412698,1.0,0.0,1.7174079921658842
5293,0.3990651780501473,0.0,0.0,0.8076923076923077,0.8076923076923077,0.7777777777777778,0.0,1.4380555612435366
5297,0.4370796137801887,0.0,0.0,0.813953488372093,0.813953488372093,1.0,0.0,1.563617179396244
5306,0.4782234466873565,0.0,0.0,0.8823529411764706,0.8823529411764706,0.8888888888888888,0.0,1.6204872540819113
5308,0.43834946331461594,0.0,0.0,0.18181818181818182,0.18181818181818182,0.4444444444444444,0.0,0.7102755302476524
5317,0.32068389345742265,0.0,0.0,0.8846153846153846,0.8846153846153846,0.6666666666666666,0.0,1.4078291660479894
5338,0.5788678260940749,0.3333333333333333,0.39999999999999997,0.9054054054054054,0.9054054054054054,1.0,0.0,2.5151663329473317
5345,0.4188958419166575,0.0,0.0,0.6,0.6,0.7777777777777778,1.0,2.246227784644437
5351,0.6253407717205685,0.0,0.0,0.09615384615384616,0.09615384615384616,1.0,0.0,0.996426463530301
5370,0.5690046163641741,0.3333333333333333,0.19999999999999998,0.9436619718309859,0.9436619718309859,1.0,0.0,2.3055323315889917
5377,0.5283875735504764,0.0,0.0,0.9473684210526315,0.9473684210526315,0.3333333333333333,0.0,1.503411813226346
5389,0.311792033625477,0.3333333333333333,0.19999999999999998,0.07407407407407407,0.07407407407407407,0.6666666666666666,0.0,1.096841034307789
5390,0.3854622970253175,0.3333333333333333,0.39999999999999997,0.3076923076923077,0.3076923076923077,0.5555555555555556,1.0,2.584951034201451
54,0.45146895561374933,0.3333333333333333,0.19999999999999998,0.08771929824561403,0.08771929824561403,0.8888888888888888,0.0,1.3111166849588358
5414,0.5394866713367079,0.0,0.0,0.06944444444444445,0.06944444444444445,1.0,0.0,0.9010337815138109
5463,0.5031162145186905,0.0,0.0,0.5588235294117647,0.5588235294117647,0.7777777777777778,1.0,2.272427612137828
5473,0.4760828042047776,0.3333333333333333,0.19999999999999998,0.22033898305084745,0.22033898305084745,1.0,0.0,1.5078718930813362
5474,0.35411522587461963,0.0,0.0,0.6,0.6,1.0,1.0,2.2832921806996955
5482,0.5564401232038352,0.0,0.0,0.0273972602739726,0.0273972602739726,0.8888888888888888,0.0,0.8281049143925963
5513,0.4964926938019491,0.3333333333333333,0.19999999999999998,0.9206349206349206,0.9206349206349206,0.8888888888888888,0.0,2.1800512978987023
5519,0.3764275851128662,0.0,0.0,0.4,0.4,0.6666666666666666,1.0,1.9678087347569597
5528,0.5653799937246858,0.0,0.0,0.07042253521126761,0.07042253521126761,1.0,0.0,0.9227265301910164
5558,0.5504471576178748,0.3333333333333333,0.19999999999999998,0.42857142857142855,0.42857142857142855,0.8888888888888888,1.0,2.7311513768879507
5585,0.4546016346275213,0.0,0.0,0.10714285714285714,0.10714285714285714,0.4444444444444444,0.0,0.648601942622652
56,0.27087453682314744,0.0,0.0,0.7352941176470589,0.7352941176470589,1.0,1.0,2.3519937471055767
5614,0.24202958955544057,0.0,0.0,0.45,0.45,0.6666666666666666,1.0,1.910290338311019
5615,0.7071147010388783,0.0,0.0,0.8691588785046729,0.8691588785046729,1.0,0.0,1.8348506393357753
5625,0.6195770184558325,0.3333333333333333,0.19999999999999998,0.4166666666666667,0.4166666666666667,0.4444444444444444,1.0,2.596772725875777
5635,0.5419002962539752,0.0,0.0,0.09259259259259259,0.09259259259259259,0.8888888888888888,0.0,0.8816683851513283
5679,0.5619998494780092,0.0,0.0,0.041666666666666664,0.041666666666666664,0.8888888888888888,0.0,0.8468221018046296
5686,0.4000781593365616,0.3333333333333333,0.19999999999999998,1.0,1.0,0.3333333333333333,0.0,1.9600625274692494
569,0.4877485534936239,0.0,0.0,0.9016393442622951,0.9016393442622951,1.0,0.0,1.6918381870571944
5698,0.18570385587412438,0.0,0.0,0.0,0.0,0.0,1.0,1.1485630846992996
57,0.3545243123436772,0.0,0.0,0.7777777777777778,0.7777777777777778,0.3333333333333333,1.0,2.194730560986053
5703,0.437087689310811,0.0,0.0,0.23076923076923078,0.23076923076923078,0.4444444444444444,1.0,1.7582171599956573
5716,0.4862172632646214,0.0,0.0,0.2857142857142857,0.2857142857142857,0.3333333333333333,1.0,1.8080214296593162
5721,0.5095124403917982,0.0,0.0,0.0975609756097561,0.0975609756097561,0.6666666666666666,0.0,0.7718375945898615
573,0.48202576787510404,0.0,0.0,0.06666666666666667,0.06666666666666667,0.5555555555555556,0.0,0.6745095031889722
5730,0.5130126113607376,0.3333333333333333,0.19999999999999998,0.09333333333333334,0.09333333333333334,1.0,0.0,1.41041008908859
575,0.3519358650945366,0.0,0.0,0.90625,0.90625,0.6666666666666666,0.0,1.454465358742296
5757,0.3594787056923014,0.0,0.0,0.4117647058823529,0.4117647058823529,0.7777777777777778,0.0,1.0104587815473052
578,0.5716897487333678,0.0,0.0,0.88,0.88,0.7777777777777778,0.0,1.6484629100978052
5785,0.6344248955555487,0.0,0.0,0.19753086419753085,0.19753086419753085,1.0,0.0,1.1050707806419697
5789,0.40811817974884806,0.0,0.0,0.6829268292682927,0.6829268292682927,0.8888888888888888,1.0,2.364976928622927
5808,0.5151424127200154,0.0,0.0,0.9285714285714286,0.9285714285714286,0.7777777777777778,0.0,1.651796469858552
5820,0.22615674693436816,0.3333333333333333,0.19999999999999998,0.14285714285714285,0.14285714285714285,0.8888888888888888,0.0,1.1860047626268597
5828,0.5552497383657139,0.0,0.0,0.8888888888888888,0.8888888888888888,0.4444444444444444,0.0,1.5108664573592379
583,0.28988724899895685,0.3333333333333333,0.39999999999999997,0.48,0.48,0.8888888888888888,1.0,2.8141320214213876
5834,0.6034020256159519,0.3333333333333333,0.19999999999999998,0.863013698630137,0.863013698630137,0.8888888888888888,0.0,2.2079575413451207
586,0.5216103227553592,0.0,0.0,0.835820895522388,0.835820895522388,1.0,0.0,1.6531091537266756
5879,0.5215777625108867,0.0,0.0,0.875,0.875,0.8888888888888888,0.0,1.647817765564265
5906,0.4758327208774702,0.0,0.0,0.0,0.0,0.0,1.0,1.3806661767019761
5913,0.46263405887858317,0.0,0.0,0.09230769230769231,0.09230769230769231,0.8888888888888888,0.0,0.8179704949661144
5927,0.26510401707499043,0.0,0.0,0.11627906976744186,0.11627906976744186,0.7777777777777778,0.0,0.6394733945385453
593,0.6110089910892973,0.3333333333333333,0.19999999999999998,0.8241758241758241,0.8241758241758241,0.8888888888888888,0.0,2.1752052392694843
5951,0.5387682072333081,0.0,0.0,0.8478260869565217,0.8478260869565217,0.6666666666666666,0.0,1.5455073194098348
5958,0.18023364722564408,0.0,0.0,0.0,0.0,0.0,0.0,0.14418691778051526
599,0.2920357457647437,0.0,0.0,0.45,0.45,0.5555555555555556,1.0,1.905850818834017
6019,0.5870388618502014,0.0,0.0,0.864406779661017,0.864406779661017,1.0,0.0,1.734037869141178
6048,0.4953028252077947,0.0,0.0,0.10714285714285714,0.10714285714285714,0.7777777777777778,0.0,0.814496228420204
605,0.5265664860832979,0.0,0.0,0.15942028985507245,0.15942028985507245,1.0,0.0,0.9806734787217108
6077,0.5239930836583304,0.0,0.0,0.04878048780487805,0.04878048780487805,0.7777777777777778,0.0,0.7790860658426535
6090,0.11318365036182618,0.0,0.0,1.0,1.0,0.0,1.0,2.090546920289461
6096,0.5728556119830697,0.0,0.0,0.10144927536231885,0.10144927536231885,0.8888888888888888,0.0,0.9152893205043302
6097,0.43317216319607527,0.0,0.0,0.05970149253731343,0.05970149253731343,1.0,0.0,0.8062392230941737
6105,0.40002918990886116,0.0,0.0,0.12244897959183673,0.12244897959183673,1.0,0.0,0.8424723315189258
6109,0.6862418512272649,0.6666666666666666,0.39999999999999997,0.14678899082568808,0.14678899082568808,0.8888888888888888,0.0,2.064671360696389
6119,0.3428644998604482,0.3333333333333333,0.39999999999999997,0.3333333333333333,0.3333333333333333,0.5555555555555556,1.0,2.5765138221105808
6136,0.44008031871132525,0.0,0.0,0.5806451612903226,0.5806451612903226,0.7777777777777778,1.0,2.243820527370494
6152,0.5036395384026696,0.3333333333333333,0.19999999999999998,0.0625,0.0625,0.7777777777777778,0.0,1.2831894084999136
616,0.5333015523714202,0.0,0.0,0.05405405405405406,0.05405405405405406,0.8888888888888888,0.0,0.8362508515067457
63,0.4224156670309014,0.6666666666666666,0.39999999999999997,0.08888888888888889,0.08888888888888889,0.7777777777777778,0.0,1.7512658669580543
638,0.49834390779204263,0.0,0.0,0.03571428571428571,0.03571428571428571,0.8888888888888888,0.0,0.7899449675034753
639,0.5111349214300651,0.0,0.0,0.13846153846153847,0.13846153846153847,0.7777777777777778,0.0,0.8584805867167017
642,0.1842752382733247,0.0,0.0,0.0,0.0,0.0,1.0,1.1474201906186599
650,0.423124691244624,0.3333333333333333,0.19999999999999998,0.15384615384615385,0.15384615384615385,1.0,0.0,1.3990125735085197
655,0.452706208029135,0.0,0.0,0.1702127659574468,0.1702127659574468,0.8888888888888888,0.0,0.8879332879363104
656,0.25728603688024776,0.0,0.0,0.9642857142857143,0.9642857142857143,0.4444444444444444,0.0,1.3478923215676903
677,0.6348636291781238,0.0,0.0,0.0891089108910891,0.0891089108910891,1.0,0.0,0.9969998142335882
695,0.4629379053275677,0.6666666666666666,0.39999999999999997,0.08955223880597014,0.08955223880597014,1.0,0.0,1.8732358964013578
716,0.48653718702571236,0.0,0.0,0.06451612903225806,0.06451612903225806,0.5555555555555556,0.0,0.6759681008750502
717,0.3453718968068135,0.0,0.0,0.9642857142857143,0.9642857142857143,0.6666666666666666,0.0,1.5072498983978317
72,0.4848186108604972,0.0,0.0,0.14035087719298245,0.14035087719298245,1.0,0.0,0.9282057658813803
724,0.525282513588924,0.0,0.0,0.9130434782608695,0.9130434782608695,0.7777777777777778,0.0,1.6443806002431198
73,0.30311459941256597,0.3333333333333333,0.39999999999999997,0.12,0.12,0.5555555555555556,0.0,1.331380568418942
734,0.26540054392201823,0.0,0.0,1.0,1.0,0.7777777777777778,0.0,1.5234315462487258
737,0.5627746210483506,0.3333333333333333,0.19999999999999998,0.058823529411764705,0.058823529411764705,0.8888888888888888,0.0,1.3712654484726674
74,0.32498553318469686,0.0,0.0,0.84,0.84,0.8888888888888888,0.0,1.4555439821033131
746,0.3376315560172088,0.3333333333333333,0.39999999999999997,0.9090909090909091,0.9090909090909091,0.8888888888888888,0.0,2.2814183761268985
754,0.3728764166149286,0.0,0.0,0.18,0.18,1.0,0.0,0.8783011332919429
764,0.3081864382636193,0.0,0.0,0.0,0.0,0.8888888888888888,0.0,0.6021047061664511
773,0.4985928848822785,0.0,0.0,0.34615384615384615,0.34615384615384615,1.0,1.0,2.145028154059669
775,0.4778960742633171,0.3333333333333333,0.19999999999999998,0.8928571428571429,0.8928571428571429,0.7777777777777778,0.0,2.092951780045574
813,0.62621079030277,0.0,0.0,0.7956989247311828,0.7956989247311828,1.0,0.0,1.6966675569733987
817,0.5015174069537546,0.0,0.0,0.8032786885245902,0.8032786885245902,1.0,0.0,1.6044926140875937
82,0.32470963765905336,0.0,0.0,0.45454545454545453,0.45454545454545453,0.4444444444444444,1.0,1.892090942450475
820,0.3797740628779989,0.3333333333333333,0.19999999999999998,0.06666666666666667,0.06666666666666667,1.0,0.0,1.2771525836357325
822,0.5077572477795148,0.0,0.0,0.859375,0.859375,1.0,0.0,1.665580798223612
831,0.5373421938989477,0.0,0.0,0.8333333333333334,0.8333333333333334,0.4444444444444444,1.0,2.440984866230269
854,0.44615378148152507,0.3333333333333333,0.19999999999999998,0.045454545454545456,0.045454545454545456,0.7777777777777778,0.0,1.2201553484175434
872,0.39335622039502177,0.0,0.0,0.07142857142857142,0.07142857142857142,0.1111111111111111,0.0,0.4305579921890333
883,0.45876064352170426,0.3333333333333333,0.19999999999999998,0.9047619047619048,0.9047619047619048,0.5555555555555556,0.0,2.000659308468157
916,0.44821971608720557,0.0,0.0,0.2978723404255319,0.2978723404255319,0.8888888888888888,1.0,2.012003668850852
927,0.2598775078440505,0.0,0.0,0.25,0.25,0.7777777777777778,0.0,0.7690131173863515
937,0.5320148880335054,0.0,0.0,0.0,0.0,0.5555555555555556,0.0,0.6478341326490266
938,0.6107601246227685,0.6666666666666666,0.39999999999999997,0.9423076923076923,0.9423076923076923,0.8888888888888888,0.0,2.799804680894796
947,0.603132325017909,0.0,0.0,0.891566265060241,0.891566265060241,0.8888888888888888,0.0,1.7296276806301238
953,0.43526014879404856,0.0,0.0,0.07692307692307693,0.07692307692307693,0.7777777777777778,0.0,0.7362423070694268
954,0.21286943847148126,0.0,0.0,0.0,0.0,0.3333333333333333,0.0,0.30362888411051836
97,0.639968323270202,0.3333333333333333,0.19999999999999998,0.9065420560747663,0.9065420560747663,1.0,0.0,2.325183381357595
970,0.45932486130276157,0.0,0.0,0.07936507936507936,0.07936507936507936,0.8888888888888888,0.0,0.8023805239628442
978,0.27663242703140434,0.0,0.0,0.7272727272727273,0.7272727272727273,0.4444444444444444,1.0,2.1263564466756284
997,0.5017813551190254,0.0,0.0,0.02040816326530612,0.02040816326530612,0.8888888888888888,0.0,0.777388802916082
999,0.48961827851738127,0.0,0.0,0.125,0.125,1.0,0.0,0.9166946228139051
