node_id,protected_group,community_id,degree,normalized_degree,pagerank,clustering_coefficient,k_core_number,community_size,community_id_encoded,neighbor_degree_mean,neighbor_degree_max,ris_coverage_proxy
1,1,0,0.57894737,0.57894737,0.5830487,0.0,1.0,0.27142859,0.0,0.6753247,0.6315789,0.25
10,1,1,0.5263158,0.5263158,0.5017766,0.06666667,1.0,0.45,0.09090909,0.74285716,1.0,0.375
100,1,2,0.57894737,0.57894737,0.5635412,0.0,1.0,0.39285713,0.18181819,0.6753247,1.0,0.625
101,1,3,0.42105263,0.42105263,0.40434468,0.0,1.0,0.19285715,0.27272728,0.6339286,0.5263158,0.125
102,1,1,0.7894737,0.7894737,0.74230886,0.057142857,1.0,0.45,0.09090909,0.67142856,0.68421054,0.25
103,1,2,0.42105263,0.42105263,0.38760597,0.0,1.0,0.39285713,0.18181819,0.8125,1.0,0.25
104,1,2,0.47368422,0.47368422,0.4735357,0.083333336,1.0,0.39285713,0.18181819,0.6825397,0.7894737,0.25
105,1,1,0.84210527,0.84210527,0.78869396,0.175,1.0,0.45,0.09090909,0.70089287,0.7368421,0.125
106,1,1,0.36842105,0.36842105,0.36548612,0.0,0.8333333,0.45,0.09090909,0.622449,0.68421054,0.25
107,1,4,0.42105263,0.42105263,0.4229482,0.0,1.0,0.4,0.36363637,0.6875,0.7368421,0.375
108,1,2,0.57894737,0.57894737,0.56054527,0.10909091,1.0,0.39285713,0.18181819,0.66233766,0.7368421,0.375
109,1,2,0.42105263,0.42105263,0.39650142,0.21428572,1.0,0.39285713,0.18181819,0.70535713,0.6315789,0.375
11,1,0,0.36842105,0.36842105,0.38494805,0.0,1.0,0.27142859,0.0,0.59183675,0.57894737,0.375
110,1,5,0.6315789,0.6315789,0.5840803,0.045454547,1.0,0.25714287,0.45454547,0.75595236,1.0,0.375
111,1,4,0.31578946,0.31578946,0.31687382,0.0,0.8333333,0.4,0.36363637,0.63095236,0.84210527,0.375
112,1,6,0.10526316,0.10526316,0.13377433,0.0,0.33333334,1.0,0.54545456,0.8214286,0.84210527,0.125
113,1,1,0.47368422,0.47368422,0.4453578,0.16666667,1.0,0.45,0.09090909,0.8333333,0.84210527,0.5
114,1,7,0.6315789,0.6315789,0.60202485,0.0,1.0,0.22142857,0.6363636,0.7202381,0.7894737,0.125
115,1,1,0.68421054,0.68421054,0.6334656,0.115384616,1.0,0.45,0.09090909,0.74725276,0.7894737,0.25
116,1,4,0.2631579,0.2631579,0.2828754,0.0,0.6666667,0.4,0.36363637,0.71428573,1.0,0.0
117,1,0,0.21052632,0.21052632,0.24579641,0.0,0.5,0.27142859,0.0,0.64285713,0.68421054,0.375
118,1,5,0.42105263,0.42105263,0.40248471,0.0,1.0,0.25714287,0.45454547,0.70535713,0.7894737,0.375
119,1,4,0.42105263,0.42105263,0.39900824,0.10714286,1.0,0.4,0.36363637,0.78571427,0.7368421,0.25
12,1,0,0.31578946,0.31578946,0.29027894,0.4,1.0,0.27142859,0.0,0.6904762,0.57894737,0.125
120,1,7,0.36842105,0.36842105,0.36604017,0.0,1.0,0.22142857,0.6363636,0.8061224,1.0,0.125
121,1,4,0.36842105,0.36842105,0.34250712,0.2857143,1.0,0.4,0.36363637,0.78571427,0.84210527,0.375
122,1,2,0.2631579,0.2631579,0.25031132,0.0,0.8333333,0.39285713,0.18181819,0.6857143,0.84210527,0.0
123,1,4,0.5263158,0.5263158,0.47864598,0.0,1.0,0.4,0.36363637,0.8,0.7368421,0.25
124,1,8,0.6315789,0.6315789,0.5830376,0.13636364,1.0,0.3,0.72727275,0.82738096,1.0,0.125
125,1,2,0.5263158,0.5263158,0.48537603,0.13333334,1.0,0.39285713,0.18181819,0.78571427,0.84210527,0.375
126,1,8,0.36842105,0.36842105,0.38082108,0.2857143,0.8333333,0.3,0.72727275,0.70408165,0.7368421,0.125
127,1,7,0.57894737,0.57894737,0.5582106,0.0,1.0,0.22142857,0.6363636,0.74025977,0.84210527,0.625
128,1,4,0.5263158,0.5263158,0.5209945,0.06666667,1.0,0.4,0.36363637,0.57857144,0.57894737,0.25
129,1,4,0.5263158,0.5263158,0.5159149,0.0,1.0,0.4,0.36363637,0.6571429,0.7894737,0.375
13,1,8,0.31578946,0.31578946,0.3115457,0.0,0.8333333,0.3,0.72727275,0.5952381,0.6315789,0.5
130,1,7,0.42105263,0.42105263,0.3983008,0.21428572,1.0,0.22142857,0.6363636,0.73214287,0.7894737,0.0
131,1,4,0.57894737,0.57894737,0.55467325,0.054545455,1.0,0.4,0.36363637,0.6818182,0.84210527,0.25
132,1,4,0.5263158,0.5263158,0.52876157,0.2,1.0,0.4,0.36363637,0.6857143,0.6315789,0.0
133,1,2,0.31578946,0.31578946,0.30400518,0.0,0.8333333,0.39285713,0.18181819,0.7619048,0.7894737,0.375
134,1,2,0.6315789,0.6315789,0.6040593,0.045454547,1.0,0.39285713,0.18181819,0.66071427,0.7368421,0.375
135,1,1,0.5263158,0.5263158,0.48709732,0.2,1.0,0.45,0.09090909,0.80714285,1.0,0.125
136,1,5,0.36842105,0.36842105,0.34007174,0.0,1.0,0.25714287,0.45454547,0.8367347,0.84210527,0.75
137,1,2,0.5263158,0.5263158,0.48883078,0.06666667,1.0,0.39285713,0.18181819,0.71428573,0.7894737,0.625
138,1,4,0.7368421,0.7368421,0.7013001,0.06593407,1.0,0.4,0.36363637,0.7346939,0.84210527,0.625
139,1,2,0.84210527,0.84210527,0.79972607,0.0,1.0,0.39285713,0.18181819,0.63839287,0.84210527,0.125
14,1,1,0.47368422,0.47368422,0.44812238,0.0,1.0,0.45,0.09090909,0.67460316,0.6315789,0.125
140,1,2,0.31578946,0.31578946,0.30599383,0.0,0.8333333,0.39285713,0.18181819,0.60714287,0.57894737,0.625
141,1,4,0.84210527,0.84210527,0.804031,0.075,1.0,0.4,0.36363637,0.6160714,0.7368421,0.375
142,1,1,0.2631579,0.2631579,0.24912964,0.0,0.8333333,0.45,0.09090909,0.71428573,0.68421054,0.375
143,1,5,0.10526316,0.10526316,0.11440335,0.0,0.33333334,0.25714287,0.45454547,0.5714286,0.5263158,0.25
144,1,8,0.47368422,0.47368422,0.46400815,0.083333336,1.0,0.3,0.72727275,0.56349206,0.57894737,0.125
145,1,7,0.36842105,0.36842105,0.34672225,0.0,1.0,0.22142857,0.6363636,0.7244898,0.84210527,0.375
146,1,0,0.6315789,0.6315789,0.59041566,0.0,1.0,0.27142859,0.0,0.6845238,0.7368421,0.0
147,1,5,0.2631579,0.2631579,0.25479183,0.0,0.8333333,0.25714287,0.45454547,0.67142856,0.6315789,0.125
148,1,2,0.5263158,0.5263158,0.48288718,0.13333334,1.0,0.39285713,0.18181819,0.82857144,1.0,0.125
149,1,2,0.5263158,0.5263158,0.49175754,0.0,1.0,0.39285713,0.18181819,0.7214286,1.0,0.375
15,1,4,0.5263158,0.5263158,0.48994428,0.2,1.0,0.4,0.36363637,0.69285715,0.68421054,0.125
150,1,5,0.47368422,0.47368422,0.49955893,0.0,1.0,0.25714287,0.45454547,0.515873,0.5263158,0.5
151,1,8,0.42105263,0.42105263,0.38703087,0.10714286,1.0,0.3,0.72727275,0.8035714,1.0,0.125
152,1,2,0.36842105,0.36842105,0.34167805,0.2857143,1.0,0.39285713,0.18181819,0.7653061,0.84210527,0.5
153,1,0,0.47368422,0.47368422,0.47809178,0.0,1.0,0.27142859,0.0,0.5555556,0.68421054,0.375
154,1,1,0.31578946,0.31578946,0.30701128,0.0,0.8333333,0.45,0.09090909,0.7619048,1.0,0.125
155,1,5,0.5263158,0.5263158,0.51285297,0.0,1.0,0.25714287,0.45454547,0.6571429,0.68421054,0.0
156,1,7,0.31578946,0.31578946,0.30217728,0.0,1.0,0.22142857,0.6363636,0.6547619,0.57894737,0.25
157,1,5,0.2631579,0.2631579,0.26201144,0.0,0.6666667,0.25714287,0.45454547,0.6571429,0.6315789,0.25
158,1,2,0.47368422,0.47368422,0.5051256,0.0,0.8333333,0.39285713,0.18181819,0.54761904,0.84210527,0.375
159,1,1,0.47368422,0.47368422,0.46508107,0.16666667,1.0,0.45,0.09090909,0.67460316,0.68421054,0.25
16,1,2,0.21052632,0.21052632,0.22507085,0.0,0.5,0.39285713,0.18181819,0.60714287,0.57894737,0.25
160,1,9,0.0,0.0,0.0,0.0,0.0,0.0,0.8181818,0.0,0.0,0.0
161,1,4,0.42105263,0.42105263,0.38667905,0.10714286,1.0,0.4,0.36363637,0.7589286,0.7368421,0.375
162,1,5,0.5263158,0.5263158,0.5002092,0.06666667,1.0,0.25714287,0.45454547,0.6571429,0.7368421,0.625
163,1,5,0.6315789,0.6315789,0.6142307,0.09090909,1.0,0.25714287,0.45454547,0.70238096,0.7894737,0.125
164,1,0,0.2631579,0.2631579,0.24834122,0.0,0.8333333,0.27142859,0.0,0.7285714,0.84210527,0.125
165,1,2,0.31578946,0.31578946,0.2975664,0.2,0.8333333,0.39285713,0.18181819,0.6785714,0.57894737,0.125
166,1,8,0.31578946,0.31578946,0.29750332,0.2,0.8333333,0.3,0.72727275,0.79761904,0.7894737,0.25
167,1,4,0.57894737,0.57894737,0.54313624,0.10909091,1.0,0.4,0.36363637,0.66883117,0.7368421,0.125
168,1,5,0.42105263,0.42105263,0.45534232,0.10714286,0.8333333,0.25714287,0.45454547,0.5625,0.7368421,0.125
169,1,2,0.31578946,0.31578946,0.28777403,0.0,1.0,0.39285713,0.18181819,0.9166667,0.7894737,0.25
17,1,2,0.42105263,0.42105263,0.39780694,0.10714286,1.0,0.39285713,0.18181819,0.7410714,0.84210527,0.125
170,1,4,0.36842105,0.36842105,0.34415135,0.0,1.0,0.4,0.36363637,0.7346939,0.7368421,0.625
171,1,5,0.21052632,0.21052632,0.19739027,0.0,0.6666667,0.25714287,0.45454547,0.76785713,0.7368421,0.125
172,1,3,0.47368422,0.47368422,0.46366504,0.16666667,1.0,0.19285715,0.27272728,0.5952381,0.7894737,0.375
173,1,2,0.7894737,0.7894737,0.74525005,0.057142857,1.0,0.39285713,0.18181819,0.65238094,0.7368421,0.125
174,1,8,0.31578946,0.31578946,0.3093592,0.0,0.8333333,0.3,0.72727275,0.61904764,0.68421054,0.125
175,1,1,0.05263158,0.05263158,0.05203895,0.0,0.16666667,0.45,0.09090909,0.9285714,0.68421054,0.5
176,1,8,0.47368422,0.47368422,0.47395992,0.0,1.0,0.3,0.72727275,0.6507937,0.7368421,0.5
177,1,2,0.2631579,0.2631579,0.2413825,0.0,0.8333333,0.39285713,0.18181819,0.74285716,0.7368421,0.125
178,1,1,0.5263158,0.5263158,0.5113192,0.06666667,1.0,0.45,0.09090909,0.6857143,0.68421054,0.375
179,1,4,0.47368422,0.47368422,0.4615322,0.25,1.0,0.4,0.36363637,0.6507937,0.6315789,0.125
18,1,8,0.7894737,0.7894737,0.76483005,0.057142857,1.0,0.3,0.72727275,0.68095237,0.7368421,0.625
180,1,1,0.5263158,0.5263158,0.58073634,0.06666667,1.0,0.45,0.09090909,0.54285717,0.5263158,0.375
181,1,4,0.57894737,0.57894737,0.5372887,0.054545455,1.0,0.4,0.36363637,0.72727275,0.7368421,0.125
182,1,1,0.5263158,0.5263158,0.5334857,0.06666667,1.0,0.45,0.09090909,0.6857143,0.7368421,0.125
183,1,4,0.42105263,0.42105263,0.3971093,0.0,1.0,0.4,0.36363637,0.73214287,0.84210527,0.0
184,1,8,0.36842105,0.36842105,0.34161943,0.14285715,1.0,0.3,0.72727275,0.74489796,0.6315789,0.25
185,1,3,0.7368421,0.7368421,0.6880266,0.06593407,1.0,0.19285715,0.27272728,0.75,1.0,0.25
186,1,7,0.2631579,0.2631579,0.26335114,0.0,0.6666667,0.22142857,0.6363636,0.6571429,0.68421054,0.375
187,1,8,0.57894737,0.57894737,0.55363894,0.0,1.0,0.3,0.72727275,0.66883117,0.7894737,0.25
188,1,8,0.42105263,0.42105263,0.4006665,0.21428572,1.0,0.3,0.72727275,0.6785714,0.7894737,0.5
189,1,4,0.2631579,0.2631579,0.2509727,0.0,0.8333333,0.4,0.36363637,0.7285714,0.6315789,0.375
19,1,4,0.47368422,0.47368422,0.45274204,0.0,1.0,0.4,0.36363637,0.6666667,0.7894737,0.25
190,1,1,0.47368422,0.47368422,0.44555005,0.083333336,1.0,0.45,0.09090909,0.84126985,1.0,0.125
191,1,8,0.21052632,0.21052632,0.20514773,0.0,0.6666667,0.3,0.72727275,0.64285713,0.57894737,0.5
192,1,4,0.47368422,0.47368422,0.4536074,0.083333336,1.0,0.4,0.36363637,0.6031746,0.57894737,0.375
193,1,8,0.5263158,0.5263158,0.5002509,0.0,1.0,0.3,0.72727275,0.67142856,0.7894737,0.25
194,1,8,0.47368422,0.47368422,0.46561748,0.0,1.0,0.3,0.72727275,0.78571427,1.0,0.125
195,1,8,0.2631579,0.2631579,0.2547156,0.0,0.8333333,0.3,0.72727275,0.6,0.5263158,0.25
196,1,7,0.84210527,0.84210527,0.78356475,0.05,1.0,0.22142857,0.6363636,0.7589286,0.84210527,0.25
197,1,4,0.5263158,0.5263158,0.5223134,0.0,1.0,0.4,0.36363637,0.64285713,0.68421054,0.125
198,1,2,0.21052632,0.21052632,0.19500722,0.0,0.6666667,0.39285713,0.18181819,0.6785714,0.5263158,0.25
199,1,8,0.36842105,0.36842105,0.364385,0.14285715,1.0,0.3,0.72727275,0.6632653,0.68421054,0.125
2,1,3,0.6315789,0.6315789,0.6021648,0.045454547,1.0,0.19285715,0.27272728,0.72619045,0.7368421,0.125
20,1,7,0.36842105,0.36842105,0.3547815,0.14285715,0.8333333,0.22142857,0.6363636,0.64285713,0.68421054,0.5
200,1,1,0.47368422,0.47368422,0.46704626,0.0,1.0,0.45,0.09090909,0.6666667,1.0,0.25
201,1,7,0.21052632,0.21052632,0.21355455,0.0,0.6666667,0.22142857,0.6363636,0.60714287,0.6315789,0.0
202,1,2,0.21052632,0.21052632,0.20131874,0.0,0.6666667,0.39285713,0.18181819,0.71428573,0.7894737,0.0
203,1,1,0.57894737,0.57894737,0.53047067,0.054545455,1.0,0.45,0.09090909,0.8246753,0.84210527,0.375
204,1,4,0.57894737,0.57894737,0.54602844,0.054545455,1.0,0.4,0.36363637,0.6168831,0.5263158,0.125
205,1,1,0.31578946,0.31578946,0.30147138,0.0,0.8333333,0.45,0.09090909,0.77380955,0.7368421,0.125
206,1,1,0.84210527,0.84210527,0.83568954,0.075,1.0,0.45,0.09090909,0.64285713,0.7368421,0.125
207,1,3,0.42105263,0.42105263,0.3888823,0.10714286,1.0,0.19285715,0.27272728,0.76785713,0.84210527,0.25
208,1,1,0.31578946,0.31578946,0.3705316,0.2,0.8333333,0.45,0.09090909,0.54761904,0.5263158,0.125
209,1,5,0.36842105,0.36842105,0.35797065,0.0,1.0,0.25714287,0.45454547,0.622449,0.5263158,0.375
21,1,7,0.5263158,0.5263158,0.48989293,0.06666667,1.0,0.22142857,0.6363636,0.73571426,0.7894737,0.25
210,1,1,0.47368422,0.47368422,0.44660163,0.0,1.0,0.45,0.09090909,0.6269841,0.68421054,0.25
211,1,4,0.6315789,0.6315789,0.62004095,0.045454547,1.0,0.4,0.36363637,0.60714287,0.7368421,0.125
212,1,0,0.5263158,0.5263158,0.49718773,0.0,1.0,0.27142859,0.0,0.6642857,0.7894737,0.375
213,1,4,0.57894737,0.57894737,0.56697583,0.054545455,1.0,0.4,0.36363637,0.6818182,0.84210527,0.125
214,1,8,0.6315789,0.6315789,0.61844844,0.0,1.0,0.3,0.72727275,0.6904762,0.7368421,0.375
215,1,2,0.31578946,0.31578946,0.31138062,0.0,0.8333333,0.39285713,0.18181819,0.7619048,0.84210527,0.875
216,1,7,0.36842105,0.36842105,0.34687456,0.0,1.0,0.22142857,0.6363636,0.7346939,0.6315789,0.375
217,1,7,0.6315789,0.6315789,0.61295503,0.045454547,1.0,0.22142857,0.6363636,0.60119045,0.7368421,0.125
218,1,1,0.36842105,0.36842105,0.38092,0.14285715,0.8333333,0.45,0.09090909,0.56122446,0.68421054,0.125
219,1,7,0.42105263,0.42105263,0.39537737,0.10714286,1.0,0.22142857,0.6363636,0.71428573,0.7368421,0.375
22,1,5,0.31578946,0.31578946,0.37293118,0.0,0.6666667,0.25714287,0.45454547,0.47619048,0.6315789,0.25
220,1,3,0.42105263,0.42105263,0.40133637,0.0,1.0,0.19285715,0.27272728,0.70535713,0.7368421,0.375
221,1,3,0.42105263,0.42105263,0.39564514,0.10714286,1.0,0.19285715,0.27272728,0.75,0.7368421,0.25
222,1,7,0.31578946,0.31578946,0.3036889,0.0,0.8333333,0.22142857,0.6363636,0.6904762,0.7368421,0.375
223,1,5,0.31578946,0.31578946,0.32921568,0.0,0.8333333,0.25714287,0.45454547,0.6547619,0.6315789,0.375
224,1,5,0.5263158,0.5263158,0.5039383,0.0,1.0,0.25714287,0.45454547,0.65,0.68421054,0.5
225,1,4,0.7368421,0.7368421,0.6919446,0.06593407,1.0,0.4,0.36363637,0.68367344,0.7368421,0.5
226,1,2,0.5263158,0.5263158,0.49046254,0.0,1.0,0.39285713,0.18181819,0.75,0.84210527,0.5
227,1,2,0.7368421,0.7368421,0.70111126,0.06593407,1.0,0.39285713,0.18181819,0.61734694,0.6315789,0.375
228,1,1,0.31578946,0.31578946,0.3142433,0.0,0.8333333,0.45,0.09090909,0.5833333,0.57894737,0.375
229,1,0,0.36842105,0.36842105,0.3906206,0.14285715,0.8333333,0.27142859,0.0,0.6122449,0.7894737,0.125
23,1,3,0.47368422,0.47368422,0.44562745,0.0,1.0,0.19285715,0.27272728,0.7619048,0.7368421,0.0
230,1,4,0.2631579,0.2631579,0.29808584,0.0,0.6666667,0.4,0.36363637,0.47142857,0.5263158,0.125
231,1,2,0.47368422,0.47368422,0.43361875,0.083333336,1.0,0.39285713,0.18181819,0.7777778,0.7368421,0.625
232,1,4,0.5263158,0.5263158,0.5223234,0.13333334,1.0,0.4,0.36363637,0.6357143,0.6315789,0.5
233,1,1,1.0,1.0,1.0,0.03508772,1.0,0.45,0.09090909,0.62781954,0.7368421,0.125
234,1,0,0.5263158,0.5263158,0.5704201,0.0,1.0,0.27142859,0.0,0.55,0.6315789,0.25
235,1,2,0.47368422,0.47368422,0.43210372,0.083333336,1.0,0.39285713,0.18181819,0.8015873,0.7368421,0.25
236,1,7,0.10526316,0.10526316,0.10060835,0.0,0.33333334,0.22142857,0.6363636,0.71428573,0.57894737,0.125
237,1,4,0.5263158,0.5263158,0.49340007,0.0,1.0,0.4,0.36363637,0.67142856,0.68421054,0.25
238,1,2,0.57894737,0.57894737,0.57405555,0.054545455,1.0,0.39285713,0.18181819,0.54545456,0.68421054,0.5
239,1,4,0.36842105,0.36842105,0.34904236,0.0,1.0,0.4,0.36363637,0.68367344,1.0,0.375
24,1,2,0.68421054,0.68421054,0.6510677,0.07692308,1.0,0.39285713,0.18181819,0.7087912,0.7894737,0.5
240,1,8,0.57894737,0.57894737,0.5430243,0.3272727,1.0,0.3,0.72727275,0.73376626,0.84210527,0.125
241,1,1,0.5263158,0.5263158,0.49738517,0.06666667,1.0,0.45,0.09090909,0.6571429,0.7368421,0.125
242,1,2,0.31578946,0.31578946,0.30088964,0.2,0.8333333,0.39285713,0.18181819,0.72619045,0.7894737,0.125
243,1,8,0.31578946,0.31578946,0.29790887,0.0,1.0,0.3,0.72727275,0.8095238,0.84210527,0.25
244,1,0,0.57894737,0.57894737,0.5507854,0.054545455,1.0,0.27142859,0.0,0.64935064,0.84210527,0.25
245,1,0,0.36842105,0.36842105,0.3481279,0.0,1.0,0.27142859,0.0,0.7755102,1.0,0.125
246,1,4,0.57894737,0.57894737,0.65044373,0.0,1.0,0.4,0.36363637,0.5519481,0.6315789,0.25
247,1,7,0.42105263,0.42105263,0.43039152,0.10714286,1.0,0.22142857,0.6363636,0.66964287,0.84210527,0.125
248,1,7,0.36842105,0.36842105,0.36000708,0.0,1.0,0.22142857,0.6363636,0.6632653,0.6315789,0.0
249,1,8,0.2631579,0.2631579,0.25465965,0.0,0.8333333,0.3,0.72727275,0.74285716,0.7894737,0.375
25,1,1,0.21052632,0.21052632,0.20059949,0.5,0.6666667,0.45,0.09090909,0.76785713,0.68421054,0.75
250,1,0,0.7894737,0.7894737,0.75994164,0.114285715,1.0,0.27142859,0.0,0.6142857,0.6315789,0.25
251,1,2,0.5263158,0.5263158,0.49644232,0.2,1.0,0.39285713,0.18181819,0.75714284,0.7894737,0.625
252,1,8,0.5263158,0.5263158,0.49202135,0.13333334,1.0,0.3,0.72727275,0.6357143,0.6315789,0.5
253,1,0,0.31578946,0.31578946,0.2947821,0.0,1.0,0.27142859,0.0,0.85714287,1.0,0.125
254,1,5,0.57894737,0.57894737,0.5756286,0.10909091,1.0,0.25714287,0.45454547,0.64285713,0.7368421,0.25
255,1,5,0.21052632,0.21052632,0.23414795,0.0,0.5,0.25714287,0.45454547,0.5535714,0.6315789,0.375
256,1,1,0.31578946,0.31578946,0.29748315,0.0,0.8333333,0.45,0.09090909,0.70238096,0.68421054,0.0
257,1,0,0.31578946,0.31578946,0.29839703,0.0,1.0,0.27142859,0.0,0.63095236,0.6315789,0.125
258,1,0,0.5263158,0.5263158,0.49165815,0.13333334,1.0,0.27142859,0.0,0.7785714,0.7894737,0.25
259,1,2,0.7368421,0.7368421,0.74116766,0.13186814,1.0,0.39285713,0.18181819,0.70408165,0.84210527,0.25
26,1,5,0.21052632,0.21052632,0.20595707,0.5,0.6666667,0.25714287,0.45454547,0.78571427,0.7894737,0.375
260,1,7,0.6315789,0.6315789,0.63535833,0.0,1.0,0.22142857,0.6363636,0.6845238,0.84210527,0.0
261,1,5,0.7368421,0.7368421,0.6952932,0.06593407,1.0,0.25714287,0.45454547,0.7653061,0.84210527,0.375
262,1,4,0.7368421,0.7368421,0.7013623,0.032967035,1.0,0.4,0.36363637,0.71938777,0.7368421,0.0
263,1,0,0.21052632,0.21052632,0.22470754,0.0,0.6666667,0.27142859,0.0,0.51785713,0.47368422,0.0
264,1,0,0.42105263,0.42105263,0.3891801,0.21428572,1.0,0.27142859,0.0,0.83928573,0.84210527,0.25
265,1,7,0.36842105,0.36842105,0.36581367,0.0,1.0,0.22142857,0.6363636,0.56122446,0.6315789,0.75
266,1,0,0.57894737,0.57894737,0.54097944,0.0,1.0,0.27142859,0.0,0.73376626,0.7368421,0.25
267,1,0,0.21052632,0.21052632,0.2083835,0.0,0.6666667,0.27142859,0.0,0.64285713,0.5263158,0.5
268,1,0,0.36842105,0.36842105,0.35020894,0.0,1.0,0.27142859,0.0,0.67346936,0.6315789,0.5
269,1,7,0.5263158,0.5263158,0.49558336,0.06666667,1.0,0.22142857,0.6363636,0.7,0.7368421,0.25
27,1,2,0.36842105,0.36842105,0.35575998,0.14285715,0.8333333,0.39285713,0.18181819,0.6020408,0.68421054,0.125
270,1,3,0.57894737,0.57894737,0.52935505,0.16363636,1.0,0.19285715,0.27272728,0.76623374,0.84210527,0.125
271,1,5,0.6315789,0.6315789,0.6402974,0.0,1.0,0.25714287,0.45454547,0.5714286,0.6315789,0.375
272,1,4,0.47368422,0.47368422,0.44312054,0.33333334,1.0,0.4,0.36363637,0.7063492,0.7368421,0.25
273,1,1,0.57894737,0.57894737,0.5306162,0.10909091,1.0,0.45,0.09090909,0.8116883,0.84210527,0.375
274,1,1,0.5263158,0.5263158,0.4986988,0.0,1.0,0.45,0.09090909,0.67142856,0.84210527,0.25
275,1,1,0.47368422,0.47368422,0.4585329,0.083333336,1.0,0.45,0.09090909,0.64285713,0.68421054,0.25
276,1,2,0.6315789,0.6315789,0.58721197,0.045454547,1.0,0.39285713,0.18181819,0.7380952,0.84210527,0.375
277,1,8,0.31578946,0.31578946,0.29312643,0.0,0.8333333,0.3,0.72727275,0.6904762,0.68421054,0.25
278,1,2,0.5263158,0.5263158,0.5035803,0.0,1.0,0.39285713,0.18181819,0.64285713,0.68421054,0.5
279,1,1,0.5263158,0.5263158,0.5305243,0.13333334,1.0,0.45,0.09090909,0.70714283,1.0,1.0
28,1,2,0.57894737,0.57894737,0.55860436,0.10909091,1.0,0.39285713,0.18181819,0.6103896,0.7894737,0.0
280,1,0,0.5263158,0.5263158,0.4834926,0.0,1.0,0.27142859,0.0,0.75714284,0.7894737,0.375
281,1,4,0.5263158,0.5263158,0.5050647,0.13333334,1.0,0.4,0.36363637,0.6142857,0.7368421,0.25
282,1,3,0.47368422,0.47368422,0.48451576,0.16666667,1.0,0.19285715,0.27272728,0.5793651,0.6315789,0.0
283,1,8,0.36842105,0.36842105,0.33946413,0.0,1.0,0.3,0.72727275,0.7346939,0.7368421,0.125
284,1,0,0.47368422,0.47368422,0.43940112,0.25,1.0,0.27142859,0.0,0.6825397,0.68421054,0.125
285,1,4,0.2631579,0.2631579,0.2633894,0.0,0.8333333,0.4,0.36363637,0.7285714,0.84210527,0.5
286,1,2,0.47368422,0.47368422,0.492791,0.0,1.0,0.39285713,0.18181819,0.6031746,0.7368421,0.125
287,1,8,0.21052632,0.21052632,0.20818143,0.5,0.6666667,0.3,0.72727275,0.6785714,0.6315789,0.5
288,1,5,0.36842105,0.36842105,0.35542342,0.0,1.0,0.25714287,0.45454547,0.622449,0.5263158,0.25
289,1,2,0.47368422,0.47368422,0.46582285,0.083333336,1.0,0.39285713,0.18181819,0.56349206,0.68421054,0.25
29,1,5,0.5263158,0.5263158,0.51738477,0.13333334,1.0,0.25714287,0.45454547,0.6,0.57894737,0.25
290,1,4,0.31578946,0.31578946,0.34050077,0.0,0.6666667,0.4,0.36363637,0.54761904,0.6315789,0.25
291,1,3,0.57894737,0.57894737,0.57659847,0.0,1.0,0.19285715,0.27272728,0.6103896,0.6315789,0.0
292,1,2,0.2631579,0.2631579,0.24754663,0.3,0.8333333,0.39285713,0.18181819,0.78571427,0.7894737,0.375
293,1,4,0.42105263,0.42105263,0.3881509,0.0,1.0,0.4,0.36363637,0.73214287,0.7368421,0.375
294,1,3,0.15789473,0.15789473,0.1540187,0.0,0.5,0.19285715,0.27272728,0.61904764,0.5263158,0.25
295,1,1,0.57894737,0.57894737,0.54448575,0.054545455,1.0,0.45,0.09090909,0.7012987,0.7368421,0.25
296,1,1,0.47368422,0.47368422,0.44987336,0.0,1.0,0.45,0.09090909,0.82539684,1.0,0.25
297,1,1,0.31578946,0.31578946,0.31139296,0.0,0.8333333,0.45,0.09090909,0.61904764,0.7894737,0.25
298,1,2,0.5263158,0.5263158,0.48785028,0.0,1.0,0.39285713,0.18181819,0.75,0.84210527,0.125
299,1,1,0.6315789,0.6315789,0.63785446,0.045454547,1.0,0.45,0.09090909,0.6845238,0.7894737,0.5
3,1,2,0.42105263,0.42105263,0.44348502,0.0,0.8333333,0.39285713,0.18181819,0.60714287,0.7894737,0.125
30,1,2,0.57894737,0.57894737,0.53647274,0.10909091,1.0,0.39285713,0.18181819,0.7922078,0.7894737,0.375
300,1,2,0.31578946,0.31578946,0.3168361,0.0,0.8333333,0.39285713,0.18181819,0.5833333,0.68421054,0.375
301,1,1,1.0,1.0,0.9470207,0.05263158,1.0,0.45,0.09090909,0.65413535,0.68421054,0.25
302,1,7,0.57894737,0.57894737,0.56147563,0.054545455,1.0,0.22142857,0.6363636,0.77922076,0.84210527,0.25
303,1,4,0.5263158,0.5263158,0.5081753,0.0,1.0,0.4,0.36363637,0.65,0.84210527,0.125
304,1,1,0.42105263,0.42105263,0.3994521,0.10714286,1.0,0.45,0.09090909,0.7589286,0.84210527,0.375
305,1,1,0.36842105,0.36842105,0.34087718,0.0,1.0,0.45,0.09090909,0.79591835,1.0,0.375
306,1,0,0.42105263,0.42105263,0.39734247,0.10714286,1.0,0.27142859,0.0,0.70535713,0.84210527,0.25
307,1,2,0.5263158,0.5263158,0.48257923,0.0,1.0,0.39285713,0.18181819,0.78571427,1.0,0.625
308,1,8,0.6315789,0.6315789,0.58820856,0.18181819,1.0,0.3,0.72727275,0.73214287,0.7894737,0.625
309,1,4,0.57894737,0.57894737,0.54742354,0.0,1.0,0.4,0.36363637,0.7012987,0.84210527,0.375
31,1,0,0.47368422,0.47368422,0.44845712,0.0,1.0,0.27142859,0.0,0.7380952,0.7894737,0.375
310,1,4,0.6315789,0.6315789,0.6215913,0.09090909,1.0,0.4,0.36363637,0.72619045,0.7368421,0.375
311,1,0,0.47368422,0.47368422,0.5075006,0.16666667,1.0,0.27142859,0.0,0.71428573,1.0,0.125
312,1,3,0.42105263,0.42105263,0.40320376,0.0,1.0,0.19285715,0.27272728,0.6339286,0.68421054,0.125
313,1,3,0.68421054,0.68421054,0.6293995,0.115384616,1.0,0.19285715,0.27272728,0.7417582,0.7368421,0.375
314,1,7,0.57894737,0.57894737,0.5320954,0.10909091,1.0,0.22142857,0.6363636,0.72077924,0.84210527,0.25
315,1,8,0.5263158,0.5263158,0.4947496,0.06666667,1.0,0.3,0.72727275,0.75714284,0.7894737,0.375
316,1,1,0.47368422,0.47368422,0.45162594,0.0,1.0,0.45,0.09090909,0.67460316,0.6315789,0.5
317,1,1,0.47368422,0.47368422,0.4432003,0.0,1.0,0.45,0.09090909,0.74603176,0.84210527,0.75
318,1,8,0.7368421,0.7368421,0.6873543,0.13186814,1.0,0.3,0.72727275,0.68367344,0.7894737,0.125
319,1,3,0.2631579,0.2631579,0.24745522,0.0,0.8333333,0.19285715,0.27272728,0.67142856,0.7894737,0.25
32,1,8,0.57894737,0.57894737,0.54528916,0.10909091,1.0,0.3,0.72727275,0.6818182,1.0,0.0
320,1,5,0.31578946,0.31578946,0.29139695,0.0,1.0,0.25714287,0.45454547,0.8452381,0.84210527,0.5
321,1,1,0.68421054,0.68421054,0.6382225,0.07692308,1.0,0.45,0.09090909,0.65384614,0.68421054,0.0
322,1,7,0.57894737,0.57894737,0.6035137,0.054545455,1.0,0.22142857,0.6363636,0.6233766,0.7368421,0.25
323,1,3,0.47368422,0.47368422,0.47101873,0.0,1.0,0.19285715,0.27272728,0.6269841,0.7894737,0.375
324,1,7,0.47368422,0.47368422,0.4509836,0.0,1.0,0.22142857,0.6363636,0.5952381,0.57894737,0.125
325,1,4,0.21052632,0.21052632,0.2107364,0.0,0.6666667,0.4,0.36363637,0.53571427,0.5263158,0.25
326,1,5,0.2631579,0.2631579,0.24856271,0.0,0.8333333,0.25714287,0.45454547,0.71428573,0.6315789,0.125
327,1,4,0.21052632,0.21052632,0.1920951,0.0,0.6666667,0.4,0.36363637,0.85714287,0.84210527,0.125
328,1,0,0.7368421,0.7368421,0.683974,0.032967035,1.0,0.27142859,0.0,0.72959185,0.68421054,0.25
329,1,2,0.68421054,0.68421054,0.66161895,0.07692308,1.0,0.39285713,0.18181819,0.5934066,0.7368421,0.25
33,1,1,0.5263158,0.5263158,0.5009814,0.06666667,1.0,0.45,0.09090909,0.74285716,0.84210527,0.125
330,1,1,0.47368422,0.47368422,0.45029774,0.083333336,1.0,0.45,0.09090909,0.7063492,0.7368421,0.125
331,1,7,0.42105263,0.42105263,0.38868278,0.10714286,1.0,0.22142857,0.6363636,0.72321427,0.6315789,0.25
332,1,5,0.5263158,0.5263158,0.5073033,0.06666667,1.0,0.25714287,0.45454547,0.67142856,0.7368421,0.5
333,1,5,0.31578946,0.31578946,0.32748184,0.0,0.8333333,0.25714287,0.45454547,0.6666667,1.0,0.5
334,1,5,0.36842105,0.36842105,0.35503078,0.0,1.0,0.25714287,0.45454547,0.7346939,0.84210527,0.0
335,1,1,0.2631579,0.2631579,0.2526368,0.0,0.8333333,0.45,0.09090909,0.7285714,0.84210527,0.0
336,1,5,0.5263158,0.5263158,0.4939012,0.06666667,1.0,0.25714287,0.45454547,0.6571429,0.7368421,0.125
337,1,8,0.68421054,0.68421054,0.64395356,0.03846154,1.0,0.3,0.72727275,0.6923077,0.68421054,0.125
338,1,5,0.42105263,0.42105263,0.41147017,0.21428572,1.0,0.25714287,0.45454547,0.7410714,0.84210527,0.5
339,1,4,0.5263158,0.5263158,0.51259774,0.2,1.0,0.4,0.36363637,0.6142857,0.84210527,0.125
34,1,8,0.6315789,0.6315789,0.5962176,0.09090909,1.0,0.3,0.72727275,0.6666667,0.6315789,0.625
340,1,1,0.68421054,0.68421054,0.65952,0.07692308,1.0,0.45,0.09090909,0.66483516,1.0,0.25
341,1,8,0.42105263,0.42105263,0.388008,0.10714286,1.0,0.3,0.72727275,0.8035714,0.68421054,0.75
342,1,7,0.68421054,0.68421054,0.642931,0.115384616,1.0,0.22142857,0.6363636,0.6923077,0.68421054,0.5
343,1,1,0.42105263,0.42105263,0.3902552,0.0,1.0,0.45,0.09090909,0.73214287,0.6315789,0.375
344,1,4,0.2631579,0.2631579,0.27587593,0.0,0.6666667,0.4,0.36363637,0.5714286,0.68421054,0.375
345,1,1,0.6315789,0.6315789,0.64471585,0.045454547,1.0,0.45,0.09090909,0.7083333,0.84210527,0.125
346,1,1,0.47368422,0.47368422,0.46343002,0.083333336,1.0,0.45,0.09090909,0.63492066,1.0,0.25
347,1,0,0.6315789,0.6315789,0.6004528,0.0,1.0,0.27142859,0.0,0.67261904,0.6315789,0.5
348,1,2,0.7894737,0.7894737,0.7489074,0.057142857,1.0,0.39285713,0.18181819,0.64761907,0.6315789,0.25
349,1,1,0.42105263,0.42105263,0.38961828,0.21428572,1.0,0.45,0.09090909,0.8125,0.84210527,0.125
35,1,4,0.36842105,0.36842105,0.3505612,0.0,1.0,0.4,0.36363637,0.67346936,0.84210527,0.0
350,1,1,0.5263158,0.5263158,0.52464586,0.06666667,1.0,0.45,0.09090909,0.57857144,0.5263158,0.375
351,0,6,0.31578946,0.31578946,0.5393974,0.0,0.5,1.0,0.54545456,0.33333334,0.36842105,0.375
352,0,6,0.15789473,0.15789473,0.2781655,0.0,0.5,1.0,0.54545456,0.23809524,0.21052632,0.625
353,0,6,0.10526316,0.10526316,0.18358213,0.0,0.33333334,1.0,0.54545456,0.2857143,0.2631579,0.0
354,0,6,0.10526316,0.10526316,0.17211936,0.0,0.33333334,1.0,0.54545456,0.2857143,0.21052632,0.0
355,0,6,0.2631579,0.2631579,0.48113972,0.3,0.5,1.0,0.54545456,0.3,0.36842105,0.0
356,0,6,0.15789473,0.15789473,0.24163538,0.0,0.5,1.0,0.54545456,0.42857143,0.6315789,0.25
357,0,6,0.21052632,0.21052632,0.29598534,0.0,0.5,1.0,0.54545456,0.4642857,0.6315789,0.375
358,0,6,0.21052632,0.21052632,0.2830219,0.0,0.5,1.0,0.54545456,0.4107143,0.47368422,0.5
359,0,6,0.2631579,0.2631579,0.40126026,0.0,0.5,1.0,0.54545456,0.4,0.36842105,0.125
36,1,4,0.31578946,0.31578946,0.30160323,0.2,1.0,0.4,0.36363637,0.72619045,0.7368421,0.0
360,0,6,0.2631579,0.2631579,0.35454965,0.0,0.5,1.0,0.54545456,0.45714286,0.5263158,0.125
361,0,6,0.15789473,0.15789473,0.25815177,1.0,0.5,1.0,0.54545456,0.4047619,0.36842105,0.375
362,0,6,0.10526316,0.10526316,0.123628125,0.0,0.33333334,1.0,0.54545456,0.5714286,0.5263158,0.125
363,0,6,0.2631579,0.2631579,0.3652653,0.0,0.5,1.0,0.54545456,0.35714287,0.36842105,0.125
364,0,6,0.36842105,0.36842105,0.5391903,0.0,0.5,1.0,0.54545456,0.41836736,0.57894737,0.375
365,0,6,0.31578946,0.31578946,0.46554488,0.0,0.5,1.0,0.54545456,0.33333334,0.36842105,0.125
366,0,6,0.15789473,0.15789473,0.22100975,0.0,0.5,1.0,0.54545456,0.4047619,0.47368422,0.25
367,0,3,0.15789473,0.15789473,0.2190257,0.0,0.33333334,0.19285715,0.27272728,0.45238096,0.47368422,0.0
368,0,6,0.21052632,0.21052632,0.31727445,0.0,0.5,1.0,0.54545456,0.42857143,0.5263158,0.25
369,0,6,0.21052632,0.21052632,0.29680344,0.0,0.5,1.0,0.54545456,0.44642857,0.47368422,0.125
37,1,0,0.47368422,0.47368422,0.4439512,0.16666667,1.0,0.27142859,0.0,0.71428573,0.7368421,0.25
370,0,6,0.2631579,0.2631579,0.44416213,0.0,0.5,1.0,0.54545456,0.27142859,0.2631579,0.25
371,0,6,0.31578946,0.31578946,0.52513075,0.2,0.5,1.0,0.54545456,0.30952382,0.36842105,0.25
372,0,6,0.15789473,0.15789473,0.32851455,0.0,0.33333334,1.0,0.54545456,0.2857143,0.36842105,0.375
373,0,6,0.2631579,0.2631579,0.37499893,0.3,0.5,1.0,0.54545456,0.42857143,0.42105263,0.0
374,0,6,0.15789473,0.15789473,0.23940083,0.0,0.5,1.0,0.54545456,0.35714287,0.36842105,0.125
375,0,6,0.5263158,0.5263158,0.77550626,0.06666667,0.5,1.0,0.54545456,0.45714286,0.57894737,0.25
376,0,6,0.15789473,0.15789473,0.21358743,0.0,0.5,1.0,0.54545456,0.61904764,0.84210527,0.25
377,0,6,0.2631579,0.2631579,0.448006,0.0,0.5,1.0,0.54545456,0.34285715,0.36842105,0.5
378,0,6,0.2631579,0.2631579,0.43145442,0.0,0.5,1.0,0.54545456,0.3,0.36842105,0.25
379,0,5,0.15789473,0.15789473,0.19379137,0.0,0.5,0.25714287,0.45454547,0.42857143,0.5263158,0.25
38,1,4,0.47368422,0.47368422,0.4336313,0.0,1.0,0.4,0.36363637,0.7777778,1.0,0.375
380,0,6,0.05263158,0.05263158,0.08795989,0.0,0.16666667,1.0,0.54545456,0.35714287,0.2631579,0.125
381,0,6,0.21052632,0.21052632,0.34826648,0.0,0.5,1.0,0.54545456,0.375,0.57894737,0.25
382,0,6,0.21052632,0.21052632,0.2758604,0.0,0.5,1.0,0.54545456,0.39285713,0.42105263,0.125
383,0,6,0.21052632,0.21052632,0.40297273,0.0,0.5,1.0,0.54545456,0.30357143,0.31578946,0.25
384,0,6,0.2631579,0.2631579,0.41273123,0.0,0.5,1.0,0.54545456,0.3857143,0.5263158,0.5
385,0,6,0.21052632,0.21052632,0.33952248,0.0,0.5,1.0,0.54545456,0.2857143,0.31578946,0.25
386,0,6,0.15789473,0.15789473,0.21372563,0.0,0.5,1.0,0.54545456,0.35714287,0.42105263,0.25
387,0,6,0.31578946,0.31578946,0.40567005,0.0,0.5,1.0,0.54545456,0.44047618,0.57894737,0.25
388,0,6,0.10526316,0.10526316,0.13198397,0.0,0.33333334,1.0,0.54545456,0.85714287,1.0,0.25
389,0,6,0.15789473,0.15789473,0.24689159,0.0,0.5,1.0,0.54545456,0.3809524,0.31578946,0.25
39,1,1,0.68421054,0.68421054,0.72338194,0.07692308,1.0,0.45,0.09090909,0.71428573,1.0,0.625
390,0,6,0.2631579,0.2631579,0.43575564,0.0,0.5,1.0,0.54545456,0.35714287,0.42105263,0.25
391,0,6,0.10526316,0.10526316,0.18395771,0.0,0.33333334,1.0,0.54545456,0.35714287,0.31578946,0.0
392,0,6,0.21052632,0.21052632,0.30293635,0.0,0.5,1.0,0.54545456,0.42857143,0.42105263,0.375
393,0,6,0.36842105,0.36842105,0.58888835,0.14285715,0.5,1.0,0.54545456,0.37755102,0.5263158,0.0
394,0,6,0.21052632,0.21052632,0.32901725,0.0,0.5,1.0,0.54545456,0.375,0.36842105,0.25
395,0,6,0.05263158,0.05263158,0.093326986,0.0,0.16666667,1.0,0.54545456,0.5,0.36842105,0.25
396,0,6,0.10526316,0.10526316,0.15940925,0.0,0.33333334,1.0,0.54545456,0.42857143,0.42105263,0.375
397,0,6,0.31578946,0.31578946,0.45305198,0.0,0.5,1.0,0.54545456,0.39285713,0.57894737,0.25
398,0,6,0.31578946,0.31578946,0.536683,0.0,0.5,1.0,0.54545456,0.29761904,0.36842105,0.5
399,0,6,0.31578946,0.31578946,0.5174202,0.2,0.5,1.0,0.54545456,0.4047619,0.5263158,0.375
4,1,0,0.36842105,0.36842105,0.3984643,0.0,0.8333333,0.27142859,0.0,0.63265306,0.68421054,0.125
40,1,8,0.47368422,0.47368422,0.44470358,0.083333336,1.0,0.3,0.72727275,0.67460316,0.6315789,0.25
400,0,6,0.10526316,0.10526316,0.17172796,0.0,0.33333334,1.0,0.54545456,0.32142857,0.2631579,0.375
401,0,6,0.15789473,0.15789473,0.26400363,0.0,0.5,1.0,0.54545456,0.30952382,0.31578946,0.25
402,0,6,0.2631579,0.2631579,0.4008176,0.0,0.5,1.0,0.54545456,0.44285715,0.6315789,0.5
403,0,6,0.2631579,0.2631579,0.38539997,0.0,0.5,1.0,0.54545456,0.35714287,0.42105263,0.75
404,0,6,0.2631579,0.2631579,0.39685437,0.0,0.5,1.0,0.54545456,0.31428573,0.36842105,0.5
405,0,6,0.21052632,0.21052632,0.31610712,0.0,0.5,1.0,0.54545456,0.4107143,0.57894737,0.25
406,0,6,0.36842105,0.36842105,0.5576165,0.14285715,0.5,1.0,0.54545456,0.3877551,0.57894737,0.0
407,0,6,0.21052632,0.21052632,0.35579476,0.5,0.5,1.0,0.54545456,0.30357143,0.31578946,0.25
408,0,6,0.31578946,0.31578946,0.47347778,0.0,0.5,1.0,0.54545456,0.3809524,0.36842105,0.125
409,0,6,0.2631579,0.2631579,0.43187225,0.0,0.5,1.0,0.54545456,0.3857143,0.36842105,0.0
41,1,1,0.2631579,0.2631579,0.25155732,0.0,0.8333333,0.45,0.09090909,0.87142855,1.0,0.125
410,0,6,0.21052632,0.21052632,0.38410255,0.5,0.33333334,1.0,0.54545456,0.30357143,0.36842105,0.125
411,0,6,0.15789473,0.15789473,0.25441402,0.0,0.5,1.0,0.54545456,0.33333334,0.36842105,0.625
412,0,6,0.05263158,0.05263158,0.08643412,0.0,0.16666667,1.0,0.54545456,0.42857143,0.31578946,0.25
413,0,6,0.2631579,0.2631579,0.39103797,0.0,0.5,1.0,0.54545456,0.4,0.5263158,0.125
414,0,6,0.21052632,0.21052632,0.31447366,0.0,0.5,1.0,0.54545456,0.42857143,0.6315789,0.0
415,0,6,0.36842105,0.36842105,0.5199787,0.14285715,0.5,1.0,0.54545456,0.4387755,0.5263158,0.5
416,0,6,0.15789473,0.15789473,0.25638524,0.0,0.5,1.0,0.54545456,0.3809524,0.31578946,0.25
417,0,6,0.15789473,0.15789473,0.28894073,0.0,0.33333334,1.0,0.54545456,0.23809524,0.2631579,0.125
418,0,6,0.15789473,0.15789473,0.28417343,0.0,0.33333334,1.0,0.54545456,0.33333334,0.36842105,0.25
419,0,6,0.36842105,0.36842105,0.6034023,0.0,0.5,1.0,0.54545456,0.33673468,0.5263158,0.375
42,1,4,0.5263158,0.5263158,0.49131373,0.0,1.0,0.4,0.36363637,0.75714284,0.84210527,0.5
420,0,6,0.15789473,0.15789473,0.2446956,0.0,0.5,1.0,0.54545456,0.45238096,0.36842105,0.25
421,0,6,0.31578946,0.31578946,0.4402699,0.0,0.5,1.0,0.54545456,0.47619048,0.68421054,0.625
422,0,6,0.21052632,0.21052632,0.34128875,0.0,0.5,1.0,0.54545456,0.35714287,0.31578946,0.25
423,0,6,0.21052632,0.21052632,0.3302723,0.0,0.5,1.0,0.54545456,0.4642857,0.5263158,0.125
424,0,0,0.10526316,0.10526316,0.14518328,0.0,0.33333334,0.27142859,0.0,0.35714287,0.31578946,0.625
425,0,6,0.21052632,0.21052632,0.3300594,0.5,0.5,1.0,0.54545456,0.4107143,0.42105263,0.125
426,0,6,0.15789473,0.15789473,0.24388124,0.0,0.5,1.0,0.54545456,0.3809524,0.31578946,0.125
427,0,6,0.10526316,0.10526316,0.16990715,0.0,0.33333334,1.0,0.54545456,0.35714287,0.31578946,0.375
428,0,6,0.21052632,0.21052632,0.32512826,0.0,0.5,1.0,0.54545456,0.4107143,0.42105263,0.375
429,0,6,0.21052632,0.21052632,0.3167325,0.0,0.5,1.0,0.54545456,0.42857143,0.36842105,0.5
43,1,1,0.42105263,0.42105263,0.39740327,0.21428572,1.0,0.45,0.09090909,0.72321427,0.68421054,0.25
430,0,6,0.2631579,0.2631579,0.38627264,0.0,0.5,1.0,0.54545456,0.44285715,0.42105263,0.375
431,0,6,0.21052632,0.21052632,0.301556,0.0,0.5,1.0,0.54545456,0.39285713,0.36842105,0.125
432,0,6,0.31578946,0.31578946,0.43685138,0.0,0.5,1.0,0.54545456,0.41666666,0.6315789,0.25
433,0,6,0.10526316,0.10526316,0.1553558,0.0,0.33333334,1.0,0.54545456,0.53571427,0.42105263,0.25
434,0,1,0.05263158,0.05263158,0.06277967,0.0,0.16666667,0.45,0.09090909,0.42857143,0.31578946,0.125
435,0,6,0.2631579,0.2631579,0.43538097,0.0,0.5,1.0,0.54545456,0.41428572,0.5263158,0.0
436,0,6,0.21052632,0.21052632,0.24996287,0.0,0.5,1.0,0.54545456,0.5535714,0.57894737,0.375
437,0,6,0.36842105,0.36842105,0.6947285,0.0,0.5,1.0,0.54545456,0.2755102,0.31578946,0.0
438,0,6,0.15789473,0.15789473,0.21243362,0.0,0.5,1.0,0.54545456,0.4047619,0.36842105,0.125
439,0,6,0.10526316,0.10526316,0.15259014,0.0,0.33333334,1.0,0.54545456,0.39285713,0.31578946,0.375
44,1,2,0.5263158,0.5263158,0.48538983,0.26666668,1.0,0.39285713,0.18181819,0.7785714,0.84210527,0.25
440,0,6,0.10526316,0.10526316,0.17128055,0.0,0.33333334,1.0,0.54545456,0.4642857,0.5263158,0.125
441,0,6,0.31578946,0.31578946,0.50452703,0.0,0.5,1.0,0.54545456,0.3809524,0.42105263,0.125
442,0,6,0.42105263,0.42105263,0.6565963,0.10714286,0.5,1.0,0.54545456,0.38392857,0.42105263,0.25
443,0,6,0.15789473,0.15789473,0.27672717,0.0,0.33333334,1.0,0.54545456,0.26190478,0.2631579,0.125
444,0,6,0.21052632,0.21052632,0.3523171,0.0,0.5,1.0,0.54545456,0.3392857,0.36842105,0.25
445,0,6,0.15789473,0.15789473,0.2563892,0.0,0.5,1.0,0.54545456,0.35714287,0.36842105,0.125
446,0,6,0.10526316,0.10526316,0.21387883,0.0,0.33333334,1.0,0.54545456,0.25,0.2631579,0.125
447,0,6,0.15789473,0.15789473,0.2612858,0.0,0.5,1.0,0.54545456,0.42857143,0.36842105,0.625
448,0,6,0.05263158,0.05263158,0.10124282,0.0,0.16666667,1.0,0.54545456,0.2857143,0.21052632,0.5
449,0,6,0.2631579,0.2631579,0.3339184,0.0,0.5,1.0,0.54545456,0.54285717,0.7894737,0.5
45,1,0,0.5263158,0.5263158,0.4992595,0.06666667,1.0,0.27142859,0.0,0.75714284,0.84210527,0.375
450,0,6,0.31578946,0.31578946,0.48580423,0.0,0.5,1.0,0.54545456,0.3452381,0.36842105,0.125
451,0,6,0.42105263,0.42105263,0.6327171,0.0,0.5,1.0,0.54545456,0.36607143,0.36842105,0.25
452,0,6,0.31578946,0.31578946,0.47813442,0.0,0.5,1.0,0.54545456,0.33333334,0.31578946,0.0
453,0,6,0.05263158,0.05263158,0.113756634,0.0,0.16666667,1.0,0.54545456,0.21428572,0.15789473,0.25
454,0,6,0.2631579,0.2631579,0.44970512,0.0,0.5,1.0,0.54545456,0.31428573,0.31578946,0.25
455,0,6,0.21052632,0.21052632,0.29126954,0.0,0.5,1.0,0.54545456,0.44642857,0.6315789,0.125
456,0,6,0.10526316,0.10526316,0.20828114,0.0,0.33333334,1.0,0.54545456,0.25,0.2631579,0.125
457,0,6,0.15789473,0.15789473,0.268036,0.0,0.5,1.0,0.54545456,0.33333334,0.2631579,0.125
458,0,6,0.36842105,0.36842105,0.60414934,0.14285715,0.5,1.0,0.54545456,0.3265306,0.42105263,0.125
459,0,6,0.21052632,0.21052632,0.32400763,0.0,0.5,1.0,0.54545456,0.44642857,0.47368422,0.375
46,1,2,0.5263158,0.5263158,0.50940114,0.0,1.0,0.39285713,0.18181819,0.64285713,0.7894737,0.375
460,0,6,0.2631579,0.2631579,0.41155645,0.0,0.5,1.0,0.54545456,0.3857143,0.36842105,0.375
461,0,6,0.10526316,0.10526316,0.17895608,0.0,0.33333334,1.0,0.54545456,0.32142857,0.31578946,0.125
462,0,6,0.42105263,0.42105263,0.60263366,0.10714286,0.5,1.0,0.54545456,0.45535713,0.6315789,0.5
463,0,0,0.05263158,0.05263158,0.05478328,0.0,0.16666667,0.27142859,0.0,0.64285713,0.47368422,0.25
464,0,10,0.0,0.0,0.0,0.0,0.0,0.0,0.90909094,0.0,0.0,0.125
465,0,6,0.31578946,0.31578946,0.498213,0.0,0.5,1.0,0.54545456,0.30952382,0.2631579,0.25
466,0,6,0.31578946,0.31578946,0.47152492,0.0,0.5,1.0,0.54545456,0.5,0.5263158,0.125
467,0,6,0.15789473,0.15789473,0.27221626,0.0,0.33333334,1.0,0.54545456,0.33333334,0.36842105,0.25
468,0,6,0.15789473,0.15789473,0.294011,0.0,0.33333334,1.0,0.54545456,0.26190478,0.2631579,0.375
469,0,3,0.05263158,0.05263158,0.06282816,0.0,0.16666667,0.19285715,0.27272728,0.42857143,0.31578946,0.0
47,1,8,0.31578946,0.31578946,0.29991007,0.2,0.8333333,0.3,0.72727275,0.6666667,0.68421054,0.125
470,0,6,0.15789473,0.15789473,0.2530166,0.0,0.5,1.0,0.54545456,0.42857143,0.36842105,0.125
471,0,6,0.15789473,0.15789473,0.2267448,0.0,0.5,1.0,0.54545456,0.3809524,0.36842105,0.125
472,0,6,0.21052632,0.21052632,0.33924615,0.0,0.5,1.0,0.54545456,0.3392857,0.31578946,0.125
473,0,6,0.2631579,0.2631579,0.38364226,0.0,0.5,1.0,0.54545456,0.51428574,0.6315789,0.125
474,0,6,0.15789473,0.15789473,0.25728077,0.0,0.5,1.0,0.54545456,0.30952382,0.31578946,0.125
475,0,6,0.15789473,0.15789473,0.20363255,0.0,0.5,1.0,0.54545456,0.42857143,0.42105263,0.125
476,0,6,0.21052632,0.21052632,0.33932385,0.0,0.5,1.0,0.54545456,0.30357143,0.36842105,0.625
477,0,6,0.10526316,0.10526316,0.18104425,0.0,0.33333334,1.0,0.54545456,0.2857143,0.2631579,0.125
478,0,6,0.10526316,0.10526316,0.17619476,0.0,0.33333334,1.0,0.54545456,0.39285713,0.31578946,0.5
479,0,6,0.36842105,0.36842105,0.6307533,0.0,0.5,1.0,0.54545456,0.24489796,0.2631579,0.25
48,1,2,0.42105263,0.42105263,0.42497474,0.10714286,1.0,0.39285713,0.18181819,0.6875,0.84210527,0.375
480,0,6,0.2631579,0.2631579,0.43026778,0.0,0.5,1.0,0.54545456,0.3857143,0.31578946,0.25
481,0,6,0.2631579,0.2631579,0.4208663,0.0,0.5,1.0,0.54545456,0.34285715,0.5263158,0.25
482,0,2,0.05263158,0.05263158,0.049399313,0.0,0.16666667,0.39285713,0.18181819,1.0,0.7368421,0.375
483,0,6,0.15789473,0.15789473,0.2239517,0.0,0.5,1.0,0.54545456,0.47619048,0.57894737,0.0
484,0,6,0.21052632,0.21052632,0.30565527,0.0,0.5,1.0,0.54545456,0.4107143,0.42105263,0.625
485,0,6,0.36842105,0.36842105,0.4832192,0.14285715,0.5,1.0,0.54545456,0.46938777,0.5263158,0.75
486,0,6,0.21052632,0.21052632,0.35606036,0.0,0.5,1.0,0.54545456,0.3392857,0.36842105,0.125
487,0,11,0.0,0.0,0.0,0.0,0.0,0.0,1.0,0.0,0.0,0.25
488,0,6,0.15789473,0.15789473,0.25570083,0.0,0.33333334,1.0,0.54545456,0.3809524,0.36842105,0.75
489,0,6,0.2631579,0.2631579,0.34513515,0.0,0.5,1.0,0.54545456,0.5857143,0.68421054,0.25
49,1,4,0.42105263,0.42105263,0.41226226,0.0,1.0,0.4,0.36363637,0.64285713,0.7368421,0.375
490,0,6,0.15789473,0.15789473,0.23431249,0.0,0.5,1.0,0.54545456,0.4047619,0.36842105,0.125
491,0,6,0.2631579,0.2631579,0.39240482,0.0,0.5,1.0,0.54545456,0.47142857,0.36842105,0.0
492,0,3,0.10526316,0.10526316,0.18667424,0.0,0.33333334,0.19285715,0.27272728,0.21428572,0.15789473,0.125
493,0,6,0.36842105,0.36842105,0.588156,0.0,0.5,1.0,0.54545456,0.30612245,0.2631579,0.125
494,0,6,0.2631579,0.2631579,0.41423997,0.0,0.5,1.0,0.54545456,0.4,0.5263158,0.5
495,0,6,0.15789473,0.15789473,0.2786623,0.0,0.5,1.0,0.54545456,0.35714287,0.36842105,0.0
496,0,6,0.36842105,0.36842105,0.53017366,0.14285715,0.5,1.0,0.54545456,0.3877551,0.42105263,0.125
497,0,6,0.15789473,0.15789473,0.251479,0.0,0.5,1.0,0.54545456,0.2857143,0.31578946,0.25
498,0,6,0.31578946,0.31578946,0.5443219,0.0,0.5,1.0,0.54545456,0.26190478,0.31578946,0.125
499,0,6,0.10526316,0.10526316,0.17024477,0.0,0.33333334,1.0,0.54545456,0.39285713,0.36842105,0.125
5,1,7,0.2631579,0.2631579,0.24615088,0.3,0.8333333,0.22142857,0.6363636,0.7285714,0.6315789,0.25
50,1,1,0.57894737,0.57894737,0.5291007,0.054545455,1.0,0.45,0.09090909,0.8181818,1.0,0.25
500,0,6,0.2631579,0.2631579,0.40639257,0.0,0.5,1.0,0.54545456,0.37142858,0.42105263,0.125
51,1,3,0.42105263,0.42105263,0.40660408,0.0,1.0,0.19285715,0.27272728,0.6785714,0.7368421,0.0
52,1,8,0.57894737,0.57894737,0.5554687,0.054545455,1.0,0.3,0.72727275,0.66233766,0.7894737,0.375
53,1,8,0.47368422,0.47368422,0.4618983,0.0,1.0,0.3,0.72727275,0.65873015,0.84210527,0.125
54,1,1,0.5263158,0.5263158,0.5321909,0.0,1.0,0.45,0.09090909,0.6,0.7894737,0.0
55,1,3,0.36842105,0.36842105,0.357217,0.14285715,1.0,0.19285715,0.27272728,0.67346936,0.57894737,0.625
56,1,3,0.36842105,0.36842105,0.3773236,0.14285715,0.8333333,0.19285715,0.27272728,0.6632653,0.7368421,0.375
57,1,4,0.47368422,0.47368422,0.46041557,0.083333336,1.0,0.4,0.36363637,0.63492066,0.84210527,0.5
58,1,2,0.42105263,0.42105263,0.3892077,0.21428572,1.0,0.39285713,0.18181819,0.8125,0.84210527,0.25
59,1,4,0.2631579,0.2631579,0.2535693,0.0,0.6666667,0.4,0.36363637,0.6571429,0.6315789,0.375
6,1,0,0.36842105,0.36842105,0.4099219,0.0,0.6666667,0.27142859,0.0,0.46938777,0.57894737,0.0
60,1,3,0.42105263,0.42105263,0.3880919,0.21428572,1.0,0.19285715,0.27272728,0.75,0.7368421,0.5
61,1,8,0.42105263,0.42105263,0.4008514,0.0,1.0,0.3,0.72727275,0.71428573,0.7368421,0.25
62,1,4,0.31578946,0.31578946,0.2950834,0.0,0.8333333,0.4,0.36363637,0.72619045,0.84210527,0.125
63,1,1,0.68421054,0.68421054,0.6706957,0.03846154,1.0,0.45,0.09090909,0.5989011,0.7368421,0.625
64,1,3,0.47368422,0.47368422,0.4303841,0.0,1.0,0.19285715,0.27272728,0.82539684,0.84210527,0.375
65,1,3,0.10526316,0.10526316,0.10358837,0.0,0.33333334,0.19285715,0.27272728,0.71428573,0.57894737,0.25
66,1,8,0.36842105,0.36842105,0.35208625,0.0,0.8333333,0.3,0.72727275,0.7346939,1.0,0.125
67,1,1,0.57894737,0.57894737,0.54195213,0.0,1.0,0.45,0.09090909,0.73376626,0.7894737,0.125
68,1,3,0.31578946,0.31578946,0.37085778,0.0,0.8333333,0.19285715,0.27272728,0.53571427,0.5263158,0.125
69,1,2,0.2631579,0.2631579,0.24823458,0.0,0.8333333,0.39285713,0.18181819,0.7,0.57894737,0.375
7,1,1,0.47368422,0.47368422,0.45206785,0.083333336,1.0,0.45,0.09090909,0.73015875,1.0,0.25
70,1,2,0.2631579,0.2631579,0.2515652,0.0,0.8333333,0.39285713,0.18181819,0.71428573,0.84210527,0.25
71,1,7,0.42105263,0.42105263,0.4294927,0.10714286,1.0,0.22142857,0.6363636,0.64285713,0.84210527,0.25
72,1,0,0.84210527,0.84210527,0.823751,0.025,1.0,0.27142859,0.0,0.65178573,0.84210527,0.125
73,1,7,0.5263158,0.5263158,0.49161425,0.2,1.0,0.22142857,0.6363636,0.73571426,0.84210527,0.375
74,1,4,0.42105263,0.42105263,0.39362282,0.32142857,1.0,0.4,0.36363637,0.71428573,0.84210527,0.75
75,1,4,0.31578946,0.31578946,0.3007884,0.2,0.8333333,0.4,0.36363637,0.6666667,0.7368421,0.125
76,1,5,0.31578946,0.31578946,0.294659,0.0,0.8333333,0.25714287,0.45454547,0.78571427,0.7368421,0.125
77,1,7,0.36842105,0.36842105,0.3500273,0.0,1.0,0.22142857,0.6363636,0.70408165,0.7368421,0.125
78,1,5,0.57894737,0.57894737,0.550382,0.10909091,1.0,0.25714287,0.45454547,0.72727275,0.7368421,0.5
79,1,0,0.42105263,0.42105263,0.38977575,0.0,1.0,0.27142859,0.0,0.77678573,0.7368421,0.0
8,1,1,0.31578946,0.31578946,0.3005515,0.2,0.8333333,0.45,0.09090909,0.6666667,0.7368421,0.375
80,1,5,0.5263158,0.5263158,0.5228556,0.06666667,1.0,0.25714287,0.45454547,0.69285715,0.84210527,0.375
81,1,3,0.42105263,0.42105263,0.39167327,0.10714286,1.0,0.19285715,0.27272728,0.7410714,0.7894737,0.5
82,1,4,0.6315789,0.6315789,0.61040103,0.045454547,1.0,0.4,0.36363637,0.6666667,0.7894737,0.5
83,1,0,0.6315789,0.6315789,0.5866417,0.045454547,1.0,0.27142859,0.0,0.77380955,0.84210527,0.625
84,1,0,0.42105263,0.42105263,0.39485306,0.0,1.0,0.27142859,0.0,0.6785714,0.7368421,0.125
85,1,1,0.21052632,0.21052632,0.20062692,0.5,0.6666667,0.45,0.09090909,0.66071427,0.5263158,0.125
86,1,5,0.5263158,0.5263158,0.494643,0.06666667,1.0,0.25714287,0.45454547,0.7785714,0.84210527,0.875
87,1,1,0.31578946,0.31578946,0.28947845,0.2,0.8333333,0.45,0.09090909,0.8452381,0.84210527,0.625
88,1,2,0.42105263,0.42105263,0.39596346,0.0,1.0,0.39285713,0.18181819,0.73214287,1.0,0.0
89,1,7,0.57894737,0.57894737,0.53847075,0.16363636,1.0,0.22142857,0.6363636,0.76623374,0.84210527,0.125
9,1,8,0.36842105,0.36842105,0.35121164,0.0,0.8333333,0.3,0.72727275,0.6938776,0.84210527,0.25
90,1,5,0.57894737,0.57894737,0.5729762,0.0,1.0,0.25714287,0.45454547,0.73376626,0.7894737,0.625
91,1,8,0.5263158,0.5263158,0.5173739,0.06666667,1.0,0.3,0.72727275,0.64285713,0.7368421,0.125
92,1,8,0.36842105,0.36842105,0.36566526,0.14285715,1.0,0.3,0.72727275,0.78571427,0.7894737,0.25
93,1,1,0.36842105,0.36842105,0.34701416,0.0,1.0,0.45,0.09090909,0.70408165,0.84210527,0.125
94,1,8,0.5263158,0.5263158,0.5134267,0.13333334,1.0,0.3,0.72727275,0.73571426,1.0,0.375
95,1,8,0.47368422,0.47368422,0.4720145,0.0,1.0,0.3,0.72727275,0.54761904,0.57894737,0.125
96,1,3,0.5263158,0.5263158,0.5045887,0.13333334,1.0,0.19285715,0.27272728,0.6642857,0.7368421,0.375
97,1,5,0.2631579,0.2631579,0.25950307,0.0,0.8333333,0.25714287,0.45454547,0.55714285,0.6315789,0.5
98,1,4,0.7368421,0.7368421,0.68259245,0.0989011,1.0,0.4,0.36363637,0.7091837,0.84210527,0.375
99,1,0,0.36842105,0.36842105,0.35393545,0.0,1.0,0.27142859,0.0,0.6530612,0.6315789,0.5
