node_id,candidate_group,ml_score,ris_score,fair_ris_score,candidate_group_shortfall_ratio,dynamic_shortfall_bonus,shortfall_weighted_fair_ris_score,fairness_bonus,weak_group_bonus,community_diversity_bonus,cluster_diversity_bonus,cluster_coverage_bonus,ingroup_ris_score,protected_group_coverage_bonus,spread_proxy_score,under_served_group_bonus,over_served_group_penalty,parity_adjusted_score,base_combined_score,target_deficit_adjusted_score,combined_score,score_normalization
1,1,0.806154116843346,0.0,0.0,0.0,0.0,0.0,0.09090909090909091,0.09090909090909091,0.8333333333333334,0.0,0.0,0.0,0.0,0.6107933752163384,0.0,0.0,1.3343828076344535,1.3343828076344535,1.3343828076344535,1.3343828076344535,global
10,1,0.8668674540144816,0.5,0.25,0.0,0.0,0.25,0.0,0.0,0.5,0.0,0.0,0.0,0.0,0.4869914497831161,0.0,0.0,1.7266037977233837,1.7266037977233837,1.7266037977233837,1.7266037977233837,global
100,1,0.3813210230353623,0.0,0.0,0.0,0.0,0.0,0.0,0.0,0.8333333333333334,0.0,0.0,0.0,0.0,0.6044607582043787,0.0,0.0,0.9253756860731718,0.9253756860731718,0.9253756860731718,0.9253756860731718,global
101,1,0.48178670489198544,0.0,0.0,0.0,0.0,0.0,0.0,0.0,0.5,0.0,0.0,0.0,0.0,0.4023277227324561,0.0,0.0,0.7481817825173722,0.7481817825173722,0.7481817825173722,0.7481817825173722,global
102,1,0.476457620547959,0.0,0.0,0.0,0.0,0.0,0.0,0.0,0.8333333333333334,0.0,0.0,0.0,0.0,0.8060725435702892,0.0,0.0,1.0726160184783535,1.0726160184783535,1.0726160184783535,1.0726160184783535,global
103,1,0.7981709267003787,0.0,0.0,0.0,0.0,0.0,0.0,0.0,0.5,0.0,0.0,0.0,0.0,0.3771280310574876,0.0,0.0,0.9595708611132601,0.9595708611132601,0.9595708611132601,0.9595708611132601,global
104,1,0.41921729053278123,0.0,0.0,0.0,0.0,0.0,0.1111111111111111,0.1111111111111111,0.6666666666666666,0.0,0.0,0.0,0.0,0.5100307021048163,0.0,0.0,0.9641310508815399,0.9641310508815399,0.9641310508815399,0.9641310508815399,global
105,1,0.8347151484535954,0.0,0.0,0.0,0.0,0.0,0.0,0.0,0.8333333333333334,0.0,0.0,0.0,0.0,0.7456305437354583,0.0,0.0,1.2992194880783667,1.2992194880783667,1.2992194880783667,1.2992194880783667,global
106,1,0.5504081266203944,0.0,0.0,0.0,0.0,0.0,0.0,0.0,0.3333333333333333,0.0,0.0,0.0,0.0,0.30522313306532617,0.0,0.0,0.6740416085270732,0.6740416085270732,0.6740416085270732,0.6740416085270732,global
107,1,0.7595074859559543,0.0,0.0,0.0,0.0,0.0,0.125,0.125,0.5,0.0,0.0,0.0,0.0,0.38988141851657765,0.0,0.0,1.0876078075757991,1.0876078075757991,1.0876078075757991,1.0876078075757991,global
108,1,0.8269573113681379,0.0,0.0,0.0,0.0,0.0,0.0,0.0,0.6666666666666666,0.0,0.0,0.0,0.0,0.5540964260094746,0.0,0.0,1.1338420216948197,1.1338420216948197,1.1338420216948197,1.1338420216948197,global
109,1,0.7613843632893117,0.0,0.0,0.0,0.0,0.0,0.0,0.0,0.3333333333333333,0.0,0.0,0.0,0.0,0.331761511786972,0.0,0.0,0.8323403256839736,0.8323403256839736,0.8323403256839736,0.8323403256839736,global
11,1,0.7963503876313986,0.5,0.25,0.0,0.0,0.25,0.14285714285714285,0.14285714285714285,0.5,0.0,0.0,0.0,0.0,0.36034199116711885,0.0,0.0,1.798010639237398,1.798010639237398,1.798010639237398,1.798010639237398,global
110,1,0.8957023360541533,0.0,0.0,0.0,0.0,0.0,0.0,0.0,0.6666666666666666,0.0,0.0,0.0,0.0,0.615426718966497,0.0,0.0,1.2064956561578393,1.2064956561578393,1.2064956561578393,1.2064956561578393,global
111,1,0.5076646629616877,0.0,0.0,0.0,0.0,0.0,0.0,0.0,0.3333333333333333,0.0,0.0,0.0,0.0,0.27202787516809546,0.0,0.0,0.6308430808070862,0.6308430808070862,0.6308430808070862,0.6308430808070862,global
112,1,0.3904802018463523,0.5,0.25,0.0,0.0,0.25,0.5,0.5,0.16666666666666666,0.0,0.0,0.0,0.0,0.09407153392734362,0.0,0.0,1.6692980881967172,1.6692980881967172,1.6692980881967172,1.6692980881967172,global
113,1,0.4821728688458818,0.0,0.0,0.0,0.0,0.0,0.0,0.0,0.5,0.0,0.0,0.0,0.0,0.4514597200585881,0.0,0.0,0.7681048962155524,0.7681048962155524,0.7681048962155524,0.7681048962155524,global
114,1,0.8408185572289589,0.0,0.0,0.0,0.0,0.0,0.0,0.0,0.6666666666666666,0.0,0.0,0.0,0.0,0.6033967590842256,0.0,0.0,1.1632650270272946,1.1632650270272946,1.1632650270272946,1.1632650270272946,global
115,1,0.8898961551838944,0.5,0.25,0.0,0.0,0.25,0.0,0.0,0.5,0.0,0.0,0.0,0.0,0.6004980210911126,0.0,0.0,1.788126517065171,1.788126517065171,1.788126517065171,1.788126517065171,global
116,1,0.20916310288726525,0.0,0.0,0.0,0.0,0.0,0.2,0.2,0.6666666666666666,0.0,0.0,0.0,0.0,0.34153210494555175,0.0,0.0,0.8563603473326395,0.8563603473326395,0.8563603473326395,0.8563603473326395,global
117,1,0.5029184545913136,0.5,0.25,0.0,0.0,0.25,0.25,0.25,0.3333333333333333,0.0,0.0,0.0,0.0,0.21459053384750607,0.0,0.0,1.5795457984195886,1.5795457984195886,1.5795457984195886,1.5795457984195886,global
118,1,0.7911296600651858,0.0,0.0,0.0,0.0,0.0,0.0,0.0,0.3333333333333333,0.0,0.0,0.0,0.0,0.35242593473410416,0.0,0.0,0.8614278026059383,0.8614278026059383,0.8614278026059383,0.8614278026059383,global
119,1,0.7998725455669745,0.5,0.25,0.0,0.0,0.25,0.0,0.0,0.3333333333333333,0.0,0.0,0.0,0.0,0.3326661067454967,0.0,0.0,1.5346438912617475,1.5346438912617475,1.5346438912617475,1.5346438912617475,global
12,1,0.4905423318440296,0.0,0.0,0.0,0.0,0.0,0.0,0.0,0.3333333333333333,0.0,0.0,0.0,0.0,0.2808014014456602,0.0,0.0,0.6223668595357514,0.6223668595357514,0.6223668595357514,0.6223668595357514,global
120,1,0.3714481052074979,0.0,0.0,0.0,0.0,0.0,0.14285714285714285,0.14285714285714285,0.6666666666666666,0.0,0.0,0.0,0.0,0.4028022579090526,0.0,0.0,0.9258964815707743,0.9258964815707743,0.9258964815707743,0.9258964815707743,global
121,1,0.5616430365097544,0.5,0.25,0.0,0.0,0.25,0.0,0.0,0.5,0.0,0.0,0.0,0.0,0.36401288133226756,0.0,0.0,1.463755278089735,1.463755278089735,1.463755278089735,1.463755278089735,global
122,1,0.5046354648394145,1.0,0.5,0.0,0.0,0.5,0.0,0.0,0.16666666666666666,0.0,0.0,0.0,0.0,0.18365775973356552,0.0,0.0,1.8600412626143494,1.8600412626143494,1.8600412626143494,1.8600412626143494,global
123,1,0.8000125200176442,0.0,0.0,0.0,0.0,0.0,0.0,0.0,0.8333333333333334,0.0,0.0,0.0,0.0,0.5387869891116697,0.0,0.0,1.1921902263236854,1.1921902263236854,1.1921902263236854,1.1921902263236854,global
124,1,0.4771768409294732,0.0,0.0,0.0,0.0,0.0,0.0,0.0,0.8333333333333334,0.0,0.0,0.0,0.0,0.6641461345953745,0.0,0.0,1.0163489091554478,1.0163489091554478,1.0163489091554478,1.0163489091554478,global
125,1,0.38912684928673924,0.0,0.0,0.0,0.0,0.0,0.0,0.0,0.3333333333333333,0.0,0.0,0.0,0.0,0.4702141794444623,0.0,0.0,0.627141132945169,0.627141132945169,0.627141132945169,0.627141132945169,global
126,1,0.45686555350556957,0.5,0.25,0.0,0.0,0.25,0.14285714285714285,0.14285714285714285,0.5,0.0,0.0,0.0,0.0,0.3593719592775375,0.0,0.0,1.559983242593485,1.559983242593485,1.559983242593485,1.559983242593485,global
127,1,0.4774283665956273,0.0,0.0,0.0,0.0,0.0,0.09090909090909091,0.09090909090909091,0.5,0.0,0.0,0.0,0.0,0.5238369370389808,0.0,0.0,0.9028255405234406,0.9028255405234406,0.9028255405234406,0.9028255405234406,global
128,1,0.41317203504319905,0.0,0.0,0.0,0.0,0.0,0.0,0.0,0.8333333333333334,0.0,0.0,0.0,0.0,0.5732280691263235,0.0,0.0,0.9351783188474354,0.9351783188474354,0.9351783188474354,0.9351783188474354,global
129,1,0.8748766352639529,0.5,0.25,0.0,0.0,0.25,0.0,0.0,0.5,0.0,0.0,0.0,0.0,0.4920933149473464,0.0,0.0,1.7342509706637057,1.7342509706637057,1.7342509706637057,1.7342509706637057,global
13,1,0.44048549354125544,0.0,0.0,0.0,0.0,0.0,0.0,0.0,0.3333333333333333,0.0,0.0,0.0,0.0,0.2705518571034966,0.0,0.0,0.5832272549869442,0.5832272549869442,0.5832272549869442,0.5832272549869442,global
130,1,0.37134508459261184,0.0,0.0,0.0,0.0,0.0,0.0,0.0,0.8333333333333334,0.0,0.0,0.0,0.0,0.49735236806272554,0.0,0.0,0.8755491731065852,0.8755491731065852,0.8755491731065852,0.8755491731065852,global
131,1,0.5352876915103952,0.0,0.0,0.0,0.0,0.0,0.0,0.0,0.6666666666666666,0.0,0.0,0.0,0.0,0.5709633507476549,0.0,0.0,0.936420057689672,0.936420057689672,0.936420057689672,0.936420057689672,global
132,1,0.20802127292206413,0.0,0.0,0.0,0.0,0.0,0.2,0.2,1.0,0.0,0.0,0.0,0.0,0.6250539932170545,0.0,0.0,1.1356364883322667,1.1356364883322667,1.1356364883322667,1.1356364883322667,global
133,1,0.45600247452758125,0.0,0.0,0.0,0.0,0.0,0.0,0.0,0.16666666666666666,0.0,0.0,0.0,0.0,0.23736565522331698,0.0,0.0,0.49748132759196695,0.49748132759196695,0.49748132759196695,0.49748132759196695,global
134,1,0.8781295892249004,0.0,0.0,0.0,0.0,0.0,0.0,0.0,0.6666666666666666,0.0,0.0,0.0,0.0,0.6041308776931644,0.0,0.0,1.1896763968680295,1.1896763968680295,1.1896763968680295,1.1896763968680295,global
135,1,0.8050852870390102,0.0,0.0,0.0,0.0,0.0,0.0,0.0,0.3333333333333333,0.0,0.0,0.0,0.0,0.4146125705655652,0.0,0.0,0.8960713958201998,0.8960713958201998,0.8960713958201998,0.8960713958201998,global
136,1,0.5655912888701127,0.0,0.0,0.0,0.0,0.0,0.0,0.0,0.5,0.0,0.0,0.0,0.0,0.34462873444849296,0.0,0.0,0.783765395988476,0.783765395988476,0.783765395988476,0.783765395988476,global
137,1,0.8484444059579239,0.5,0.25,0.0,0.0,0.25,0.0,0.0,0.6666666666666666,0.0,0.0,0.0,0.0,0.493885727111026,0.0,0.0,1.7997987083482903,1.7997987083482903,1.7997987083482903,1.7997987083482903,global
138,1,0.8630055240720934,0.0,0.0,0.0,0.0,0.0,0.0,0.0,0.8333333333333334,0.0,0.0,0.0,0.0,0.7379562632065787,0.0,0.0,1.3159530387997636,1.3159530387997636,1.3159530387997636,1.3159530387997636,global
139,1,0.35810334183737413,0.5,0.25,0.0,0.0,0.25,0.0,0.0,0.8333333333333334,0.0,0.0,0.0,0.0,0.8798029478716382,0.0,0.0,1.6942601851014838,1.6942601851014838,1.6942601851014838,1.6942601851014838,global
14,1,0.4619108774033084,0.5,0.25,0.0,0.0,0.25,0.0,0.0,0.5,0.0,0.0,0.0,0.0,0.4710152867101239,0.0,0.0,1.4367437288663654,1.4367437288663654,1.4367437288663654,1.4367437288663654,global
140,1,0.4628267009032944,0.5,0.25,0.0,0.0,0.25,0.0,0.0,0.3333333333333333,0.0,0.0,0.0,0.0,0.28665974590214793,0.0,0.0,1.280309255659832,1.280309255659832,1.280309255659832,1.280309255659832,global
141,1,0.4640854908477636,0.0,0.0,0.0,0.0,0.0,0.0,0.0,0.6666666666666666,0.0,0.0,0.0,0.0,0.7955956715355413,0.0,0.0,0.9764314455409844,0.9764314455409844,0.9764314455409844,0.9764314455409844,global
142,1,0.21043958929042264,0.0,0.0,0.0,0.0,0.0,0.0,0.0,0.5,0.0,0.0,0.0,0.0,0.2822846959206998,0.0,0.0,0.5102215908715757,0.5102215908715757,0.5102215908715757,0.5102215908715757,global
143,1,0.4166113554019003,0.0,0.0,0.0,0.0,0.0,0.0,0.0,0.0,0.0,0.0,0.0,0.0,0.038951622419377246,0.0,0.0,0.3072085977490811,0.3072085977490811,0.3072085977490811,0.3072085977490811,global
144,1,0.4932283820196792,0.0,0.0,0.0,0.0,0.0,0.0,0.0,0.6666666666666666,0.0,0.0,0.0,0.0,0.5066313179981924,0.0,0.0,0.8812457279463857,0.8812457279463857,0.8812457279463857,0.8812457279463857,global
145,1,0.4885649023248954,0.0,0.0,0.0,0.0,0.0,0.0,0.0,0.8333333333333334,0.0,0.0,0.0,0.0,0.4442202236889629,0.0,0.0,0.9363501877696787,0.9363501877696787,0.9363501877696787,0.9363501877696787,global
146,1,0.8404577309738611,0.0,0.0,0.0,0.0,0.0,0.0,0.0,0.5,0.0,0.0,0.0,0.0,0.5321257102690531,0.0,0.0,1.051170695789324,1.051170695789324,1.051170695789324,1.051170695789324,global
147,1,0.7953062421181561,0.0,0.0,0.0,0.0,0.0,0.0,0.0,0.3333333333333333,0.0,0.0,0.0,0.0,0.2331442904864389,0.0,0.0,0.8166387523439514,0.8166387523439514,0.8166387523439514,0.8166387523439514,global
148,1,0.8699775294905131,0.0,0.0,0.0,0.0,0.0,0.0,0.0,0.3333333333333333,0.0,0.0,0.0,0.0,0.4315986533921501,0.0,0.0,0.9482903986668858,0.9482903986668858,0.9482903986668858,0.9482903986668858,global
149,1,0.48063699773389135,1.0,0.5,0.0,0.0,0.5,0.0,0.0,0.5,0.0,0.0,0.0,0.0,0.48408280146603483,0.0,0.0,2.1300790190001377,2.1300790190001377,2.1300790190001377,2.1300790190001377,global
15,1,0.3824721096097234,0.0,0.0,0.0,0.0,0.0,0.0,0.0,0.5,0.0,0.0,0.0,0.0,0.4834284798456444,0.0,0.0,0.7111018686650641,0.7111018686650641,0.7111018686650641,0.7111018686650641,global
150,1,0.33999353017470363,0.5,0.25,0.0,0.0,0.25,0.1111111111111111,0.1111111111111111,0.8333333333333334,0.0,0.0,0.0,0.0,0.5312133502058465,0.0,0.0,1.675480811204631,1.675480811204631,1.675480811204631,1.675480811204631,global
151,1,0.3630775531965077,0.0,0.0,0.0,0.0,0.0,0.0,0.0,0.6666666666666666,0.0,0.0,0.0,0.0,0.4451031131524199,0.0,0.0,0.7655288658318568,0.7655288658318568,0.7655288658318568,0.7655288658318568,global
152,1,0.7850200076161928,0.0,0.0,0.0,0.0,0.0,0.0,0.0,0.5,0.0,0.0,0.0,0.0,0.363233170667254,0.0,0.0,0.9448072735982366,0.9448072735982366,0.9448072735982366,0.9448072735982366,global
153,1,0.5190636507859614,0.0,0.0,0.0,0.0,0.0,0.0,0.0,0.3333333333333333,0.0,0.0,0.0,0.0,0.41456048152618147,0.0,0.0,0.6958354148273123,0.6958354148273123,0.6958354148273123,0.6958354148273123,global
154,1,0.4320312690435449,0.0,0.0,0.0,0.0,0.0,0.0,0.0,0.3333333333333333,0.0,0.0,0.0,0.0,0.2689155968087661,0.0,0.0,0.5766547937206545,0.5766547937206545,0.5766547937206545,0.5766547937206545,global
155,1,0.3779514720994275,0.0,0.0,0.0,0.0,0.0,0.0,0.0,0.8333333333333334,0.0,0.0,0.0,0.0,0.5888481449518027,0.0,0.0,0.916771955116987,0.916771955116987,0.916771955116987,0.916771955116987,global
156,1,0.4955140384736258,0.5,0.25,0.0,0.0,0.25,0.0,0.0,0.16666666666666666,0.0,0.0,0.0,0.0,0.23670605360287258,0.0,0.0,1.1998755817060203,1.1998755817060203,1.1998755817060203,1.1998755817060203,global
157,1,0.3571603293167575,0.0,0.0,0.0,0.0,0.0,0.0,0.0,0.3333333333333333,0.0,0.0,0.0,0.0,0.23685031256458514,0.0,0.0,0.511419022214231,0.511419022214231,0.511419022214231,0.511419022214231,global
158,1,0.38771962689185807,0.0,0.0,0.0,0.0,0.0,0.1111111111111111,0.1111111111111111,0.6666666666666666,0.0,0.0,0.0,0.0,0.4846456247086631,0.0,0.0,0.9319286553744325,0.9319286553744325,0.9319286553744325,0.9319286553744325,global
159,1,0.5574297184235689,0.5,0.25,0.0,0.0,0.25,0.0,0.0,0.6666666666666666,0.0,0.0,0.0,0.0,0.48847449472497073,0.0,0.0,1.5939239341198197,1.5939239341198197,1.5939239341198197,1.5939239341198197,global
16,1,0.39251317102044625,0.0,0.0,0.0,0.0,0.0,0.25,0.25,0.16666666666666666,0.0,0.0,0.0,0.0,0.15872271809396077,0.0,0.0,0.72158164028523,0.72158164028523,0.72158164028523,0.72158164028523,global
160,1,0.19917068405016727,0.0,0.0,0.0,0.0,0.0,0.0,0.0,0.0,0.0,0.0,0.0,0.0,0.02493984371471079,0.0,0.0,0.1493954163210014,0.1493954163210014,0.1493954163210014,0.1493954163210014,global
161,1,0.8278074673937303,0.5,0.25,0.0,0.0,0.25,0.0,0.0,0.6666666666666666,0.0,0.0,0.0,0.0,0.42537004359108593,0.0,0.0,1.7579465779453787,1.7579465779453787,1.7579465779453787,1.7579465779453787,global
162,1,0.38502054486252835,0.0,0.0,0.0,0.0,0.0,0.0,0.0,0.6666666666666666,0.0,0.0,0.0,0.0,0.5542144298183898,0.0,0.0,0.8245334866644591,0.8245334866644591,0.8245334866644591,0.8245334866644591,global
163,1,0.4240986090964626,0.5,0.25,0.0,0.0,0.25,0.0,0.0,0.6666666666666666,0.0,0.0,0.0,0.0,0.6085080382272722,0.0,0.0,1.548605574991766,1.548605574991766,1.548605574991766,1.548605574991766,global
164,1,0.5175311193133542,0.0,0.0,0.0,0.0,0.0,0.0,0.0,0.3333333333333333,0.0,0.0,0.0,0.0,0.2498410840885009,0.0,0.0,0.628874883821415,0.628874883821415,0.628874883821415,0.628874883821415,global
165,1,0.7395319774917744,0.5,0.25,0.0,0.0,0.25,0.0,0.0,0.3333333333333333,0.0,0.0,0.0,0.0,0.264406586398231,0.0,0.0,1.465101685470201,1.465101685470201,1.465101685470201,1.465101685470201,global
166,1,0.5062611432104704,0.0,0.0,0.0,0.0,0.0,0.0,0.0,0.3333333333333333,0.0,0.0,0.0,0.0,0.28340834912769347,0.0,0.0,0.6344128065650733,0.6344128065650733,0.6344128065650733,0.6344128065650733,global
167,1,0.8781976888279751,1.0,0.5,0.0,0.0,0.5,0.0,0.0,0.8333333333333334,0.0,0.0,0.0,0.0,0.5963907977138536,0.0,0.0,2.6199613679317904,2.6199613679317904,2.6199613679317904,2.6199613679317904,global
168,1,0.3224133417576947,0.0,0.0,0.0,0.0,0.0,0.125,0.125,0.6666666666666666,0.0,0.0,0.0,0.0,0.46935953900146576,0.0,0.0,0.8967664881643059,0.8967664881643059,0.8967664881643059,0.8967664881643059,global
169,1,0.8085062393811039,0.0,0.0,0.0,0.0,0.0,0.0,0.0,0.3333333333333333,0.0,0.0,0.0,0.0,0.2608729617856333,0.0,0.0,0.8369702189476926,0.8369702189476926,0.8369702189476926,0.8369702189476926,global
17,1,0.7783204006100722,0.0,0.0,0.0,0.0,0.0,0.0,0.0,0.3333333333333333,0.0,0.0,0.0,0.0,0.3507379445415178,0.0,0.0,0.8517861249103243,0.8517861249103243,0.8517861249103243,0.8517861249103243,global
170,1,0.4361559414843633,0.0,0.0,0.0,0.0,0.0,0.0,0.0,0.6666666666666666,0.0,0.0,0.0,0.0,0.3948509644843339,0.0,0.0,0.7965828781661213,0.7965828781661213,0.7965828781661213,0.7965828781661213,global
171,1,0.7780111209628456,0.5,0.25,0.0,0.0,0.25,0.0,0.0,0.16666666666666666,0.0,0.0,0.0,0.0,0.1480273068562799,0.0,0.0,1.362152040749837,1.362152040749837,1.362152040749837,1.362152040749837,global
172,1,0.7798543114989465,0.0,0.0,0.0,0.0,0.0,0.0,0.0,0.5,0.0,0.0,0.0,0.0,0.4204011690329308,0.0,0.0,0.9640584856624348,0.9640584856624348,0.9640584856624348,0.9640584856624348,global
173,1,0.8941968847008923,0.5,0.25,0.0,0.0,0.25,0.0,0.0,0.3333333333333333,0.0,0.0,0.0,0.0,0.5869025972347724,0.0,0.0,1.7023655248512002,1.7023655248512002,1.7023655248512002,1.7023655248512002,global
174,1,0.5053708752118515,0.5,0.25,0.0,0.0,0.25,0.0,0.0,0.5,0.0,0.0,0.0,0.0,0.33626306716606064,0.0,0.0,1.4132648395147203,1.4132648395147203,1.4132648395147203,1.4132648395147203,global
175,1,0.5745458058675975,0.0,0.0,0.0,0.0,0.0,0.0,0.0,0.0,0.0,0.0,0.0,0.0,0.0,0.0,0.0,0.4021820641073182,0.4021820641073182,0.4021820641073182,0.4021820641073182,global
176,1,0.5306324520127852,0.0,0.0,0.0,0.0,0.0,0.0,0.0,0.5,0.0,0.0,0.0,0.0,0.4246353167808479,0.0,0.0,0.7912968431212888,0.7912968431212888,0.7912968431212888,0.7912968431212888,global
177,1,0.7523195655913252,0.0,0.0,0.0,0.0,0.0,0.0,0.0,0.0,0.0,0.0,0.0,0.0,0.13115251311266551,0.0,0.0,0.5790847011589938,0.5790847011589938,0.5790847011589938,0.5790847011589938,global
178,1,0.5337676473850469,0.0,0.0,0.0,0.0,0.0,0.0,0.0,0.6666666666666666,0.0,0.0,0.0,0.0,0.5024813141427539,0.0,0.0,0.9079632121599677,0.9079632121599677,0.9079632121599677,0.9079632121599677,global
179,1,0.48690081810093255,0.5,0.25,0.0,0.0,0.25,0.0,0.0,0.6666666666666666,0.0,0.0,0.0,0.0,0.5057378621904429,0.0,0.0,1.5514590508801631,1.5514590508801631,1.5514590508801631,1.5514590508801631,global
18,1,0.4295142336610276,0.0,0.0,0.0,0.0,0.0,0.06666666666666667,0.06666666666666667,0.5,0.0,0.0,0.0,0.0,0.698579769058572,0.0,0.0,0.9100918711861481,0.9100918711861481,0.9100918711861481,0.9100918711861481,global
180,1,0.4156976736271709,0.0,0.0,0.0,0.0,0.0,0.2,0.2,0.8333333333333334,0.0,0.0,0.0,0.0,0.6131178751107633,0.0,0.0,1.1929021882499917,1.1929021882499917,1.1929021882499917,1.1929021882499917,global
181,1,0.49772865498982327,0.0,0.0,0.0,0.0,0.0,0.0,0.0,0.6666666666666666,0.0,0.0,0.0,0.0,0.5832340793449523,0.0,0.0,0.9150370235641905,0.9150370235641905,0.9150370235641905,0.9150370235641905,global
182,1,0.45513246216783,0.0,0.0,0.0,0.0,0.0,0.1,0.1,0.6666666666666666,0.0,0.0,0.0,0.0,0.5474908291507019,0.0,0.0,0.990922388511095,0.990922388511095,0.990922388511095,0.990922388511095,global
183,1,0.5065535068582127,0.0,0.0,0.0,0.0,0.0,0.0,0.0,0.5,0.0,0.0,0.0,0.0,0.418222134114702,0.0,0.0,0.7718763084466296,0.7718763084466296,0.7718763084466296,0.7718763084466296,global
184,1,0.5016786497707292,0.0,0.0,0.0,0.0,0.0,0.0,0.0,0.5,0.0,0.0,0.0,0.0,0.3452258886567677,0.0,0.0,0.7392654103022175,0.7392654103022175,0.7392654103022175,0.7392654103022175,global
185,1,0.5193934038746242,0.5,0.25,0.0,0.0,0.25,0.0,0.0,0.6666666666666666,0.0,0.0,0.0,0.0,0.6667387970714884,0.0,0.0,1.6386042348741654,1.6386042348741654,1.6386042348741654,1.6386042348741654,global
186,1,0.4662876200167022,0.5,0.25,0.0,0.0,0.25,0.0,0.0,0.3333333333333333,0.0,0.0,0.0,0.0,0.23693971449224557,0.0,0.0,1.2628438864752565,1.2628438864752565,1.2628438864752565,1.2628438864752565,global
187,1,0.5075176462279708,0.0,0.0,0.0,0.0,0.0,0.0,0.0,0.8333333333333334,0.0,0.0,0.0,0.0,0.5821946089129065,0.0,0.0,1.0048068625914088,1.0048068625914088,1.0048068625914088,1.0048068625914088,global
188,1,0.4511466025639827,0.0,0.0,0.0,0.0,0.0,0.0,0.0,0.8333333333333334,0.0,0.0,0.0,0.0,0.47951314558323505,0.0,0.0,0.9242745466947486,0.9242745466947486,0.9242745466947486,0.9242745466947486,global
189,1,0.48992711218895957,0.0,0.0,0.0,0.0,0.0,0.0,0.0,0.3333333333333333,0.0,0.0,0.0,0.0,0.25075199793461295,0.0,0.0,0.6099164443727835,0.6099164443727835,0.6099164443727835,0.6099164443727835,global
19,1,0.5186650720856624,0.0,0.0,0.0,0.0,0.0,0.0,0.0,0.6666666666666666,0.0,0.0,0.0,0.0,0.48402190880795687,0.0,0.0,0.8900076473164797,0.8900076473164797,0.8900076473164797,0.8900076473164797,global
190,1,0.5578906975597345,0.0,0.0,0.0,0.0,0.0,0.0,0.0,0.5,0.0,0.0,0.0,0.0,0.4513554943655673,0.0,0.0,0.8210656860380411,0.8210656860380411,0.8210656860380411,0.8210656860380411,global
191,1,0.4326141813176253,0.0,0.0,0.0,0.0,0.0,0.0,0.0,0.16666666666666666,0.0,0.0,0.0,0.0,0.17003871295499653,0.0,0.0,0.4541787454376696,0.4541787454376696,0.4541787454376696,0.4541787454376696,global
192,1,0.46709167449863526,0.0,0.0,0.0,0.0,0.0,0.0,0.0,0.3333333333333333,0.0,0.0,0.0,0.0,0.40591277281029,0.0,0.0,0.6559959479398274,0.6559959479398274,0.6559959479398274,0.6559959479398274,global
193,1,0.5146292993932075,0.0,0.0,0.0,0.0,0.0,0.0,0.0,0.5,0.0,0.0,0.0,0.0,0.48696009192882256,0.0,0.0,0.8050245463467742,0.8050245463467742,0.8050245463467742,0.8050245463467742,global
194,1,0.42789788449998767,0.0,0.0,0.0,0.0,0.0,0.1111111111111111,0.1111111111111111,0.5,0.0,0.0,0.0,0.0,0.4592171641956837,0.0,0.0,0.8665487181615982,0.8665487181615982,0.8665487181615982,0.8665487181615982,global
195,1,0.5356469568470856,0.0,0.0,0.0,0.0,0.0,0.0,0.0,0.3333333333333333,0.0,0.0,0.0,0.0,0.23359730623707883,0.0,0.0,0.6350584589544581,0.6350584589544581,0.6350584589544581,0.6350584589544581,global
196,1,0.42838921079402664,0.0,0.0,0.0,0.0,0.0,0.0,0.0,0.6666666666666666,0.0,0.0,0.0,0.0,0.8068892705426138,0.0,0.0,0.9559614891061976,0.9559614891061976,0.9559614891061976,0.9559614891061976,global
197,1,0.3334605058330341,0.0,0.0,0.0,0.0,0.0,0.1,0.1,0.8333333333333334,0.0,0.0,0.0,0.0,0.5922093390668894,0.0,0.0,1.0069727563765465,1.0069727563765465,1.0069727563765465,1.0069727563765465,global
198,1,0.4518544246110804,0.0,0.0,0.0,0.0,0.0,0.0,0.0,0.16666666666666666,0.0,0.0,0.0,0.0,0.14787414532116838,0.0,0.0,0.4587810886895569,0.4587810886895569,0.4587810886895569,0.4587810886895569,global
199,1,0.18790450134201775,0.0,0.0,0.0,0.0,0.0,0.14285714285714285,0.14285714285714285,0.5,0.0,0.0,0.0,0.0,0.355528892513445,0.0,0.0,0.6951732793733618,0.6951732793733618,0.6951732793733618,0.6951732793733618,global
2,1,0.45853682521429184,0.5,0.25,0.0,0.0,0.25,0.0,0.0,0.8333333333333334,0.0,0.0,0.0,0.0,0.6711832068403442,0.0,0.0,1.6811157270528088,1.6811157270528088,1.6811157270528088,1.6811157270528088,global
20,1,0.7881093192473636,0.0,0.0,0.0,0.0,0.0,0.0,0.0,0.5,0.0,0.0,0.0,0.0,0.3494562833790107,0.0,0.0,0.9414590368247587,0.9414590368247587,0.9414590368247587,0.9414590368247587,global
200,1,0.41680552639169083,0.5,0.25,0.0,0.0,0.25,0.0,0.0,0.5,0.0,0.0,0.0,0.0,0.4597327448138385,0.0,0.0,1.400656966399719,1.400656966399719,1.400656966399719,1.400656966399719,global
201,1,0.37366464564638346,0.5,0.25,0.0,0.0,0.25,0.0,0.0,0.16666666666666666,0.0,0.0,0.0,0.0,0.17307234556914977,0.0,0.0,1.0891275235134614,1.0891275235134614,1.0891275235134614,1.0891275235134614,global
202,1,0.7711979662176963,0.0,0.0,0.0,0.0,0.0,0.0,0.0,0.16666666666666666,0.0,0.0,0.0,0.0,0.1494449112813628,0.0,0.0,0.6829498741982659,0.6829498741982659,0.6829498741982659,0.6829498741982659,global
203,1,0.5251790387025908,0.0,0.0,0.0,0.0,0.0,0.0,0.0,0.6666666666666666,0.0,0.0,0.0,0.0,0.5622297590164235,0.0,0.0,0.9258505640317162,0.9258505640317162,0.9258505640317162,0.9258505640317162,global
204,1,0.828786707741569,0.0,0.0,0.0,0.0,0.0,0.0,0.0,0.5,0.0,0.0,0.0,0.0,0.5002814870526724,0.0,0.0,1.0302632902401672,1.0302632902401672,1.0302632902401672,1.0302632902401672,global
205,1,0.756036584224825,0.5,0.25,0.0,0.0,0.25,0.0,0.0,0.3333333333333333,0.0,0.0,0.0,0.0,0.2658157133073306,0.0,0.0,1.4772185609469766,1.4772185609469766,1.4772185609469766,1.4772185609469766,global
206,1,0.3764907065731309,0.0,0.0,0.0,0.0,0.0,0.0,0.0,1.0,0.0,0.0,0.0,0.0,0.8858409973521225,0.0,0.0,1.1178798935420406,1.1178798935420406,1.1178798935420406,1.1178798935420406,global
207,1,0.48567785667897656,0.0,0.0,0.0,0.0,0.0,0.0,0.0,0.6666666666666666,0.0,0.0,0.0,0.0,0.4636562730605595,0.0,0.0,0.8587703422328407,0.8587703422328407,0.8587703422328407,0.8587703422328407,global
208,1,0.4370940171467613,0.0,0.0,0.0,0.0,0.0,0.16666666666666666,0.16666666666666666,0.3333333333333333,0.0,0.0,0.0,0.0,0.29121688747651625,0.0,0.0,0.7891192336600061,0.7891192336600061,0.7891192336600061,0.7891192336600061,global
209,1,0.5418367969417035,0.0,0.0,0.0,0.0,0.0,0.0,0.0,0.5,0.0,0.0,0.0,0.0,0.35108762590416126,0.0,0.0,0.7697208082208569,0.7697208082208569,0.7697208082208569,0.7697208082208569,global
21,1,0.5002949500532428,0.5,0.25,0.0,0.0,0.25,0.0,0.0,0.8333333333333334,0.0,0.0,0.0,0.0,0.5620049580363939,0.0,0.0,1.6666751149184942,1.6666751149184942,1.6666751149184942,1.6666751149184942,global
210,1,0.834073792490309,0.5,0.25,0.0,0.0,0.25,0.0,0.0,0.3333333333333333,0.0,0.0,0.0,0.0,0.38417262058897345,0.0,0.0,1.5791873696454723,1.5791873696454723,1.5791873696454723,1.5791873696454723,global
211,1,0.28824852231393666,0.0,0.0,0.0,0.0,0.0,0.0,0.0,0.5,0.0,0.0,0.0,0.0,0.6179382204906431,0.0,0.0,0.6989492538160129,0.6989492538160129,0.6989492538160129,0.6989492538160129,global
212,1,0.8378497630190078,0.0,0.0,0.0,0.0,0.0,0.0,0.0,0.5,0.0,0.0,0.0,0.0,0.48533554675844237,0.0,0.0,1.0306290528166824,1.0306290528166824,1.0306290528166824,1.0306290528166824,global
213,1,0.42193434127400964,0.0,0.0,0.0,0.0,0.0,0.09090909090909091,0.09090909090909091,0.6666666666666666,0.0,0.0,0.0,0.0,0.594081706496881,0.0,0.0,0.9754109639148015,0.9754109639148015,0.9754109639148015,0.9754109639148015,global
214,1,0.7965048822532997,0.0,0.0,0.0,0.0,0.0,0.08333333333333333,0.08333333333333333,0.6666666666666666,0.0,0.0,0.0,0.0,0.590817945393237,0.0,0.0,1.227213929067938,1.227213929067938,1.227213929067938,1.227213929067938,global
215,1,0.7979659018825929,0.0,0.0,0.0,0.0,0.0,0.0,0.0,0.3333333333333333,0.0,0.0,0.0,0.0,0.2693914929523548,0.0,0.0,0.8329993951654235,0.8329993951654235,0.8329993951654235,0.8329993951654235,global
216,1,0.5130681631832745,0.0,0.0,0.0,0.0,0.0,0.0,0.0,0.3333333333333333,0.0,0.0,0.0,0.0,0.33555639829811557,0.0,0.0,0.660036940214205,0.660036940214205,0.660036940214205,0.660036940214205,global
217,1,0.8260933611798758,0.0,0.0,0.0,0.0,0.0,0.0,0.0,0.6666666666666666,0.0,0.0,0.0,0.0,0.6073409501295014,0.0,0.0,1.1545350662110467,1.1545350662110467,1.1545350662110467,1.1545350662110467,global
218,1,0.41391822664277544,0.0,0.0,0.0,0.0,0.0,0.14285714285714285,0.14285714285714285,0.5,0.0,0.0,0.0,0.0,0.35954258589465643,0.0,0.0,0.8549883644363767,0.8549883644363767,0.8549883644363767,0.8549883644363767,global
219,1,0.8208280566879828,0.5,0.25,0.0,0.0,0.25,0.0,0.0,0.3333333333333333,0.0,0.0,0.0,0.0,0.3498612168859463,0.0,0.0,1.556190793102633,1.556190793102633,1.556190793102633,1.556190793102633,global
22,1,0.21791068929449012,0.0,0.0,0.0,0.0,0.0,0.16666666666666666,0.16666666666666666,0.6666666666666666,0.0,0.0,0.0,0.0,0.38985601045891577,0.0,0.0,0.8418132200230427,0.8418132200230427,0.8418132200230427,0.8418132200230427,global
220,1,0.4444517872143685,0.0,0.0,0.0,0.0,0.0,0.0,0.0,0.5,0.0,0.0,0.0,0.0,0.43825282441183505,0.0,0.0,0.7364173808147919,0.7364173808147919,0.7364173808147919,0.7364173808147919,global
221,1,0.7803250554502652,0.0,0.0,0.0,0.0,0.0,0.0,0.0,0.6666666666666666,0.0,0.0,0.0,0.0,0.4286054863097915,0.0,0.0,1.0510030666724355,1.0510030666724355,1.0510030666724355,1.0510030666724355,global
222,1,0.7912883655367439,0.0,0.0,0.0,0.0,0.0,0.0,0.0,0.16666666666666666,0.0,0.0,0.0,0.0,0.21803942986030267,0.0,0.0,0.7244509611531752,0.7244509611531752,0.7244509611531752,0.7244509611531752,global
223,1,0.7204121064178267,0.0,0.0,0.0,0.0,0.0,0.16666666666666666,0.16666666666666666,0.3333333333333333,0.0,0.0,0.0,0.0,0.27582734396406894,0.0,0.0,0.9812860787447729,0.9812860787447729,0.9812860787447729,0.9812860787447729,global
224,1,0.4919976523061145,0.0,0.0,0.0,0.0,0.0,0.0,0.0,0.6666666666666666,0.0,0.0,0.0,0.0,0.5368285363777818,0.0,0.0,0.8924631044987261,0.8924631044987261,0.8924631044987261,0.8924631044987261,global
225,1,0.8537159541234464,0.0,0.0,0.0,0.0,0.0,0.0,0.0,0.6666666666666666,0.0,0.0,0.0,0.0,0.6489931563244515,0.0,0.0,1.1905317637495263,1.1905317637495263,1.1905317637495263,1.1905317637495263,global
226,1,0.8483420387507433,0.0,0.0,0.0,0.0,0.0,0.0,0.0,0.5,0.0,0.0,0.0,0.0,0.501414056682753,0.0,0.0,1.0444050497986215,1.0444050497986215,1.0444050497986215,1.0444050497986215,global
227,1,0.8777789270896645,0.0,0.0,0.0,0.0,0.0,0.0,0.0,0.5,0.0,0.0,0.0,0.0,0.6222298330434526,0.0,0.0,1.113337182180146,1.113337182180146,1.113337182180146,1.113337182180146,global
228,1,0.48714758841100847,0.0,0.0,0.0,0.0,0.0,0.0,0.0,0.5,0.0,0.0,0.0,0.0,0.31948151796616897,0.0,0.0,0.7187959190741734,0.7187959190741734,0.7187959190741734,0.7187959190741734,global
229,1,0.7351012924422563,0.0,0.0,0.0,0.0,0.0,0.14285714285714285,0.14285714285714285,0.3333333333333333,0.0,0.0,0.0,0.0,0.31381247015673125,0.0,0.0,0.9781911308675099,0.9781911308675099,0.9781911308675099,0.9781911308675099,global
23,1,0.4388541523034192,0.0,0.0,0.0,0.0,0.0,0.0,0.0,0.6666666666666666,0.0,0.0,0.0,0.0,0.5186388332671941,0.0,0.0,0.8479867732526043,0.8479867732526043,0.8479867732526043,0.8479867732526043,global
230,1,0.715575146977257,0.0,0.0,0.0,0.0,0.0,0.2,0.2,0.5,0.0,0.0,0.0,0.0,0.29734358075198464,0.0,0.0,1.1098400351848736,1.1098400351848736,1.1098400351848736,1.1098400351848736,global
231,1,0.8127586167279015,0.0,0.0,0.0,0.0,0.0,0.0,0.0,0.5,0.0,0.0,0.0,0.0,0.42806418247533257,0.0,0.0,0.990156704699664,0.990156704699664,0.990156704699664,0.990156704699664,global
232,1,0.20499129434058722,0.0,0.0,0.0,0.0,0.0,0.1,0.1,0.8333333333333334,0.0,0.0,0.0,0.0,0.5926596196724615,0.0,0.0,0.9172244205740623,0.9172244205740623,0.9172244205740623,0.9172244205740623,global
233,1,0.241913693953523,0.5,0.25,0.0,0.0,0.25,0.05263157894736842,0.05263157894736842,0.8333333333333334,0.0,0.0,0.0,0.0,1.0,0.0,0.0,1.724164147170975,1.724164147170975,1.724164147170975,1.724164147170975,global
234,1,0.44853489566503735,0.0,0.0,0.0,0.0,0.0,0.1,0.1,0.6666666666666666,0.0,0.0,0.0,0.0,0.5238467565886116,0.0,0.0,0.976846462934304,0.976846462934304,0.976846462934304,0.976846462934304,global
235,1,0.8010213815147947,0.0,0.0,0.0,0.0,0.0,0.0,0.0,0.16666666666666666,0.0,0.0,0.0,0.0,0.33036451327940597,0.0,0.0,0.776194105705452,0.776194105705452,0.776194105705452,0.776194105705452,global
236,1,0.47458851150621023,0.5,0.25,0.0,0.0,0.25,0.0,0.0,0.16666666666666666,0.0,0.0,0.0,0.0,0.08196852810962052,0.0,0.0,1.1233327026315285,1.1233327026315285,1.1233327026315285,1.1233327026315285,global
237,1,0.16888311332944642,0.0,0.0,0.0,0.0,0.0,0.0,0.0,0.8333333333333334,0.0,0.0,0.0,0.0,0.6022341843073244,0.0,0.0,0.775778519720209,0.775778519720209,0.775778519720209,0.775778519720209,global
238,1,0.3689888238060531,0.5,0.25,0.0,0.0,0.25,0.0,0.0,0.8333333333333334,0.0,0.0,0.0,0.0,0.6267602581253567,0.0,0.0,1.6006629465810465,1.6006629465810465,1.6006629465810465,1.6006629465810465,global
239,1,0.45843340529469695,0.0,0.0,0.0,0.0,0.0,0.0,0.0,0.6666666666666666,0.0,0.0,0.0,0.0,0.3966158981401306,0.0,0.0,0.8128830762956734,0.8128830762956734,0.8128830762956734,0.8128830762956734,global
24,1,0.8937283187752584,0.0,0.0,0.0,0.0,0.0,0.0,0.0,0.6666666666666666,0.0,0.0,0.0,0.0,0.6554262936276012,0.0,0.0,1.2211136739270547,1.2211136739270547,1.2211136739270547,1.2211136739270547,global
240,1,0.5174369560029192,0.5,0.25,0.0,0.0,0.25,0.0,0.0,0.3333333333333333,0.0,0.0,0.0,0.0,0.4696454870988091,0.0,0.0,1.3917307307082338,1.3917307307082338,1.3917307307082338,1.3917307307082338,global
241,1,0.5155946003766642,0.0,0.0,0.0,0.0,0.0,0.0,0.0,0.5,0.0,0.0,0.0,0.0,0.5043926510899875,0.0,0.0,0.8126732806996599,0.8126732806996599,0.8126732806996599,0.8126732806996599,global
242,1,0.4283220550020819,0.0,0.0,0.0,0.0,0.0,0.0,0.0,0.3333333333333333,0.0,0.0,0.0,0.0,0.2663125513409447,0.0,0.0,0.5730171257045019,0.5730171257045019,0.5730171257045019,0.5730171257045019,global
243,1,0.5889125351894081,1.0,0.5,0.0,0.0,0.5,0.0,0.0,0.3333333333333333,0.0,0.0,0.0,0.0,0.2835546921741311,0.0,0.0,2.042327318168905,2.042327318168905,2.042327318168905,2.042327318168905,global
244,1,0.4320752651623757,0.0,0.0,0.0,0.0,0.0,0.0,0.0,0.8333333333333334,0.0,0.0,0.0,0.0,0.6366808844922612,0.0,0.0,0.9737917060772341,0.9737917060772341,0.9737917060772341,0.9737917060772341,global
245,1,0.5300177768641363,0.0,0.0,0.0,0.0,0.0,0.0,0.0,0.5,0.0,0.0,0.0,0.0,0.36607982056061555,0.0,0.0,0.7674443720291416,0.7674443720291416,0.7674443720291416,0.7674443720291416,global
246,1,0.32417376731777714,0.0,0.0,0.0,0.0,0.0,0.2727272727272727,0.2727272727272727,0.5,0.0,0.0,0.0,0.0,0.5941302736971863,0.0,0.0,1.0418464738740458,1.0418464738740458,1.0418464738740458,1.0418464738740458,global
247,1,0.4535346262251099,0.0,0.0,0.0,0.0,0.0,0.125,0.125,0.6666666666666666,0.0,0.0,0.0,0.0,0.460129714566415,0.0,0.0,0.9848594575174763,0.9848594575174763,0.9848594575174763,0.9848594575174763,global
248,1,0.5195950527525989,0.5,0.25,0.0,0.0,0.25,0.0,0.0,0.5,0.0,0.0,0.0,0.0,0.37050140294658496,0.0,0.0,1.436917098105453,1.436917098105453,1.436917098105453,1.436917098105453,global
249,1,0.48283553316045014,0.0,0.0,0.0,0.0,0.0,0.0,0.0,0.5,0.0,0.0,0.0,0.0,0.2821922731827675,0.0,0.0,0.7008617824854221,0.7008617824854221,0.7008617824854221,0.7008617824854221,global
25,1,0.5562627322617096,0.0,0.0,0.0,0.0,0.0,0.0,0.0,0.16666666666666666,0.0,0.0,0.0,0.0,0.14966589962130603,0.0,0.0,0.5325836057650525,0.5325836057650525,0.5325836057650525,0.5325836057650525,global
250,1,0.8820542463070077,0.0,0.0,0.0,0.0,0.0,0.0,0.0,0.5,0.0,0.0,0.0,0.0,0.6962965824179804,0.0,0.0,1.1459566053820975,1.1459566053820975,1.1459566053820975,1.1459566053820975,global
251,1,0.8118800011666958,0.0,0.0,0.0,0.0,0.0,0.0,0.0,0.6666666666666666,0.0,0.0,0.0,0.0,0.4966323826396059,0.0,0.0,1.1003022872058625,1.1003022872058625,1.1003022872058625,1.1003022872058625,global
252,1,0.5319738980319886,0.5,0.25,0.0,0.0,0.25,0.0,0.0,0.3333333333333333,0.0,0.0,0.0,0.0,0.4169086249173417,0.0,0.0,1.3808118452559954,1.3808118452559954,1.3808118452559954,1.3808118452559954,global
253,1,0.4024239138943682,1.0,0.5,0.0,0.0,0.5,0.0,0.0,0.6666666666666666,0.0,0.0,0.0,0.0,0.3616556123630575,0.0,0.0,2.1096923180046137,2.1096923180046137,2.1096923180046137,2.1096923180046137,global
254,1,0.1413480044175443,0.0,0.0,0.0,0.0,0.0,0.09090909090909091,0.09090909090909091,0.8333333333333334,0.0,0.0,0.0,0.0,0.6292282702482139,0.0,0.0,0.8763924869491424,0.8763924869491424,0.8763924869491424,0.8763924869491424,global
255,1,0.4199613041066729,0.5,0.25,0.0,0.0,0.25,0.25,0.25,0.0,0.0,0.0,0.0,0.0,0.11381577510688212,0.0,0.0,1.3144992229174237,1.3144992229174237,1.3144992229174237,1.3144992229174237,global
256,1,0.5528642135841684,0.5,0.25,0.0,0.0,0.25,0.0,0.0,0.3333333333333333,0.0,0.0,0.0,0.0,0.2648570705891506,0.0,0.0,1.3346144444112449,1.3346144444112449,1.3346144444112449,1.3346144444112449,global
257,1,0.46288997254943476,0.0,0.0,0.0,0.0,0.0,0.0,0.0,0.5,0.0,0.0,0.0,0.0,0.3323073244853305,0.0,0.0,0.7069459105787365,0.7069459105787365,0.7069459105787365,0.7069459105787365,global
258,1,0.8121012885762607,0.0,0.0,0.0,0.0,0.0,0.0,0.0,0.3333333333333333,0.0,0.0,0.0,0.0,0.3977530363176313,0.0,0.0,0.8942387831971016,0.8942387831971016,0.8942387831971016,0.8942387831971016,global
259,1,0.8456328652024079,0.0,0.0,0.0,0.0,0.0,0.07142857142857142,0.07142857142857142,0.3333333333333333,0.0,0.0,0.0,0.0,0.5696025392907555,0.0,0.0,1.07216497373894,1.07216497373894,1.07216497373894,1.07216497373894,global
26,1,0.3878365505706981,0.0,0.0,0.0,0.0,0.0,0.0,0.0,0.16666666666666666,0.0,0.0,0.0,0.0,0.15182543673691784,0.0,0.0,0.4155490934275891,0.4155490934275891,0.4155490934275891,0.4155490934275891,global
260,1,0.3970248060245788,0.0,0.0,0.0,0.0,0.0,0.08333333333333333,0.08333333333333333,0.6666666666666666,0.0,0.0,0.0,0.0,0.6530900494841574,0.0,0.0,0.9724867173442013,0.9724867173442013,0.9724867173442013,0.9724867173442013,global
261,1,0.9000784252598416,1.0,0.5,0.0,0.0,0.5,0.0,0.0,0.8333333333333334,0.0,0.0,0.0,0.0,0.7172833125928979,0.0,0.0,2.6836348893857145,2.6836348893857145,2.6836348893857145,2.6836348893857145,global
262,1,0.8705220359116868,0.0,0.0,0.0,0.0,0.0,0.0,0.0,0.5,0.0,0.0,0.0,0.0,0.622320414431867,0.0,0.0,1.1082935909109275,1.1082935909109275,1.1082935909109275,1.1082935909109275,global
263,1,0.48814643099000943,0.0,0.0,0.0,0.0,0.0,0.0,0.0,0.3333333333333333,0.0,0.0,0.0,0.0,0.20698053293083873,0.0,0.0,0.5911613815320088,0.5911613815320088,0.5911613815320088,0.5911613815320088,global
264,1,0.817569875465392,0.0,0.0,0.0,0.0,0.0,0.0,0.0,0.3333333333333333,0.0,0.0,0.0,0.0,0.3476249095201434,0.0,0.0,0.8780155433004982,0.8780155433004982,0.8780155433004982,0.8780155433004982,global
265,1,0.4384084556474745,0.0,0.0,0.0,0.0,0.0,0.0,0.0,0.16666666666666666,0.0,0.0,0.0,0.0,0.2754964143096929,0.0,0.0,0.5004178180104426,0.5004178180104426,0.5004178180104426,0.5004178180104426,global
266,1,0.8604817731103817,0.5,0.25,0.0,0.0,0.25,0.0,0.0,0.3333333333333333,0.0,0.0,0.0,0.0,0.44988306494217606,0.0,0.0,1.6239571338208043,1.6239571338208043,1.6239571338208043,1.6239571338208043,global
267,1,0.46744676528609663,0.0,0.0,0.0,0.0,0.0,0.0,0.0,0.3333333333333333,0.0,0.0,0.0,0.0,0.2010899380941319,0.0,0.0,0.5743153776045871,0.5743153776045871,0.5743153776045871,0.5743153776045871,global
268,1,0.5084852704388244,0.0,0.0,0.0,0.0,0.0,0.0,0.0,0.3333333333333333,0.0,0.0,0.0,0.0,0.31825429443182773,0.0,0.0,0.6499080737465749,0.6499080737465749,0.6499080737465749,0.6499080737465749,global
269,1,0.42484839443841865,0.5,0.25,0.0,0.0,0.25,0.0,0.0,0.6666666666666666,0.0,0.0,0.0,0.0,0.534039844772854,0.0,0.0,1.519343147349368,1.519343147349368,1.519343147349368,1.519343147349368,global
27,1,0.7582032841759592,0.0,0.0,0.0,0.0,0.0,0.0,0.0,0.5,0.0,0.0,0.0,0.0,0.34980935950497016,0.0,0.0,0.9206660427251594,0.9206660427251594,0.9206660427251594,0.9206660427251594,global
270,1,0.4979533546396276,0.0,0.0,0.0,0.0,0.0,0.0,0.0,0.3333333333333333,0.0,0.0,0.0,0.0,0.4833531441365134,0.0,0.0,0.7085752725690113,0.7085752725690113,0.7085752725690113,0.7085752725690113,global
271,1,0.19410497746206246,0.0,0.0,0.0,0.0,0.0,0.08333333333333333,0.08333333333333333,1.0,0.0,0.0,0.0,0.0,0.7154613222538284,0.0,0.0,1.022058013124975,1.022058013124975,1.022058013124975,1.022058013124975,global
272,1,0.506898796530093,0.5,0.25,0.0,0.0,0.25,0.0,0.0,0.5,0.0,0.0,0.0,0.0,0.4320121335716253,0.0,0.0,1.4526340109997151,1.4526340109997151,1.4526340109997151,1.4526340109997151,global
273,1,0.5312712669461062,0.0,0.0,0.0,0.0,0.0,0.0,0.0,0.6666666666666666,0.0,0.0,0.0,0.0,0.5622822911730389,0.0,0.0,0.9301361366648232,0.9301361366648232,0.9301361366648232,0.9301361366648232,global
274,1,0.5036798923706828,0.0,0.0,0.0,0.0,0.0,0.0,0.0,0.6666666666666666,0.0,0.0,0.0,0.0,0.5534431527765433,0.0,0.0,0.9072865191034285,0.9072865191034285,0.9072865191034285,0.9072865191034285,global
275,1,0.588125178904391,0.0,0.0,0.0,0.0,0.0,0.0,0.0,0.3333333333333333,0.0,0.0,0.0,0.0,0.38895859785270764,0.0,0.0,0.7339377310408234,0.7339377310408234,0.7339377310408234,0.7339377310408234,global
276,1,0.8413632088518449,0.0,0.0,0.0,0.0,0.0,0.0,0.0,0.5,0.0,0.0,0.0,0.0,0.5309696500713562,0.0,0.0,1.0513421062248338,1.0513421062248338,1.0513421062248338,1.0513421062248338,global
277,1,0.5271877591907285,0.0,0.0,0.0,0.0,0.0,0.0,0.0,0.6666666666666666,0.0,0.0,0.0,0.0,0.36043789758169115,0.0,0.0,0.8465399237995197,0.8465399237995197,0.8465399237995197,0.8465399237995197,global
278,1,0.4486119977742756,0.0,0.0,0.0,0.0,0.0,0.0,0.0,0.3333333333333333,0.0,0.0,0.0,0.0,0.45827793653132987,0.0,0.0,0.6640062397211915,0.6640062397211915,0.6640062397211915,0.6640062397211915,global
279,1,0.330752421297541,0.0,0.0,0.0,0.0,0.0,0.0,0.0,0.5,0.0,0.0,0.0,0.0,0.5169712955127956,0.0,0.0,0.6883152131133969,0.6883152131133969,0.6883152131133969,0.6883152131133969,global
28,1,0.37787240976707304,0.0,0.0,0.0,0.0,0.0,0.0,0.0,0.5,0.0,0.0,0.0,0.0,0.5425369857908761,0.0,0.0,0.7315254811533015,0.7315254811533015,0.7315254811533015,0.7315254811533015,global
280,1,0.8247891593998806,0.0,0.0,0.0,0.0,0.0,0.0,0.0,0.5,0.0,0.0,0.0,0.0,0.4618882820390468,0.0,0.0,1.012107724395535,1.012107724395535,1.012107724395535,1.012107724395535,global
281,1,0.48793726792342257,0.0,0.0,0.0,0.0,0.0,0.0,0.0,0.5,0.0,0.0,0.0,0.0,0.47032678899363806,0.0,0.0,0.779686803143851,0.779686803143851,0.779686803143851,0.779686803143851,global
282,1,0.15351908419682825,0.0,0.0,0.0,0.0,0.0,0.1111111111111111,0.1111111111111111,0.5,0.0,0.0,0.0,0.0,0.48604836504328935,0.0,0.0,0.6852160382884289,0.6852160382884289,0.6852160382884289,0.6852160382884289,global
283,1,0.35992729314659355,0.0,0.0,0.0,0.0,0.0,0.0,0.0,0.5,0.0,0.0,0.0,0.0,0.3635350713941552,0.0,0.0,0.6473631337602775,0.6473631337602775,0.6473631337602775,0.6473631337602775,global
284,1,0.49215330854171396,0.0,0.0,0.0,0.0,0.0,0.0,0.0,0.6666666666666666,0.0,0.0,0.0,0.0,0.46074111930716816,0.0,0.0,0.8621370970354003,0.8621370970354003,0.8621370970354003,0.8621370970354003,global
285,1,0.5057292693382681,0.5,0.25,0.0,0.0,0.25,0.0,0.0,0.3333333333333333,0.0,0.0,0.0,0.0,0.23690089006052467,0.0,0.0,1.2904375112276643,1.2904375112276643,1.2904375112276643,1.2904375112276643,global
286,1,0.7882246094069402,0.0,0.0,0.0,0.0,0.0,0.1111111111111111,0.1111111111111111,0.8333333333333334,0.0,0.0,0.0,0.0,0.52806435016004,0.0,0.0,1.3129829666488742,1.3129829666488742,1.3129829666488742,1.3129829666488742,global
287,1,0.449692262213456,0.5,0.25,0.0,0.0,0.25,0.0,0.0,0.16666666666666666,0.0,0.0,0.0,0.0,0.152440538538246,0.0,0.0,1.134094132298051,1.134094132298051,1.134094132298051,1.134094132298051,global
288,1,0.43222148328667487,0.0,0.0,0.0,0.0,0.0,0.0,0.0,0.5,0.0,0.0,0.0,0.0,0.35039468679116786,0.0,0.0,0.6927129130171394,0.6927129130171394,0.6927129130171394,0.6927129130171394,global
289,1,0.7978127140761027,0.0,0.0,0.0,0.0,0.0,0.0,0.0,0.16666666666666666,0.0,0.0,0.0,0.0,0.324026860550997,0.0,0.0,0.771412977407004,0.771412977407004,0.771412977407004,0.771412977407004,global
29,1,0.2402599190511344,0.0,0.0,0.0,0.0,0.0,0.0,0.0,0.6666666666666666,0.0,0.0,0.0,0.0,0.5253020162773394,0.0,0.0,0.7116360831800631,0.7116360831800631,0.7116360831800631,0.7116360831800631,global
290,1,0.735907452349018,0.0,0.0,0.0,0.0,0.0,0.16666666666666666,0.16666666666666666,0.3333333333333333,0.0,0.0,0.0,0.0,0.279899618395619,0.0,0.0,0.9937617306692268,0.9937617306692268,0.9937617306692268,0.9937617306692268,global
291,1,0.4037652147118593,0.0,0.0,0.0,0.0,0.0,0.09090909090909091,0.09090909090909091,1.0,0.0,0.0,0.0,0.0,0.6945334483056844,0.0,0.0,1.1695399387114844,1.1695399387114844,1.1695399387114844,1.1695399387114844,global
292,1,0.42003027492002154,0.0,0.0,0.0,0.0,0.0,0.0,0.0,0.5,0.0,0.0,0.0,0.0,0.2798130795086927,0.0,0.0,0.6559464242474922,0.6559464242474922,0.6559464242474922,0.6559464242474922,global
293,1,0.451094293647122,0.0,0.0,0.0,0.0,0.0,0.0,0.0,0.6666666666666666,0.0,0.0,0.0,0.0,0.4634310132365537,0.0,0.0,0.8344717441809402,0.8344717441809402,0.8344717441809402,0.8344717441809402,global
294,1,0.38989848748639844,0.5,0.25,0.0,0.0,0.25,0.0,0.0,0.3333333333333333,0.0,0.0,0.0,0.0,0.1658328360393627,0.0,0.0,1.1809287423228907,1.1809287423228907,1.1809287423228907,1.1809287423228907,global
295,1,0.32742359944190996,0.0,0.0,0.0,0.0,0.0,0.0,0.0,0.6666666666666666,0.0,0.0,0.0,0.0,0.5864127364725236,0.0,0.0,0.7970949475316798,0.7970949475316798,0.7970949475316798,0.7970949475316798,global
296,1,0.8161210527799331,0.5,0.25,0.0,0.0,0.25,0.0,0.0,0.5,0.0,0.0,0.0,0.0,0.4154243946539903,0.0,0.0,1.6624544948075493,1.6624544948075493,1.6624544948075493,1.6624544948075493,global
297,1,0.4497721957560843,0.0,0.0,0.0,0.0,0.0,0.0,0.0,0.3333333333333333,0.0,0.0,0.0,0.0,0.28860804445329646,0.0,0.0,0.5969504214772442,0.5969504214772442,0.5969504214772442,0.5969504214772442,global
298,1,0.40515889704706726,0.0,0.0,0.0,0.0,0.0,0.0,0.0,0.6666666666666666,0.0,0.0,0.0,0.0,0.5127440134088966,0.0,0.0,0.8220421666298391,0.8220421666298391,0.8220421666298391,0.8220421666298391,global
299,1,0.8284566642494816,0.5,0.25,0.0,0.0,0.25,0.16666666666666666,0.16666666666666666,0.6666666666666666,0.0,0.0,0.0,0.0,0.6163259968061284,0.0,0.0,2.0347833970304214,2.0347833970304214,2.0347833970304214,2.0347833970304214,global
3,1,0.2582147460361248,0.0,0.0,0.0,0.0,0.0,0.125,0.125,0.6666666666666666,0.0,0.0,0.0,0.0,0.4835861137116747,0.0,0.0,0.8575181010432906,0.8575181010432906,0.8575181010432906,0.8575181010432906,global
30,1,0.8205438969369863,0.0,0.0,0.0,0.0,0.0,0.0,0.0,0.5,0.0,0.0,0.0,0.0,0.49683329393367326,0.0,0.0,1.0231140454293597,1.0231140454293597,1.0231140454293597,1.0231140454293597,global
300,1,0.30950414722408176,0.0,0.0,0.0,0.0,0.0,0.0,0.0,0.5,0.0,0.0,0.0,0.0,0.339542727032546,0.0,0.0,0.6024699938698757,0.6024699938698757,0.6024699938698757,0.6024699938698757,global
301,1,0.23684127178622372,0.0,0.0,0.0,0.0,0.0,0.0,0.0,0.6666666666666666,0.0,0.0,0.0,0.0,0.9693163791440972,0.0,0.0,0.8868487752413288,0.8868487752413288,0.8868487752413288,0.8868487752413288,global
302,1,0.8594618762830953,0.0,0.0,0.0,0.0,0.0,0.0,0.0,0.6666666666666666,0.0,0.0,0.0,0.0,0.5729374754565922,0.0,0.0,1.164131636914137,1.164131636914137,1.164131636914137,1.164131636914137,global
303,1,0.5003935057154751,0.0,0.0,0.0,0.0,0.0,0.0,0.0,0.5,0.0,0.0,0.0,0.0,0.4713143283570937,0.0,0.0,0.78880118534367,0.78880118534367,0.78880118534367,0.78880118534367,global
304,1,0.4930911301011154,0.0,0.0,0.0,0.0,0.0,0.0,0.0,0.3333333333333333,0.0,0.0,0.0,0.0,0.3703174602518582,0.0,0.0,0.6599574418381907,0.6599574418381907,0.6599574418381907,0.6599574418381907,global
305,1,0.5462555391503837,0.0,0.0,0.0,0.0,0.0,0.0,0.0,0.5,0.0,0.0,0.0,0.0,0.34491937681556917,0.0,0.0,0.7703466281314962,0.7703466281314962,0.7703466281314962,0.7703466281314962,global
306,1,0.5337095667001217,0.5,0.25,0.0,0.0,0.25,0.0,0.0,0.5,0.0,0.0,0.0,0.0,0.381160686595585,0.0,0.0,1.4510609713283191,1.4510609713283191,1.4510609713283191,1.4510609713283191,global
307,1,0.8526402998386319,0.0,0.0,0.0,0.0,0.0,0.0,0.0,0.5,0.0,0.0,0.0,0.0,0.46155868618944856,0.0,0.0,1.0314716843628218,1.0314716843628218,1.0314716843628218,1.0314716843628218,global
308,1,0.5172396268758859,1.0,0.5,0.0,0.0,0.5,0.0,0.0,0.6666666666666666,0.0,0.0,0.0,0.0,0.5804249658793602,0.0,0.0,2.277571058498198,2.277571058498198,2.277571058498198,2.277571058498198,global
309,1,0.4286618633093224,0.5,0.25,0.0,0.0,0.25,0.0,0.0,0.6666666666666666,0.0,0.0,0.0,0.0,0.5685734952785929,0.0,0.0,1.535826035761296,1.535826035761296,1.535826035761296,1.535826035761296,global
31,1,0.8040935593439126,0.0,0.0,0.0,0.0,0.0,0.0,0.0,0.16666666666666666,0.0,0.0,0.0,0.0,0.31776036760005816,0.0,0.0,0.7733029719140954,0.7733029719140954,0.7733029719140954,0.7733029719140954,global
310,1,0.7878781581213614,0.0,0.0,0.0,0.0,0.0,0.08333333333333333,0.08333333333333333,0.5,0.0,0.0,0.0,0.0,0.5618809109142666,0.0,0.0,1.1262670750506596,1.1262670750506596,1.1262670750506596,1.1262670750506596,global
311,1,0.4018267718524811,0.5,0.25,0.0,0.0,0.25,0.1111111111111111,0.1111111111111111,0.3333333333333333,0.0,0.0,0.0,0.0,0.4257543644494418,0.0,0.0,1.4265804860765137,1.4265804860765137,1.4265804860765137,1.4265804860765137,global
312,1,0.22525920275293734,0.5,0.25,0.0,0.0,0.25,0.0,0.0,0.6666666666666666,0.0,0.0,0.0,0.0,0.4709508376484186,0.0,0.0,1.3543951103197567,1.3543951103197567,1.3543951103197567,1.3543951103197567,global
313,1,0.4090360731692483,0.0,0.0,0.0,0.0,0.0,0.0,0.0,0.6666666666666666,0.0,0.0,0.0,0.0,0.6667667012641223,0.0,0.0,0.886365265057456,0.886365265057456,0.886365265057456,0.886365265057456,global
314,1,0.5238296791900663,0.5,0.25,0.0,0.0,0.25,0.0,0.0,0.5,0.0,0.0,0.0,0.0,0.51441315353527,0.0,0.0,1.4974460368471543,1.4974460368471543,1.4974460368471543,1.4974460368471543,global
315,1,0.47309431328565354,0.0,0.0,0.0,0.0,0.0,0.0,0.0,0.8333333333333334,0.0,0.0,0.0,0.0,0.5821279009944713,0.0,0.0,0.9806838463644127,0.9806838463644127,0.9806838463644127,0.9806838463644127,global
316,1,0.531549110422617,0.0,0.0,0.0,0.0,0.0,0.0,0.0,0.5,0.0,0.0,0.0,0.0,0.43504267872812086,0.0,0.0,0.7961014487870802,0.7961014487870802,0.7961014487870802,0.7961014487870802,global
317,1,0.3373461036545293,0.0,0.0,0.0,0.0,0.0,0.0,0.0,0.6666666666666666,0.0,0.0,0.0,0.0,0.48119898695823776,0.0,0.0,0.7619552006747989,0.7619552006747989,0.7619552006747989,0.7619552006747989,global
318,1,0.5232011009774634,0.0,0.0,0.0,0.0,0.0,0.0,0.0,0.8333333333333334,0.0,0.0,0.0,0.0,0.7149377414224876,0.0,0.0,1.0688825339198862,1.0688825339198862,1.0688825339198862,1.0688825339198862,global
319,1,0.5277243158181529,1.0,0.5,0.0,0.0,0.5,0.0,0.0,0.5,0.0,0.0,0.0,0.0,0.2797274606830223,0.0,0.0,2.081298005345916,2.081298005345916,2.081298005345916,2.081298005345916,global
32,1,0.3030608212401936,0.0,0.0,0.0,0.0,0.0,0.0,0.0,0.5,0.0,0.0,0.0,0.0,0.556631501998523,0.0,0.0,0.6847951756675448,0.6847951756675448,0.6847951756675448,0.6847951756675448,global
320,1,0.45058122339666407,0.0,0.0,0.0,0.0,0.0,0.0,0.0,0.5,0.0,0.0,0.0,0.0,0.3299162509787818,0.0,0.0,0.6973733567691776,0.6973733567691776,0.6973733567691776,0.6973733567691776,global
321,1,0.569383739793159,0.0,0.0,0.0,0.0,0.0,0.0,0.0,0.5,0.0,0.0,0.0,0.0,0.5841897865979815,0.0,0.0,0.8822445324944038,0.8822445324944038,0.8822445324944038,0.8822445324944038,global
322,1,0.3995723700671099,0.0,0.0,0.0,0.0,0.0,0.09090909090909091,0.09090909090909091,0.8333333333333334,0.0,0.0,0.0,0.0,0.6188323769276132,0.0,0.0,1.052991185575598,1.052991185575598,1.052991185575598,1.052991185575598,global
323,1,0.4924693037681351,0.5,0.25,0.0,0.0,0.25,0.0,0.0,0.6666666666666666,0.0,0.0,0.0,0.0,0.4907907183965476,0.0,0.0,1.5493781333296468,1.5493781333296468,1.5493781333296468,1.5493781333296468,global
324,1,0.45806637166639785,0.5,0.25,0.0,0.0,0.25,0.0,0.0,0.5,0.0,0.0,0.0,0.0,0.4718602086233126,0.0,0.0,1.4343905436158035,1.4343905436158035,1.4343905436158035,1.4343905436158035,global
325,1,0.5113228023008446,0.0,0.0,0.0,0.0,0.0,0.0,0.0,0.16666666666666666,0.0,0.0,0.0,0.0,0.1533238421532688,0.0,0.0,0.5025888318052321,0.5025888318052321,0.5025888318052321,0.5025888318052321,global
326,1,0.25241442768500066,0.0,0.0,0.0,0.0,0.0,0.0,0.0,0.3333333333333333,0.0,0.0,0.0,0.0,0.2335036342563984,0.0,0.0,0.4367582197487265,0.4367582197487265,0.4367582197487265,0.4367582197487265,global
327,1,0.7829704854468952,0.0,0.0,0.0,0.0,0.0,0.0,0.0,0.3333333333333333,0.0,0.0,0.0,0.0,0.19469300930511793,0.0,0.0,0.7926232102015405,0.7926232102015405,0.7926232102015405,0.7926232102015405,global
328,1,0.8511980112302271,0.0,0.0,0.0,0.0,0.0,0.0,0.0,0.6666666666666666,0.0,0.0,0.0,0.0,0.6646222823896984,0.0,0.0,1.1950208541503717,1.1950208541503717,1.1950208541503717,1.1950208541503717,global
329,1,0.8341694804187233,0.0,0.0,0.0,0.0,0.0,0.0,0.0,0.5,0.0,0.0,0.0,0.0,0.5736466250865402,0.0,0.0,1.0633772863277224,1.0633772863277224,1.0633772863277224,1.0633772863277224,global
33,1,0.7973792869648484,0.0,0.0,0.0,0.0,0.0,0.0,0.0,0.5,0.0,0.0,0.0,0.0,0.4496938506890809,0.0,0.0,0.9880430411510263,0.9880430411510263,0.9880430411510263,0.9880430411510263,global
330,1,0.48786136372831096,0.0,0.0,0.0,0.0,0.0,0.0,0.0,0.6666666666666666,0.0,0.0,0.0,0.0,0.5016451975259816,0.0,0.0,0.8754943669535437,0.8754943669535437,0.8754943669535437,0.8754943669535437,global
331,1,0.368251126506647,1.0,0.5,0.0,0.0,0.5,0.0,0.0,0.6666666666666666,0.0,0.0,0.0,0.0,0.4456992121149346,0.0,0.0,2.11938880673396,2.11938880673396,2.11938880673396,2.11938880673396,global
332,1,0.31738547836586145,0.5,0.25,0.0,0.0,0.25,0.0,0.0,0.6666666666666666,0.0,0.0,0.0,0.0,0.538663069491634,0.0,0.0,1.4459683959860898,1.4459683959860898,1.4459683959860898,1.4459683959860898,global
333,1,0.31806781751244817,0.0,0.0,0.0,0.0,0.0,0.16666666666666666,0.16666666666666666,0.3333333333333333,0.0,0.0,0.0,0.0,0.2948078089157524,0.0,0.0,0.7072372624916813,0.7072372624916813,0.7072372624916813,0.7072372624916813,global
334,1,0.5614254154434254,0.0,0.0,0.0,0.0,0.0,0.0,0.0,0.3333333333333333,0.0,0.0,0.0,0.0,0.30145027858571927,0.0,0.0,0.6802445689113521,0.6802445689113521,0.6802445689113521,0.6802445689113521,global
335,1,0.46956620207987293,0.5,0.25,0.0,0.0,0.25,0.0,0.0,0.3333333333333333,0.0,0.0,0.0,0.0,0.25157873270044906,0.0,0.0,1.2709945012027575,1.2709945012027575,1.2709945012027575,1.2709945012027575,global
336,1,0.5456897969787844,0.0,0.0,0.0,0.0,0.0,0.0,0.0,0.5,0.0,0.0,0.0,0.0,0.5031354446938573,0.0,0.0,0.833237035762692,0.833237035762692,0.833237035762692,0.833237035762692,global
337,1,0.4570641894480137,0.0,0.0,0.0,0.0,0.0,0.0,0.0,0.6666666666666666,0.0,0.0,0.0,0.0,0.6533783345295417,0.0,0.0,0.9146295997587597,0.9146295997587597,0.9146295997587597,0.9146295997587597,global
338,1,0.36537642300627476,0.5,0.25,0.0,0.0,0.25,0.0,0.0,0.5,0.0,0.0,0.0,0.0,0.405345648899419,0.0,0.0,1.3429017556641598,1.3429017556641598,1.3429017556641598,1.3429017556641598,global
339,1,0.506166253891474,0.5,0.25,0.0,0.0,0.25,0.0,0.0,0.6666666666666666,0.0,0.0,0.0,0.0,0.5214866669260788,0.0,0.0,1.5712443778277965,1.5712443778277965,1.5712443778277965,1.5712443778277965,global
34,1,0.4989377859486815,0.5,0.25,0.0,0.0,0.25,0.0,0.0,1.0,0.0,0.0,0.0,0.0,0.6619626823873382,0.0,0.0,1.7890415231190122,1.7890415231190122,1.7890415231190122,1.7890415231190122,global
340,1,0.5126244630508742,0.0,0.0,0.0,0.0,0.0,0.0,0.0,0.6666666666666666,0.0,0.0,0.0,0.0,0.658956873171174,0.0,0.0,0.9557532067374148,0.9557532067374148,0.9557532067374148,0.9557532067374148,global
341,1,0.5314273587868426,0.5,0.25,0.0,0.0,0.25,0.0,0.0,0.5,0.0,0.0,0.0,0.0,0.4148029684434856,0.0,0.0,1.462920338528184,1.462920338528184,1.462920338528184,1.462920338528184,global
342,1,0.37737792533579123,0.0,0.0,0.0,0.0,0.0,0.0,0.0,0.6666666666666666,0.0,0.0,0.0,0.0,0.6531968994025912,0.0,0.0,0.8587766408294235,0.8587766408294235,0.8587766408294235,0.8587766408294235,global
343,1,0.5115721499413141,0.0,0.0,0.0,0.0,0.0,0.0,0.0,0.5,0.0,0.0,0.0,0.0,0.39706988600842347,0.0,0.0,0.7669284593622893,0.7669284593622893,0.7669284593622893,0.7669284593622893,global
344,1,0.5196739335828129,0.0,0.0,0.0,0.0,0.0,0.0,0.0,0.3333333333333333,0.0,0.0,0.0,0.0,0.24127176688309837,0.0,0.0,0.626947126927875,0.626947126927875,0.626947126927875,0.626947126927875,global
345,1,0.8091371408211037,0.5,0.25,0.0,0.0,0.25,0.16666666666666666,0.16666666666666666,0.8333333333333334,0.0,0.0,0.0,0.0,0.6673784445819233,0.0,0.0,2.1250140430742084,2.1250140430742084,2.1250140430742084,2.1250140430742084,global
346,1,0.5405127025271215,0.0,0.0,0.0,0.0,0.0,0.0,0.0,0.5,0.0,0.0,0.0,0.0,0.45780755160203596,0.0,0.0,0.8114819124097995,0.8114819124097995,0.8114819124097995,0.8114819124097995,global
347,1,0.8586757542126329,0.0,0.0,0.0,0.0,0.0,0.0,0.0,0.5,0.0,0.0,0.0,0.0,0.5727583043972281,0.0,0.0,1.0801763497077341,1.0801763497077341,1.0801763497077341,1.0801763497077341,global
348,1,0.3086884221545215,0.0,0.0,0.0,0.0,0.0,0.0,0.0,1.0,0.0,0.0,0.0,0.0,0.8572563739622932,0.0,0.0,1.0589844450930823,1.0589844450930823,1.0589844450930823,1.0589844450930823,global
349,1,0.5632177490797887,0.0,0.0,0.0,0.0,0.0,0.0,0.0,0.5,0.0,0.0,0.0,0.0,0.39684004525293604,0.0,0.0,0.8029884424570265,0.8029884424570265,0.8029884424570265,0.8029884424570265,global
35,1,0.5262228212115525,0.0,0.0,0.0,0.0,0.0,0.0,0.0,0.3333333333333333,0.0,0.0,0.0,0.0,0.300011017632234,0.0,0.0,0.655027048567647,0.655027048567647,0.655027048567647,0.655027048567647,global
350,1,0.5279273804128226,0.0,0.0,0.0,0.0,0.0,0.0,0.0,0.6666666666666666,0.0,0.0,0.0,0.0,0.5257956031871295,0.0,0.0,0.9132007408971609,0.9132007408971609,0.9132007408971609,0.9132007408971609,global
351,0,0.8832524508370143,0.0,0.0,0.0,0.0,0.0,0.0,0.0,0.0,0.0,0.0,0.0,1.0,0.31454502621084846,0.0,0.0,1.7440947260702493,1.7440947260702493,1.7440947260702493,1.7440947260702493,global
352,0,0.33726754952816795,0.0,0.0,0.0,0.0,0.0,1.0,1.0,0.16666666666666666,0.0,0.0,0.0,1.0,0.22214487496666627,0.0,0.0,2.6082785679897174,2.6082785679897174,2.6082785679897174,2.6082785679897174,global
353,0,0.9916481427094701,0.5,0.5,0.0,0.0,0.5,0.0,0.0,0.0,0.0,0.0,0.0,1.0,0.12284000963357926,0.0,0.0,2.7432897037500608,2.7432897037500608,2.7432897037500608,2.7432897037500608,global
354,0,0.41057288809236875,0.0,0.0,0.0,0.0,0.0,1.0,1.0,0.0,0.0,0.0,0.0,1.0,0.11947431843534914,0.0,0.0,2.5351907490387973,2.5351907490387973,2.5351907490387973,2.5351907490387973,global
355,0,0.9134461305005108,0.0,0.0,0.0,0.0,0.0,0.0,0.0,0.0,0.0,0.0,0.0,1.0,0.2776955904992909,0.0,0.0,1.750490527550074,1.750490527550074,1.750490527550074,1.750490527550074,global
356,0,0.36170231147876347,0.0,0.0,0.0,0.0,0.0,0.6666666666666666,0.6666666666666666,0.16666666666666666,0.0,0.0,0.0,1.0,0.20896284799585624,0.0,0.0,2.22011009056681,2.22011009056681,2.22011009056681,2.22011009056681,global
357,0,0.8650135185516695,0.0,0.0,0.0,0.0,0.0,0.25,0.25,0.16666666666666666,0.0,0.0,0.0,1.0,0.2436314711636489,0.0,0.0,2.0862953847849615,2.0862953847849615,2.0862953847849615,2.0862953847849615,global
358,0,0.9377701761454678,0.0,0.0,0.0,0.0,0.0,0.5,0.5,0.3333333333333333,0.0,0.0,0.0,1.0,0.2875300458852858,0.0,0.0,2.538117808322608,2.538117808322608,2.538117808322608,2.538117808322608,global
359,0,0.8925113832243634,0.0,0.0,0.0,0.0,0.0,0.0,0.0,0.0,0.0,0.0,0.0,1.0,0.2488707770581429,0.0,0.0,1.7243062790803114,1.7243062790803114,1.7243062790803114,1.7243062790803114,global
36,1,0.49419422750955705,0.0,0.0,0.0,0.0,0.0,0.0,0.0,0.5,0.0,0.0,0.0,0.0,0.3150939037410366,0.0,0.0,0.7219735207531046,0.7219735207531046,0.7219735207531046,0.7219735207531046,global
360,0,0.8543844628069354,0.5,0.5,0.0,0.0,0.5,0.2,0.2,0.16666666666666666,0.0,0.0,0.0,1.0,0.28059155951287085,0.0,0.0,3.033639081103336,3.033639081103336,3.033639081103336,3.033639081103336,global
361,0,0.922932884374479,0.5,0.5,0.0,0.0,0.5,0.0,0.0,0.0,0.0,0.0,0.0,1.0,0.16557568097415634,0.0,0.0,2.7122832914517976,2.7122832914517976,2.7122832914517976,2.7122832914517976,global
362,0,0.4500982825015111,0.0,0.0,0.0,0.0,0.0,0.5,0.5,0.16666666666666666,0.0,0.0,0.0,1.0,0.15037894899248946,0.0,0.0,2.058553710681387,2.058553710681387,2.058553710681387,2.058553710681387,global
363,0,0.8548960084394139,0.0,0.0,0.0,0.0,0.0,0.2,0.2,0.16666666666666666,0.0,0.0,0.0,1.0,0.28445834163425937,0.0,0.0,2.0355438758946267,2.0355438758946267,2.0355438758946267,2.0355438758946267,global
364,0,0.9012385869412223,0.5,0.5,0.0,0.0,0.5,0.14285714285714285,0.14285714285714285,0.16666666666666666,0.0,0.0,0.0,1.0,0.3788736907459362,0.0,0.0,3.037178391919135,3.037178391919135,3.037178391919135,3.037178391919135,global
365,0,0.891056752470412,0.0,0.0,0.0,0.0,0.0,0.3333333333333333,0.3333333333333333,0.5,0.0,0.0,0.0,1.0,0.4336245019038785,0.0,0.0,2.4471895274908397,2.4471895274908397,2.4471895274908397,2.4471895274908397,global
366,0,0.794819525978483,0.0,0.0,0.0,0.0,0.0,0.3333333333333333,0.3333333333333333,0.16666666666666666,0.0,0.0,0.0,1.0,0.20074932074606122,0.0,0.0,2.1200067298166956,2.1200067298166956,2.1200067298166956,2.1200067298166956,global
367,0,0.33996325561768637,0.0,0.0,0.0,0.0,0.0,0.3333333333333333,0.3333333333333333,0.16666666666666666,0.0,0.0,0.0,1.0,0.20275707276021251,0.0,0.0,1.8024104413697986,1.8024104413697986,1.8024104413697986,1.8024104413697986,global
368,0,0.8903639951009669,0.0,0.0,0.0,0.0,0.0,0.25,0.25,0.16666666666666666,0.0,0.0,0.0,1.0,0.2513137307951387,0.0,0.0,2.1071136222220654,2.1071136222220654,2.1071136222220654,2.1071136222220654,global
369,0,0.26504891872913144,0.5,0.5,0.0,0.0,0.5,0.75,0.75,0.16666666666666666,0.0,0.0,0.0,1.0,0.26364937438141106,0.0,0.0,3.2743273261962895,3.2743273261962895,3.2743273261962895,3.2743273261962895,global
37,1,0.8254340002042625,0.0,0.0,0.0,0.0,0.0,0.0,0.0,0.3333333333333333,0.0,0.0,0.0,0.0,0.4017215254222075,0.0,0.0,0.9051590769785334,0.9051590769785334,0.9051590769785334,0.9051590769785334,global
370,0,0.837071772244435,0.0,0.0,0.0,0.0,0.0,0.0,0.0,0.16666666666666666,0.0,0.0,0.0,1.0,0.3129285626268769,0.0,0.0,1.7944549989551886,1.7944549989551886,1.7944549989551886,1.7944549989551886,global
371,0,0.8917588027494452,0.0,0.0,0.0,0.0,0.0,0.0,0.0,0.0,0.0,0.0,0.0,1.0,0.3093968503995517,0.0,0.0,1.747989902084432,1.747989902084432,1.747989902084432,1.747989902084432,global
372,0,0.968668955323956,0.5,0.5,0.0,0.0,0.5,0.0,0.0,0.0,0.0,0.0,0.0,1.0,0.19096635715942184,0.0,0.0,2.754454811590538,2.754454811590538,2.754454811590538,2.754454811590538,global
373,0,0.8302021340331959,0.0,0.0,0.0,0.0,0.0,0.0,0.0,0.0,0.0,0.0,0.0,1.0,0.23939428045322358,0.0,0.0,1.6768992060045265,1.6768992060045265,1.6768992060045265,1.6768992060045265,global
374,0,0.8563554308498716,0.0,0.0,0.0,0.0,0.0,0.0,0.0,0.0,0.0,0.0,0.0,1.0,0.15880933408959852,0.0,0.0,1.6629725352307496,1.6629725352307496,1.6629725352307496,1.6629725352307496,global
375,0,0.8583150731592475,0.0,0.0,0.0,0.0,0.0,0.2,0.2,0.3333333333333333,0.0,0.0,0.0,1.0,0.5602064803236301,0.0,0.0,2.231569810007592,2.231569810007592,2.231569810007592,2.231569810007592,global
376,0,0.9308155949325256,0.0,0.0,0.0,0.0,0.0,0.3333333333333333,0.3333333333333333,0.16666666666666666,0.0,0.0,0.0,1.0,0.19807094863018054,0.0,0.0,2.214132629238173,2.214132629238173,2.214132629238173,2.214132629238173,global
377,0,0.840114328924241,0.0,0.0,0.0,0.0,0.0,0.0,0.0,0.16666666666666666,0.0,0.0,0.0,1.0,0.3143156445952128,0.0,0.0,1.7971396214183872,1.7971396214183872,1.7971396214183872,1.7971396214183872,global
378,0,0.87433532328045,0.0,0.0,0.0,0.0,0.0,0.2,0.2,0.16666666666666666,0.0,0.0,0.0,1.0,0.30834293624513043,0.0,0.0,2.0587052341277006,2.0587052341277006,2.0587052341277006,2.0587052341277006,global
379,0,0.2985195650867492,0.0,0.0,0.0,0.0,0.0,0.3333333333333333,0.3333333333333333,0.3333333333333333,0.0,0.0,0.0,1.0,0.240327272677496,0.0,0.0,1.8717612712983893,1.8717612712983893,1.8717612712983893,1.8717612712983893,global
38,1,0.8306502265173937,0.0,0.0,0.0,0.0,0.0,0.0,0.0,0.5,0.0,0.0,0.0,0.0,0.44657403226602693,0.0,0.0,1.0100847714685863,1.0100847714685863,1.0100847714685863,1.0100847714685863,global
380,0,0.8100588812908665,0.0,0.0,0.0,0.0,0.0,0.0,0.0,0.0,0.0,0.0,0.0,1.0,0.07250743380612475,0.0,0.0,1.5960441904260563,1.5960441904260563,1.5960441904260563,1.5960441904260563,global
381,0,0.3474142088841704,0.0,0.0,0.0,0.0,0.0,0.75,0.75,0.16666666666666666,0.0,0.0,0.0,1.0,0.26326801577226394,0.0,0.0,2.3318304858611585,2.3318304858611585,2.3318304858611585,2.3318304858611585,global
382,0,0.8263775209308722,0.0,0.0,0.0,0.0,0.0,0.25,0.25,0.16666666666666666,0.0,0.0,0.0,1.0,0.23636931049636356,0.0,0.0,2.0563453221834895,2.0563453221834895,2.0563453221834895,2.0563453221834895,global
383,0,0.9176924093753914,0.0,0.0,0.0,0.0,0.0,0.0,0.0,0.0,0.0,0.0,0.0,1.0,0.23366180981366802,0.0,0.0,1.7358494104882412,1.7358494104882412,1.7358494104882412,1.7358494104882412,global
384,0,0.9399040605096192,0.0,0.0,0.0,0.0,0.0,0.2,0.2,0.16666666666666666,0.0,0.0,0.0,1.0,0.30158660531407794,0.0,0.0,2.101900817815698,2.101900817815698,2.101900817815698,2.101900817815698,global
385,0,0.9010406770073397,0.0,0.0,0.0,0.0,0.0,0.0,0.0,0.0,0.0,0.0,0.0,1.0,0.21076553741990833,0.0,0.0,1.7150346888731012,1.7150346888731012,1.7150346888731012,1.7150346888731012,global
386,0,0.8468561896286446,0.5,0.5,0.0,0.0,0.5,0.3333333333333333,0.3333333333333333,0.16666666666666666,0.0,0.0,0.0,1.0,0.19812081399433018,0.0,0.0,3.1553809916711164,3.1553809916711164,3.1553809916711164,3.1553809916711164,global
387,0,0.8449267492754299,0.0,0.0,0.0,0.0,0.0,0.3333333333333333,0.3333333333333333,0.3333333333333333,0.0,0.0,0.0,1.0,0.3634419542717175,0.0,0.0,2.3034921728681543,2.3034921728681543,2.3034921728681543,2.3034921728681543,global
388,0,0.278960985189262,0.0,0.0,0.0,0.0,0.0,0.5,0.5,0.16666666666666666,0.0,0.0,0.0,1.0,0.15401445007427392,0.0,0.0,1.9402118029955264,1.9402118029955264,1.9402118029955264,1.9402118029955264,global
389,0,0.9245041121034175,0.0,0.0,0.0,0.0,0.0,0.0,0.0,0.0,0.0,0.0,0.0,1.0,0.16151240140946221,0.0,0.0,1.7117578390361772,1.7117578390361772,1.7117578390361772,1.7117578390361772,global
39,1,0.5139260512000476,0.0,0.0,0.0,0.0,0.0,0.07692307692307693,0.07692307692307693,0.5,0.0,0.0,0.0,0.0,0.6334252181187009,0.0,0.0,0.9554260153952061,0.9554260153952061,0.9554260153952061,0.9554260153952061,global
390,0,0.8085821798766435,0.0,0.0,0.0,0.0,0.0,0.0,0.0,0.16666666666666666,0.0,0.0,0.0,1.0,0.3098950555981127,0.0,0.0,1.773298881486229,1.773298881486229,1.773298881486229,1.773298881486229,global
391,0,0.9136534785456938,0.0,0.0,0.0,0.0,0.0,0.0,0.0,0.0,0.0,0.0,0.0,1.0,0.12297554361445674,0.0,0.0,1.6887476524277683,1.6887476524277683,1.6887476524277683,1.6887476524277683,global
392,0,0.8438670671789698,0.0,0.0,0.0,0.0,0.0,0.0,0.0,0.16666666666666666,0.0,0.0,0.0,1.0,0.246139771941288,0.0,0.0,1.7724961891351272,1.7724961891351272,1.7724961891351272,1.7724961891351272,global
393,0,0.9012494770696458,0.5,0.5,0.0,0.0,0.5,0.0,0.0,0.0,0.0,0.0,0.0,1.0,0.3482309511010024,0.0,0.0,2.7701670143891532,2.7701670143891532,2.7701670143891532,2.7701670143891532,global
394,0,0.877540651079759,0.0,0.0,0.0,0.0,0.0,0.0,0.0,0.0,0.0,0.0,0.0,1.0,0.20697469013638758,0.0,0.0,1.6970683318103865,1.6970683318103865,1.6970683318103865,1.6970683318103865,global
395,0,0.8952179431418772,0.0,0.0,0.0,0.0,0.0,0.0,0.0,0.0,0.0,0.0,0.0,1.0,0.07444417229136463,0.0,0.0,1.65643022911586,1.65643022911586,1.65643022911586,1.65643022911586,global
396,0,0.9271505585120339,0.5,0.5,0.0,0.0,0.5,0.0,0.0,0.0,0.0,0.0,0.0,1.0,0.11411714015434145,0.0,0.0,2.6946522470201604,2.6946522470201604,2.6946522470201604,2.6946522470201604,global
397,0,0.8311832620032946,0.0,0.0,0.0,0.0,0.0,0.16666666666666666,0.16666666666666666,0.16666666666666666,0.0,0.0,0.0,1.0,0.33196342579143134,0.0,0.0,1.997946987052212,1.997946987052212,1.997946987052212,1.997946987052212,global
398,0,0.9174359831514467,0.5,0.5,0.0,0.0,0.5,0.16666666666666666,0.16666666666666666,0.16666666666666666,0.0,0.0,0.0,1.0,0.3621420107163107,0.0,0.0,3.0703953258258703,3.0703953258258703,3.0703953258258703,3.0703953258258703,global
399,0,0.8832827979948877,0.0,0.0,0.0,0.0,0.0,0.0,0.0,0.0,0.0,0.0,0.0,1.0,0.3066144556020952,0.0,0.0,1.7409437408372594,1.7409437408372594,1.7409437408372594,1.7409437408372594,global
4,1,0.7578613341434621,0.0,0.0,0.0,0.0,0.0,0.14285714285714285,0.14285714285714285,0.5,0.0,0.0,0.0,0.0,0.36521938133670795,0.0,0.0,1.098019257863678,1.098019257863678,1.098019257863678,1.098019257863678,global
40,1,0.1813923315962792,0.0,0.0,0.0,0.0,0.0,0.0,0.0,0.6666666666666666,0.0,0.0,0.0,0.0,0.5017531387830241,0.0,0.0,0.6610092209639383,0.6610092209639383,0.6610092209639383,0.6610092209639383,global
400,0,0.9472329717369041,0.0,0.0,0.0,0.0,0.0,0.0,0.0,0.0,0.0,0.0,0.0,1.0,0.11856238896074471,0.0,0.0,1.7104880358001306,1.7104880358001306,1.7104880358001306,1.7104880358001306,global
401,0,0.9369007082921377,0.0,0.0,0.0,0.0,0.0,0.0,0.0,0.0,0.0,0.0,0.0,1.0,0.16768734716734632,0.0,0.0,1.722905434671435,1.722905434671435,1.722905434671435,1.722905434671435,global
402,0,0.8545248728627419,0.0,0.0,0.0,0.0,0.0,0.2,0.2,0.16666666666666666,0.0,0.0,0.0,1.0,0.2972875234911406,0.0,0.0,2.040415753733709,2.040415753733709,2.040415753733709,2.040415753733709,global
403,0,0.8955918375510831,0.0,0.0,0.0,0.0,0.0,0.2,0.2,0.16666666666666666,0.0,0.0,0.0,1.0,0.2917240113034427,0.0,0.0,2.0669372241404687,2.0669372241404687,2.0669372241404687,2.0669372241404687,global
404,0,0.1602663718152296,0.0,0.0,0.0,0.0,0.0,0.6,0.6,0.3333333333333333,0.0,0.0,0.0,1.0,0.34565121210968436,0.0,0.0,2.137113611781201,2.137113611781201,2.137113611781201,2.137113611781201,global
405,0,0.22111908447997158,0.0,0.0,0.0,0.0,0.0,0.75,0.75,0.16666666666666666,0.0,0.0,0.0,1.0,0.27016852025228266,0.0,0.0,2.2461841005702263,2.2461841005702263,2.2461841005702263,2.2461841005702263,global
406,0,0.8964733571465352,0.5,0.5,0.0,0.0,0.5,0.2857142857142857,0.2857142857142857,0.3333333333333333,0.0,0.0,0.0,1.0,0.4340993295074364,0.0,0.0,3.310694891329359,3.310694891329359,3.310694891329359,3.310694891329359,global
407,0,0.9176533501147792,0.0,0.0,0.0,0.0,0.0,0.0,0.0,0.0,0.0,0.0,0.0,1.0,0.21663745222615233,0.0,0.0,1.7290123259708061,1.7290123259708061,1.7290123259708061,1.7290123259708061,global
408,0,0.8522393979109357,0.5,0.5,0.0,0.0,0.5,0.0,0.0,0.16666666666666666,0.0,0.0,0.0,1.0,0.33933415237603465,0.0,0.0,2.8156345728214025,2.8156345728214025,2.8156345728214025,2.8156345728214025,global
409,0,0.870429832824368,0.0,0.0,0.0,0.0,0.0,0.0,0.0,0.0,0.0,0.0,0.0,1.0,0.25991723368518205,0.0,0.0,1.7132677764511302,1.7132677764511302,1.7132677764511302,1.7132677764511302,global
41,1,0.5197694037086587,0.0,0.0,0.0,0.0,0.0,0.0,0.0,0.5,0.0,0.0,0.0,0.0,0.28120772151264833,0.0,0.0,0.7263216712011205,0.7263216712011205,0.7263216712011205,0.7263216712011205,global
410,0,0.8161251184278778,0.0,0.0,0.0,0.0,0.0,0.0,0.0,0.0,0.0,0.0,0.0,1.0,0.22685243469727084,0.0,0.0,1.6620285567784228,1.6620285567784228,1.6620285567784228,1.6620285567784228,global
411,0,0.9456602919908423,0.0,0.0,0.0,0.0,0.0,0.0,0.0,0.0,0.0,0.0,0.0,1.0,0.1642269005933783,0.0,0.0,1.7276529646309409,1.7276529646309409,1.7276529646309409,1.7276529646309409,global
412,0,0.9068757530183489,0.0,0.0,0.0,0.0,0.0,0.0,0.0,0.0,0.0,0.0,0.0,1.0,0.07195685439152631,0.0,0.0,1.6635957688694547,1.6635957688694547,1.6635957688694547,1.6635957688694547,global
413,0,0.8692670575121658,0.5,0.5,0.0,0.0,0.5,0.0,0.0,0.0,0.0,0.0,0.0,1.0,0.2451820228040695,0.0,0.0,2.7065597493801437,2.7065597493801437,2.7065597493801437,2.7065597493801437,global
414,0,0.861441846832195,0.0,0.0,0.0,0.0,0.0,0.25,0.25,0.16666666666666666,0.0,0.0,0.0,1.0,0.2503030597951208,0.0,0.0,2.086463850033918,2.086463850033918,2.086463850033918,2.086463850033918,global
415,0,0.8689037628279587,0.0,0.0,0.0,0.0,0.0,0.14285714285714285,0.14285714285714285,0.16666666666666666,0.0,0.0,0.0,1.0,0.37194111921751194,0.0,0.0,2.0117709864284805,2.0117709864284805,2.0117709864284805,2.0117709864284805,global
416,0,0.9247461633578433,0.0,0.0,0.0,0.0,0.0,0.0,0.0,0.0,0.0,0.0,0.0,1.0,0.16493821668979103,0.0,0.0,1.7132976010264067,1.7132976010264067,1.7132976010264067,1.7132976010264067,global
417,0,0.985037834756422,0.0,0.0,0.0,0.0,0.0,0.0,0.0,0.0,0.0,0.0,0.0,1.0,0.17668599193495563,0.0,0.0,1.7602008811034777,1.7602008811034777,1.7602008811034777,1.7602008811034777,global
418,0,0.8290466188066092,0.0,0.0,0.0,0.0,0.0,0.0,0.0,0.16666666666666666,0.0,0.0,0.0,1.0,0.22354217514143368,0.0,0.0,1.7530828365545332,1.7530828365545332,1.7530828365545332,1.7530828365545332,global
419,0,0.8787297079018899,0.0,0.0,0.0,0.0,0.0,0.0,0.0,0.0,0.0,0.0,0.0,1.0,0.3534683735530425,0.0,0.0,1.7564981449525399,1.7564981449525399,1.7564981449525399,1.7564981449525399,global
42,1,0.5688369101445884,0.0,0.0,0.0,0.0,0.0,0.0,0.0,0.6666666666666666,0.0,0.0,0.0,0.0,0.5322728971783665,0.0,0.0,0.9444283293058917,0.9444283293058917,0.9444283293058917,0.9444283293058917,global
420,0,0.8443272114052895,0.0,0.0,0.0,0.0,0.0,0.0,0.0,0.0,0.0,0.0,0.0,1.0,0.1607199721765155,0.0,0.0,1.6553170368543089,1.6553170368543089,1.6553170368543089,1.6553170368543089,global
421,0,0.8973059437649378,0.0,0.0,0.0,0.0,0.0,0.3333333333333333,0.3333333333333333,0.3333333333333333,0.0,0.0,0.0,1.0,0.3759274471198463,0.0,0.0,2.345151806150062,2.345151806150062,2.345151806150062,2.345151806150062,global
422,0,0.8831595217411341,0.0,0.0,0.0,0.0,0.0,0.0,0.0,0.0,0.0,0.0,0.0,1.0,0.21140290319175503,0.0,0.0,1.702772826495496,1.702772826495496,1.702772826495496,1.702772826495496,global
423,0,0.8723223919426554,0.0,0.0,0.0,0.0,0.0,0.0,0.0,0.0,0.0,0.0,0.0,1.0,0.20742757475500023,0.0,0.0,1.693596704261859,1.693596704261859,1.693596704261859,1.693596704261859,global
424,0,0.3713159716492931,0.0,0.0,0.0,0.0,0.0,0.5,0.5,0.16666666666666666,0.0,0.0,0.0,1.0,0.1581958758560812,0.0,0.0,2.006532863830271,2.006532863830271,2.006532863830271,2.006532863830271,global
425,0,0.8539266418080125,0.0,0.0,0.0,0.0,0.0,0.0,0.0,0.16666666666666666,0.0,0.0,0.0,1.0,0.2559272313934761,0.0,0.0,1.7834528751563326,1.7834528751563326,1.7834528751563326,1.7834528751563326,global
426,0,0.9152662339643539,0.5,0.5,0.0,0.0,0.5,0.0,0.0,0.0,0.0,0.0,0.0,1.0,0.16042610166634527,0.0,0.0,2.704856804441586,2.704856804441586,2.704856804441586,2.704856804441586,global
427,0,0.9660011642636298,0.0,0.0,0.0,0.0,0.0,0.0,0.0,0.0,0.0,0.0,0.0,1.0,0.11790534236106893,0.0,0.0,1.7233629519289684,1.7233629519289684,1.7233629519289684,1.7233629519289684,global
428,0,0.9296361214234073,0.5,0.5,0.0,0.0,0.5,0.0,0.0,0.0,0.0,0.0,0.0,1.0,0.20557133129136065,0.0,0.0,2.7329738175129292,2.7329738175129292,2.7329738175129292,2.7329738175129292,global
429,0,0.8574550434172178,0.0,0.0,0.0,0.0,0.0,0.0,0.0,0.0,0.0,0.0,0.0,1.0,0.20254168192391642,0.0,0.0,1.681235203161619,1.681235203161619,1.681235203161619,1.681235203161619,global
43,1,0.19568359232811508,0.0,0.0,0.0,0.0,0.0,0.0,0.0,0.5,0.0,0.0,0.0,0.0,0.4202812283118534,0.0,0.0,0.555091005954422,0.555091005954422,0.555091005954422,0.555091005954422,global
430,0,0.8719669381509132,0.0,0.0,0.0,0.0,0.0,0.2,0.2,0.16666666666666666,0.0,0.0,0.0,1.0,0.29203892158149103,0.0,0.0,2.050525758671569,2.050525758671569,2.050525758671569,2.050525758671569,global
431,0,0.8593878234098158,1.0,1.0,0.0,0.0,1.0,0.25,0.25,0.16666666666666666,0.0,0.0,0.0,1.0,0.2456416699761191,0.0,0.0,4.083161477710652,4.083161477710652,4.083161477710652,4.083161477710652,global
432,0,0.8445987386073148,0.0,0.0,0.0,0.0,0.0,0.16666666666666666,0.16666666666666666,0.3333333333333333,0.0,0.0,0.0,1.0,0.3746938593776387,0.0,0.0,2.1077633274428424,2.1077633274428424,2.1077633274428424,2.1077633274428424,global
433,0,0.8776029426143412,0.5,0.5,0.0,0.0,0.5,0.0,0.0,0.0,0.0,0.0,0.0,1.0,0.1126544303754904,0.0,0.0,2.659383831980235,2.659383831980235,2.659383831980235,2.659383831980235,global
434,0,0.467156978968748,0.0,0.0,0.0,0.0,0.0,0.0,0.0,0.0,0.0,0.0,0.0,1.0,0.06401814356795457,0.0,0.0,1.3526171427053053,1.3526171427053053,1.3526171427053053,1.3526171427053053,global
435,0,0.8632999931446642,0.0,0.0,0.0,0.0,0.0,0.2,0.2,0.16666666666666666,0.0,0.0,0.0,1.0,0.30975984931010464,0.0,0.0,2.0515472682586404,2.0515472682586404,2.0515472682586404,2.0515472682586404,global
436,0,0.8494007044352172,0.0,0.0,0.0,0.0,0.0,0.5,0.5,0.3333333333333333,0.0,0.0,0.0,1.0,0.27560056893750595,0.0,0.0,2.471487387346321,2.471487387346321,2.471487387346321,2.471487387346321,global
437,0,0.8310482244108436,0.0,0.0,0.0,0.0,0.0,0.0,0.0,0.0,0.0,0.0,0.0,1.0,0.38642377209118417,0.0,0.0,1.736303265924064,1.736303265924064,1.736303265924064,1.736303265924064,global
438,0,0.8019181472900396,1.0,1.0,0.0,0.0,1.0,0.3333333333333333,0.3333333333333333,0.16666666666666666,0.0,0.0,0.0,1.0,0.19765458902082336,0.0,0.0,4.123737872044691,4.123737872044691,4.123737872044691,4.123737872044691,global
439,0,0.954489427309745,0.5,0.5,0.0,0.0,0.5,0.0,0.0,0.0,0.0,0.0,0.0,1.0,0.11165643451928987,0.0,0.0,2.7128051729245373,2.7128051729245373,2.7128051729245373,2.7128051729245373,global
44,1,0.8178337069766646,0.0,0.0,0.0,0.0,0.0,0.0,0.0,0.3333333333333333,0.0,0.0,0.0,0.0,0.39549109232645807,0.0,0.0,0.8973466984809151,0.8973466984809151,0.8973466984809151,0.8973466984809151,global
440,0,0.9026095815088814,1.0,1.0,0.0,0.0,1.0,0.0,0.0,0.0,0.0,0.0,0.0,1.0,0.11840094197406494,0.0,0.0,3.679187083845843,3.679187083845843,3.679187083845843,3.679187083845843,global
441,0,0.9160552600690627,0.5,0.5,0.0,0.0,0.5,0.0,0.0,0.0,0.0,0.0,0.0,1.0,0.3019619198446998,0.0,0.0,2.762023449986224,2.762023449986224,2.762023449986224,2.762023449986224,global
442,0,0.8371115575136087,0.0,0.0,0.0,0.0,0.0,0.0,0.0,0.0,0.0,0.0,0.0,1.0,0.38849054127664784,0.0,0.0,1.7413743067701852,1.7413743067701852,1.7413743067701852,1.7413743067701852,global
443,0,0.9261820630909063,0.0,0.0,0.0,0.0,0.0,0.0,0.0,0.0,0.0,0.0,0.0,1.0,0.17227868556702672,0.0,0.0,1.717238918390445,1.717238918390445,1.717238918390445,1.717238918390445,global
444,0,0.9178572133188666,0.0,0.0,0.0,0.0,0.0,0.0,0.0,0.0,0.0,0.0,0.0,1.0,0.21538252408460323,0.0,0.0,1.7286530589570477,1.7286530589570477,1.7286530589570477,1.7286530589570477,global
445,0,0.9412432559022818,0.0,0.0,0.0,0.0,0.0,0.0,0.0,0.0,0.0,0.0,0.0,1.0,0.1649396448115607,0.0,0.0,1.7248461370562216,1.7248461370562216,1.7248461370562216,1.7248461370562216,global
446,0,1.0,0.5,0.5,0.0,0.0,0.5,0.0,0.0,0.0,0.0,0.0,0.0,1.0,0.13377269319719168,0.0,0.0,2.7535090772788764,2.7535090772788764,2.7535090772788764,2.7535090772788764,global
447,0,0.9278536252030533,0.5,0.5,0.0,0.0,0.5,0.0,0.0,0.0,0.0,0.0,0.0,1.0,0.16670661389714514,0.0,0.0,2.7161801832009953,2.7161801832009953,2.7161801832009953,2.7161801832009953,global
448,0,0.9425526849439201,0.0,0.0,0.0,0.0,0.0,0.0,0.0,0.0,0.0,0.0,0.0,1.0,0.07730063007300098,0.0,0.0,1.6907071314899444,1.6907071314899444,1.6907071314899444,1.6907071314899444,global
449,0,0.8581608689407711,0.0,0.0,0.0,0.0,0.0,0.4,0.4,0.3333333333333333,0.0,0.0,0.0,1.0,0.32172316970193426,0.0,0.0,2.3760685428059802,2.3760685428059802,2.3760685428059802,2.3760685428059802,global
45,1,0.8807680495393394,0.5,0.25,0.0,0.0,0.25,0.0,0.0,0.3333333333333333,0.0,0.0,0.0,0.0,0.43750666706090297,0.0,0.0,1.6332069681685655,1.6332069681685655,1.6332069681685655,1.6332069681685655,global
450,0,0.8599747287309848,0.0,0.0,0.0,0.0,0.0,0.16666666666666666,0.16666666666666666,0.16666666666666666,0.0,0.0,0.0,1.0,0.3437822035939792,0.0,0.0,2.0228285248826143,2.0228285248826143,2.0228285248826143,2.0228285248826143,global
451,0,0.8520292910332189,0.0,0.0,0.0,0.0,0.0,0.125,0.125,0.16666666666666666,0.0,0.0,0.0,1.0,0.4284501228829377,0.0,0.0,2.0011338862097614,2.0011338862097614,2.0011338862097614,2.0011338862097614,global
452,0,0.8827361135480294,0.0,0.0,0.0,0.0,0.0,0.0,0.0,0.16666666666666666,0.0,0.0,0.0,1.0,0.3410145277371811,0.0,0.0,1.8376544239118264,1.8376544239118264,1.8376544239118264,1.8376544239118264,global
453,0,0.9703062498319971,0.0,0.0,0.0,0.0,0.0,0.0,0.0,0.0,0.0,0.0,0.0,1.0,0.08181629004794862,0.0,0.0,1.7119408909015774,1.7119408909015774,1.7119408909015774,1.7119408909015774,global
454,0,0.9163221408162939,0.0,0.0,0.0,0.0,0.0,0.0,0.0,0.0,0.0,0.0,0.0,1.0,0.26635229541610084,0.0,0.0,1.7479664167378461,1.7479664167378461,1.7479664167378461,1.7479664167378461,global
455,0,0.8831593765394218,0.0,0.0,0.0,0.0,0.0,0.25,0.25,0.16666666666666666,0.0,0.0,0.0,1.0,0.24192976433648436,0.0,0.0,2.0983168026455226,2.0983168026455226,2.0983168026455226,2.0983168026455226,global
456,0,0.9461835989620183,0.0,0.0,0.0,0.0,0.0,0.0,0.0,0.0,0.0,0.0,0.0,1.0,0.13175274855478833,0.0,0.0,1.715029618695328,1.715029618695328,1.715029618695328,1.715029618695328,global
457,0,0.9237206036637768,0.0,0.0,0.0,0.0,0.0,0.0,0.0,0.0,0.0,0.0,0.0,1.0,0.16914244281288654,0.0,0.0,1.7142613996897982,1.7142613996897982,1.7142613996897982,1.7142613996897982,global
458,0,0.8536260742635247,0.0,0.0,0.0,0.0,0.0,0.0,0.0,0.0,0.0,0.0,0.0,1.0,0.3537379308560436,0.0,0.0,1.7390334243268846,1.7390334243268846,1.7390334243268846,1.7390334243268846,global
459,0,0.8482705995082853,0.0,0.0,0.0,0.0,0.0,0.25,0.25,0.16666666666666666,0.0,0.0,0.0,1.0,0.2537434301236262,0.0,0.0,2.0786201250385834,2.0786201250385834,2.0786201250385834,2.0786201250385834,global
46,1,0.47066792007204766,0.0,0.0,0.0,0.0,0.0,0.0,0.0,0.3333333333333333,0.0,0.0,0.0,0.0,0.42336776410944665,0.0,0.0,0.6654813163608786,0.6654813163608786,0.6654813163608786,0.6654813163608786,global
460,0,0.885242149900839,0.5,0.5,0.0,0.0,0.5,0.0,0.0,0.0,0.0,0.0,0.0,1.0,0.25258620567080425,0.0,0.0,2.7207039871989087,2.7207039871989087,2.7207039871989087,2.7207039871989087,global
461,0,0.8460721003821545,0.0,0.0,0.0,0.0,0.0,0.0,0.0,0.0,0.0,0.0,0.0,1.0,0.12117068341132248,0.0,0.0,1.640718743632037,1.640718743632037,1.640718743632037,1.640718743632037,global
462,0,0.8411769150549473,0.0,0.0,0.0,0.0,0.0,0.125,0.125,0.16666666666666666,0.0,0.0,0.0,1.0,0.41759440377547147,0.0,0.0,1.9891949353819849,1.9891949353819849,1.9891949353819849,1.9891949353819849,global
463,0,0.34124948868578275,0.0,0.0,0.0,0.0,0.0,0.0,0.0,0.0,0.0,0.0,0.0,1.0,0.061752877893887295,0.0,0.0,1.2635757932376028,1.2635757932376028,1.2635757932376028,1.2635757932376028,global
464,0,0.26007998908228325,0.0,0.0,0.0,0.0,0.0,0.0,0.0,0.0,0.0,0.0,0.0,1.0,0.08508215474069351,0.0,0.0,1.2160888542538755,1.2160888542538755,1.2160888542538755,1.2160888542538755,global
465,0,0.8734834248343099,0.0,0.0,0.0,0.0,0.0,0.0,0.0,0.0,0.0,0.0,0.0,1.0,0.2996834753761246,0.0,0.0,1.7313117875344668,1.7313117875344668,1.7313117875344668,1.7313117875344668,global
466,0,0.8379707160453645,0.0,0.0,0.0,0.0,0.0,0.0,0.0,0.0,0.0,0.0,0.0,1.0,0.29005297901041743,0.0,0.0,1.702600692835922,1.702600692835922,1.702600692835922,1.702600692835922,global
467,0,0.9379509522772974,0.5,0.5,0.0,0.0,0.5,0.0,0.0,0.0,0.0,0.0,0.0,1.0,0.1706509051783366,0.0,0.0,2.7248260286654427,2.7248260286654427,2.7248260286654427,2.7248260286654427,global
468,0,0.8397751377242779,0.5,0.5,0.0,0.0,0.5,0.0,0.0,0.16666666666666666,0.0,0.0,0.0,1.0,0.2270920982388888,0.0,0.0,2.7620127690358838,2.7620127690358838,2.7620127690358838,2.7620127690358838,global
469,0,0.4471937037488305,0.0,0.0,0.0,0.0,0.0,0.0,0.0,0.0,0.0,0.0,0.0,1.0,0.06616225433676394,0.0,0.0,1.339500494358887,1.339500494358887,1.339500494358887,1.339500494358887,global
47,1,0.7860158009592352,0.0,0.0,0.0,0.0,0.0,0.0,0.0,0.3333333333333333,0.0,0.0,0.0,0.0,0.2652523035336126,0.0,0.0,0.8229786487515763,0.8229786487515763,0.8229786487515763,0.8229786487515763,global
470,0,0.905805035591753,0.0,0.0,0.0,0.0,0.0,0.0,0.0,0.0,0.0,0.0,0.0,1.0,0.16372263595330833,0.0,0.0,1.6995525792955504,1.6995525792955504,1.6995525792955504,1.6995525792955504,global
471,0,0.8855620292730645,0.0,0.0,0.0,0.0,0.0,0.0,0.0,0.0,0.0,0.0,0.0,1.0,0.15424235623544486,0.0,0.0,1.6815903629853233,1.6815903629853233,1.6815903629853233,1.6815903629853233,global
472,0,0.9377780170379326,0.5,0.5,0.0,0.0,0.5,0.0,0.0,0.0,0.0,0.0,0.0,1.0,0.2106658307544915,0.0,0.0,2.7407109442283493,2.7407109442283493,2.7407109442283493,2.7407109442283493,global
473,0,0.8694803588275535,0.5,0.5,0.0,0.0,0.5,0.2,0.2,0.16666666666666666,0.0,0.0,0.0,1.0,0.2910897410207583,0.0,0.0,3.048405480920924,3.048405480920924,3.048405480920924,3.048405480920924,global
474,0,0.9318237304211145,0.0,0.0,0.0,0.0,0.0,0.0,0.0,0.0,0.0,0.0,0.0,1.0,0.1652613714080724,0.0,0.0,1.7183811598580092,1.7183811598580092,1.7183811598580092,1.7183811598580092,global
475,0,0.8924739211825866,0.5,0.5,0.0,0.0,0.5,0.3333333333333333,0.3333333333333333,0.16666666666666666,0.0,0.0,0.0,1.0,0.1944786884787598,0.0,0.0,3.185856553552648,3.185856553552648,3.185856553552648,3.185856553552648,global
476,0,0.8892881956144401,0.5,0.5,0.0,0.0,0.5,0.0,0.0,0.0,0.0,0.0,0.0,1.0,0.21069386536518767,0.0,0.0,2.706779283076183,2.706779283076183,2.706779283076183,2.706779283076183,global
477,0,0.14717487653180772,0.0,0.0,0.0,0.0,0.0,1.0,1.0,0.16666666666666666,0.0,0.0,0.0,1.0,0.17171804032618068,0.0,0.0,2.455042963036071,2.455042963036071,2.455042963036071,2.455042963036071,global
478,0,0.8934782814266554,0.5,0.5,0.0,0.0,0.5,0.0,0.0,0.0,0.0,0.0,0.0,1.0,0.12017425296801042,0.0,0.0,2.673504498185863,2.673504498185863,2.673504498185863,2.673504498185863,global
479,0,0.884949858853953,0.0,0.0,0.0,0.0,0.0,0.14285714285714285,0.14285714285714285,0.16666666666666666,0.0,0.0,0.0,1.0,0.4119145549783983,0.0,0.0,2.038992627951031,2.038992627951031,2.038992627951031,2.038992627951031,global
48,1,0.8104005409199388,0.5,0.25,0.0,0.0,0.25,0.125,0.125,0.6666666666666666,0.0,0.0,0.0,0.0,0.4391891845097469,0.0,0.0,1.901289385781189,1.901289385781189,1.901289385781189,1.901289385781189,global
480,0,0.8840320388304227,0.5,0.5,0.0,0.0,0.5,0.0,0.0,0.0,0.0,0.0,0.0,1.0,0.2593382518391154,0.0,0.0,2.722557727916942,2.722557727916942,2.722557727916942,2.722557727916942,global
481,0,0.8421455556777871,0.0,0.0,0.0,0.0,0.0,0.0,0.0,0.16666666666666666,0.0,0.0,0.0,1.0,0.30452217662038605,0.0,0.0,1.7946440929559386,1.7946440929559386,1.7946440929559386,1.7946440929559386,global
482,0,0.7687987983251491,0.0,0.0,0.0,0.0,0.0,0.0,0.0,0.0,0.0,0.0,0.0,1.0,0.05870925608895739,0.0,0.0,1.5616428612631872,1.5616428612631872,1.5616428612631872,1.5616428612631872,global
483,0,0.8608986472264322,0.0,0.0,0.0,0.0,0.0,0.3333333333333333,0.3333333333333333,0.16666666666666666,0.0,0.0,0.0,1.0,0.20181093549630438,0.0,0.0,2.1666867605903577,2.1666867605903577,2.1666867605903577,2.1666867605903577,global
484,0,0.8988188004055266,0.5,0.5,0.0,0.0,0.5,0.25,0.25,0.16666666666666666,0.0,0.0,0.0,1.0,0.24712091300759034,0.0,0.0,3.111354858820238,3.111354858820238,3.111354858820238,3.111354858820238,global
485,0,0.8394037117441813,0.0,0.0,0.0,0.0,0.0,0.2857142857142857,0.2857142857142857,0.3333333333333333,0.0,0.0,0.0,1.0,0.4072527892243261,0.0,0.0,2.2600075234344668,2.2600075234344668,2.2600075234344668,2.2600075234344668,global
486,0,0.9305098001263945,0.5,0.5,0.0,0.0,0.5,0.0,0.0,0.0,0.0,0.0,0.0,1.0,0.21673329492430327,0.0,0.0,2.7380501780581974,2.7380501780581974,2.7380501780581974,2.7380501780581974,global
487,0,0.2581917678651513,0.0,0.0,0.0,0.0,0.0,0.0,0.0,0.0,0.0,0.0,0.0,1.0,0.08508215474069351,0.0,0.0,1.2147670994018833,1.2147670994018833,1.2147670994018833,1.2147670994018833,global
488,0,0.8792650666151878,0.0,0.0,0.0,0.0,0.0,0.0,0.0,0.0,0.0,0.0,0.0,1.0,0.164691243580242,0.0,0.0,1.6813620440627284,1.6813620440627284,1.6813620440627284,1.6813620440627284,global
489,0,0.8543140399764635,0.0,0.0,0.0,0.0,0.0,0.4,0.4,0.16666666666666666,0.0,0.0,0.0,1.0,0.29569962958283147,0.0,0.0,2.2796330131499905,2.2796330131499905,2.2796330131499905,2.2796330131499905,global
49,1,0.3502822694062043,1.0,0.5,0.0,0.0,0.5,0.0,0.0,0.5,0.0,0.0,0.0,0.0,0.4056314758934225,0.0,0.0,2.007450178941712,2.007450178941712,2.007450178941712,2.007450178941712,global
490,0,0.9124337841622648,0.5,0.5,0.0,0.0,0.5,0.0,0.0,0.0,0.0,0.0,0.0,1.0,0.15697318509465125,0.0,0.0,2.701492922951446,2.701492922951446,2.701492922951446,2.701492922951446,global
491,0,0.8071992787685748,0.0,0.0,0.0,0.0,0.0,0.0,0.0,0.0,0.0,0.0,0.0,1.0,0.24567525961976053,0.0,0.0,1.6633095989859064,1.6633095989859064,1.6633095989859064,1.6633095989859064,global
492,0,0.0,0.0,0.0,0.0,0.0,0.0,1.0,1.0,0.16666666666666666,0.0,0.0,0.0,1.0,0.1752559982133994,0.0,0.0,2.353435732618693,2.353435732618693,2.353435732618693,2.353435732618693,global
493,0,0.8747607642975271,0.5,0.5,0.0,0.0,0.5,0.0,0.0,0.0,0.0,0.0,0.0,1.0,0.3479666775550696,0.0,0.0,2.751519206030297,2.751519206030297,2.751519206030297,2.751519206030297,global
494,0,0.8469772878567137,0.5,0.5,0.0,0.0,0.5,0.2,0.2,0.16666666666666666,0.0,0.0,0.0,1.0,0.30213103796633645,0.0,0.0,3.0370698500195674,3.0370698500195674,3.0370698500195674,3.0370698500195674,global
495,0,0.8615246118082135,0.0,0.0,0.0,0.0,0.0,0.0,0.0,0.16666666666666666,0.0,0.0,0.0,1.0,0.2215534671896864,0.0,0.0,1.7750219484749572,1.7750219484749572,1.7750219484749572,1.7750219484749572,global
496,0,0.8923422232295187,0.5,0.5,0.0,0.0,0.5,0.14285714285714285,0.14285714285714285,0.16666666666666666,0.0,0.0,0.0,1.0,0.37562001010321433,0.0,0.0,3.0296494650638537,3.0296494650638537,3.0296494650638537,3.0296494650638537,global
497,0,0.8948778807316402,0.5,0.5,0.0,0.0,0.5,0.0,0.0,0.16666666666666666,0.0,0.0,0.0,1.0,0.21174426971815147,0.0,0.0,2.794445557732742,2.794445557732742,2.794445557732742,2.794445557732742,global
498,0,0.903563266355353,0.0,0.0,0.0,0.0,0.0,0.0,0.0,0.0,0.0,0.0,0.0,1.0,0.3163220503178522,0.0,0.0,1.759023106575888,1.759023106575888,1.759023106575888,1.759023106575888,global
499,0,0.9284681188495617,0.0,0.0,0.0,0.0,0.0,0.0,0.0,0.0,0.0,0.0,0.0,1.0,0.11802717287716433,0.0,0.0,1.6971385523455589,1.6971385523455589,1.6971385523455589,1.6971385523455589,global
5,1,0.732036374698754,0.0,0.0,0.0,0.0,0.0,0.0,0.0,0.16666666666666666,0.0,0.0,0.0,0.0,0.18144968642216644,0.0,0.0,0.6683386701913278,0.6683386701913278,0.6683386701913278,0.6683386701913278,global
50,1,0.3174621085695346,0.0,0.0,0.0,0.0,0.0,0.0,0.0,0.5,0.0,0.0,0.0,0.0,0.5507898339957705,0.0,0.0,0.6925394095969825,0.6925394095969825,0.6925394095969825,0.6925394095969825,global
500,0,0.9259941720751733,0.0,0.0,0.0,0.0,0.0,0.0,0.0,0.0,0.0,0.0,0.0,1.0,0.2507227982905071,0.0,0.0,1.748485039768824,1.748485039768824,1.748485039768824,1.748485039768824,global
51,1,0.518936345184691,0.0,0.0,0.0,0.0,0.0,0.0,0.0,0.3333333333333333,0.0,0.0,0.0,0.0,0.33606122952665174,0.0,0.0,0.6643466001066111,0.6643466001066111,0.6643466001066111,0.6643466001066111,global
52,1,0.5311608773443202,0.0,0.0,0.0,0.0,0.0,0.0,0.0,0.5,0.0,0.0,0.0,0.0,0.5042072341580576,0.0,0.0,0.8234955078042471,0.8234955078042471,0.8234955078042471,0.8234955078042471,global
53,1,0.21555987357214307,0.0,0.0,0.0,0.0,0.0,0.0,0.0,0.6666666666666666,0.0,0.0,0.0,0.0,0.5264632422399884,0.0,0.0,0.6948105417298288,0.6948105417298288,0.6948105417298288,0.6948105417298288,global
54,1,0.5211384380532015,0.0,0.0,0.0,0.0,0.0,0.1,0.1,0.5,0.0,0.0,0.0,0.0,0.5169524396822041,0.0,0.0,0.9415778825101226,0.9415778825101226,0.9415778825101226,0.9415778825101226,global
55,1,0.513639495620798,0.0,0.0,0.0,0.0,0.0,0.0,0.0,0.5,0.0,0.0,0.0,0.0,0.35085434316654707,0.0,0.0,0.7498893842011775,0.7498893842011775,0.7498893842011775,0.7498893842011775,global
56,1,0.3919180981029596,0.0,0.0,0.0,0.0,0.0,0.14285714285714285,0.14285714285714285,0.6666666666666666,0.0,0.0,0.0,0.0,0.40682129308409304,0.0,0.0,0.9418330906676136,0.9418330906676136,0.9418330906676136,0.9418330906676136,global
57,1,0.5321551097689552,0.0,0.0,0.0,0.0,0.0,0.0,0.0,0.5,0.0,0.0,0.0,0.0,0.43821444302189716,0.0,0.0,0.7977943540470274,0.7977943540470274,0.7977943540470274,0.7977943540470274,global
58,1,0.8053717700174037,0.0,0.0,0.0,0.0,0.0,0.0,0.0,0.5,0.0,0.0,0.0,0.0,0.39621135658177464,0.0,0.0,0.9722447816448924,0.9722447816448924,0.9722447816448924,0.9722447816448924,global
59,1,0.46006605334794404,0.0,0.0,0.0,0.0,0.0,0.0,0.0,0.5,0.0,0.0,0.0,0.0,0.28176014966166635,0.0,0.0,0.6847502972082274,0.6847502972082274,0.6847502972082274,0.6847502972082274,global
6,1,0.783640300945795,0.5,0.25,0.0,0.0,0.25,0.14285714285714285,0.14285714285714285,0.5,0.0,0.0,0.0,0.0,0.3693539050108252,0.0,0.0,1.792718344094958,1.792718344094958,1.792718344094958,1.792718344094958,global
60,1,0.503037919300119,0.0,0.0,0.0,0.0,0.0,0.0,0.0,0.3333333333333333,0.0,0.0,0.0,0.0,0.34788636066013257,0.0,0.0,0.657947754440803,0.657947754440803,0.657947754440803,0.657947754440803,global
61,1,0.5668644174836729,0.0,0.0,0.0,0.0,0.0,0.0,0.0,0.16666666666666666,0.0,0.0,0.0,0.0,0.30377926769065994,0.0,0.0,0.6016501326481684,0.6016501326481684,0.6016501326481684,0.6016501326481684,global
62,1,0.4562061199291002,0.0,0.0,0.0,0.0,0.0,0.0,0.0,0.5,0.0,0.0,0.0,0.0,0.31260625967846173,0.0,0.0,0.6943867878217549,0.6943867878217549,0.6943867878217549,0.6943867878217549,global
63,1,0.1838393071526055,0.5,0.25,0.0,0.0,0.25,0.07692307692307693,0.07692307692307693,0.6666666666666666,0.0,0.0,0.0,0.0,0.6836216311117654,0.0,0.0,1.5027771930925558,1.5027771930925558,1.5027771930925558,1.5027771930925558,global
64,1,0.8029142310365066,0.0,0.0,0.0,0.0,0.0,0.0,0.0,0.5,0.0,0.0,0.0,0.0,0.4083916146648799,0.0,0.0,0.9753966075915066,0.9753966075915066,0.9753966075915066,0.9753966075915066,global
65,1,0.5044868871872902,0.0,0.0,0.0,0.0,0.0,0.0,0.0,0.0,0.0,0.0,0.0,0.0,0.03460233377068858,0.0,0.0,0.36698175453937854,0.36698175453937854,0.36698175453937854,0.36698175453937854,global
66,1,0.32340078600227906,0.0,0.0,0.0,0.0,0.0,0.0,0.0,0.6666666666666666,0.0,0.0,0.0,0.0,0.41666629035492464,0.0,0.0,0.7263803996768985,0.7263803996768985,0.7263803996768985,0.7263803996768985,global
67,1,0.5199698546725067,0.0,0.0,0.0,0.0,0.0,0.0,0.0,0.8333333333333334,0.0,0.0,0.0,0.0,0.596444051101319,0.0,0.0,1.019223185377949,1.019223185377949,1.019223185377949,1.019223185377949,global
68,1,0.1497603291461455,0.0,0.0,0.0,0.0,0.0,0.16666666666666666,0.16666666666666666,0.5,0.0,0.0,0.0,0.0,0.3605430186972033,0.0,0.0,0.6990494378811832,0.6990494378811832,0.6990494378811832,0.6990494378811832,global
69,1,0.43031981276093995,0.0,0.0,0.0,0.0,0.0,0.0,0.0,0.3333333333333333,0.0,0.0,0.0,0.0,0.24999017639995602,0.0,0.0,0.567886606159307,0.567886606159307,0.567886606159307,0.567886606159307,global
7,1,0.5118430237356338,0.0,0.0,0.0,0.0,0.0,0.0,0.0,0.6666666666666666,0.0,0.0,0.0,0.0,0.5022839441722928,0.0,0.0,0.8925370276171941,0.8925370276171941,0.8925370276171941,0.8925370276171941,global
70,1,0.4471876415773414,0.0,0.0,0.0,0.0,0.0,0.0,0.0,0.5,0.0,0.0,0.0,0.0,0.2812105553069498,0.0,0.0,0.675515571226919,0.675515571226919,0.675515571226919,0.675515571226919,global
71,1,0.1353293208413154,0.0,0.0,0.0,0.0,0.0,0.125,0.125,0.8333333333333334,0.0,0.0,0.0,0.0,0.5105084746309226,0.0,0.0,0.8656005811079566,0.8656005811079566,0.8656005811079566,0.8656005811079566,global
72,1,0.44182349101979135,0.5,0.25,0.0,0.0,0.25,0.0625,0.0625,0.8333333333333334,0.0,0.0,0.0,0.0,0.8882988124274931,0.0,0.0,1.8312626353515178,1.8312626353515178,1.8312626353515178,1.8312626353515178,global
73,1,0.4821805645366344,0.5,0.25,0.0,0.0,0.25,0.0,0.0,0.5,0.0,0.0,0.0,0.0,0.5024837913155911,0.0,0.0,1.4635199117018804,1.4635199117018804,1.4635199117018804,1.4635199117018804,global
74,1,0.47352868420803784,0.0,0.0,0.0,0.0,0.0,0.0,0.0,0.3333333333333333,0.0,0.0,0.0,0.0,0.3497472887517918,0.0,0.0,0.6380356611130099,0.6380356611130099,0.6380356611130099,0.6380356611130099,global
75,1,0.4308655896970963,0.5,0.25,0.0,0.0,0.25,0.0,0.0,0.16666666666666666,0.0,0.0,0.0,0.0,0.23620487185572991,0.0,0.0,1.1544211948635925,1.1544211948635925,1.1544211948635925,1.1544211948635925,global
76,1,0.20473991387614537,0.0,0.0,0.0,0.0,0.0,0.0,0.0,0.5,0.0,0.0,0.0,0.0,0.33304639126480046,0.0,0.0,0.5265364962192219,0.5265364962192219,0.5265364962192219,0.5265364962192219,global
77,1,0.4212012904293976,0.5,0.25,0.0,0.0,0.25,0.0,0.0,0.6666666666666666,0.0,0.0,0.0,0.0,0.41552927694408814,0.0,0.0,1.4693859474115467,1.4693859474115467,1.4693859474115467,1.4693859474115467,global
78,1,0.39368175440114106,0.0,0.0,0.0,0.0,0.0,0.09090909090909091,0.09090909090909091,0.6666666666666666,0.0,0.0,0.0,0.0,0.5696410801608626,0.0,0.0,0.9458579025693861,0.9458579025693861,0.9458579025693861,0.9458579025693861,global
79,1,0.8036217989806077,0.0,0.0,0.0,0.0,0.0,0.0,0.0,0.3333333333333333,0.0,0.0,0.0,0.0,0.3293345355852866,0.0,0.0,0.8609357401872066,0.8609357401872066,0.8609357401872066,0.8609357401872066,global
8,1,0.42685243217133423,0.0,0.0,0.0,0.0,0.0,0.0,0.0,0.3333333333333333,0.0,0.0,0.0,0.0,0.28469586517814716,0.0,0.0,0.5793417152578595,0.5793417152578595,0.5793417152578595,0.5793417152578595,global
80,1,0.4838935454372186,0.5,0.25,0.0,0.0,0.25,0.1,0.1,0.8333333333333334,0.0,0.0,0.0,0.0,0.573899650232542,0.0,0.0,1.7799520085657365,1.7799520085657365,1.7799520085657365,1.7799520085657365,global
81,1,0.2815304928405664,0.5,0.25,0.0,0.0,0.25,0.0,0.0,0.6666666666666666,0.0,0.0,0.0,0.0,0.42977936911111125,0.0,0.0,1.3773164259661743,1.3773164259661743,1.3773164259661743,1.3773164259661743,global
82,1,0.8810527900971852,0.5,0.25,0.0,0.0,0.25,0.0,0.0,0.8333333333333334,0.0,0.0,0.0,0.0,0.6549958060592529,0.0,0.0,1.9704019421583976,1.9704019421583976,1.9704019421583976,1.9704019421583976,global
83,1,0.8518097460442017,0.0,0.0,0.0,0.0,0.0,0.0,0.0,0.6666666666666666,0.0,0.0,0.0,0.0,0.579340370588644,0.0,0.0,1.1613363037997322,1.1613363037997322,1.1613363037997322,1.1613363037997322,global
84,1,0.8109232670842655,0.0,0.0,0.0,0.0,0.0,0.0,0.0,0.3333333333333333,0.0,0.0,0.0,0.0,0.3311666942888409,0.0,0.0,0.8667796313411888,0.8667796313411888,0.8667796313411888,0.8667796313411888,global
85,1,0.5608596006709698,0.0,0.0,0.0,0.0,0.0,0.0,0.0,0.0,0.0,0.0,0.0,0.0,0.1010993191519687,0.0,0.0,0.43304144813046636,0.43304144813046636,0.43304144813046636,0.43304144813046636,global
86,1,0.4484569223455253,0.0,0.0,0.0,0.0,0.0,0.0,0.0,0.8333333333333334,0.0,0.0,0.0,0.0,0.5822243596218676,0.0,0.0,0.9634762561572815,0.9634762561572815,0.9634762561572815,0.9634762561572815,global
87,1,0.5593235117564109,0.0,0.0,0.0,0.0,0.0,0.0,0.0,0.16666666666666666,0.0,0.0,0.0,0.0,0.213392068136011,0.0,0.0,0.5602166188172253,0.5602166188172253,0.5602166188172253,0.5602166188172253,global
88,1,0.800757985608659,0.0,0.0,0.0,0.0,0.0,0.0,0.0,0.3333333333333333,0.0,0.0,0.0,0.0,0.3500727157515192,0.0,0.0,0.8672263428933356,0.8672263428933356,0.8672263428933356,0.8672263428933356,global
89,1,0.812349583504316,0.0,0.0,0.0,0.0,0.0,0.0,0.0,0.5,0.0,0.0,0.0,0.0,0.4790489429020819,0.0,0.0,1.010264285613854,1.010264285613854,1.010264285613854,1.010264285613854,global
9,1,0.7977886105918587,0.0,0.0,0.0,0.0,0.0,0.0,0.0,0.5,0.0,0.0,0.0,0.0,0.3481680829242979,0.0,0.0,0.9477192605840201,0.9477192605840201,0.9477192605840201,0.9477192605840201,global
90,1,0.4098583867665047,0.0,0.0,0.0,0.0,0.0,0.09090909090909091,0.09090909090909091,0.8333333333333334,0.0,0.0,0.0,0.0,0.6448234472828493,0.0,0.0,1.070587825407269,1.070587825407269,1.070587825407269,1.070587825407269,global
91,1,0.46472205515454373,0.0,0.0,0.0,0.0,0.0,0.0,0.0,0.6666666666666666,0.0,0.0,0.0,0.0,0.5417154914494802,0.0,0.0,0.8753249685213059,0.8753249685213059,0.8753249685213059,0.8753249685213059,global
92,1,0.45869106573319635,0.0,0.0,0.0,0.0,0.0,0.14285714285714285,0.14285714285714285,0.6666666666666666,0.0,0.0,0.0,0.0,0.42098473367443096,0.0,0.0,0.9942395442449146,0.9942395442449146,0.9942395442449146,0.9942395442449146,global
93,1,0.8041378458661681,0.0,0.0,0.0,0.0,0.0,0.0,0.0,0.3333333333333333,0.0,0.0,0.0,0.0,0.3165822501669514,0.0,0.0,0.8561960588397648,0.8561960588397648,0.8561960588397648,0.8561960588397648,global
94,1,0.530278813242447,0.5,0.25,0.0,0.0,0.25,0.0,0.0,0.5,0.0,0.0,0.0,0.0,0.49171463976082974,0.0,0.0,1.4928810251740448,1.4928810251740448,1.4928810251740448,1.4928810251740448,global
95,1,0.4380336900279947,0.0,0.0,0.0,0.0,0.0,0.1111111111111111,0.1111111111111111,0.8333333333333334,0.0,0.0,0.0,0.0,0.5395529220760569,0.0,0.0,1.072444751850019,1.072444751850019,1.072444751850019,1.072444751850019,global
96,1,0.8392531375685127,0.0,0.0,0.0,0.0,0.0,0.0,0.0,0.3333333333333333,0.0,0.0,0.0,0.0,0.43942974142378677,0.0,0.0,0.9299157595341403,0.9299157595341403,0.9299157595341403,0.9299157595341403,global
97,1,0.7792521599979846,0.0,0.0,0.0,0.0,0.0,0.0,0.0,0.16666666666666666,0.0,0.0,0.0,0.0,0.18626787612513396,0.0,0.0,0.7033169957819762,0.7033169957819762,0.7033169957819762,0.7033169957819762,global
98,1,0.8636830352617457,0.0,0.0,0.0,0.0,0.0,0.0,0.0,0.8333333333333334,0.0,0.0,0.0,0.0,0.6756895531639479,0.0,0.0,1.2915206126154677,1.2915206126154677,1.2915206126154677,1.2915206126154677,global
99,1,0.8134099916093376,0.5,0.25,0.0,0.0,0.25,0.0,0.0,0.16666666666666666,0.0,0.0,0.0,0.0,0.2519980140503576,0.0,0.0,1.4285195330800124,1.4285195330800124,1.4285195330800124,1.4285195330800124,global
