node_id,ml_score,ris_score,fair_ris_score,fairness_bonus,weak_group_bonus,community_diversity_bonus,protected_group_coverage_bonus,spread_proxy_score,under_served_group_bonus,over_served_group_penalty,parity_adjusted_score,base_combined_score,combined_score,score_normalization
1,0.1679647296686638,0.0,0.0,0.0,0.0,0.2857142857142857,0.0,0.23350758948828315,0.0,0.0,0.37063196238738716,0.37063196238738716,0.37063196238738716,global
10,0.03127071817779937,0.3333333333333333,0.16832920514214536,0.0,0.0,0.14285714285714285,0.0,0.18124478791643767,0.0,0.0,0.6042714406412938,0.6042714406412938,0.6042714406412938,global
100,0.16802179862195046,0.0,0.0,0.0,0.0,0.7142857142857143,0.0,0.6350968717699038,0.0,0.0,0.7455990447483791,0.7455990447483791,0.7455990447483791,global
101,0.030669223683051063,0.3333333333333333,0.16832920514214536,0.0,0.0,0.5714285714285714,0.0,0.46757686074501575,0.0,0.0,0.9326087884626406,0.9326087884626406,0.9326087884626406,global
102,0.16802032587476887,0.0,0.0,0.0,0.0,0.2857142857142857,0.0,0.31930562690289205,0.0,0.0,0.4049956543181148,0.4049956543181148,0.4049956543181148,global
103,0.1679647296686638,0.0,0.0,0.2,0.2,0.5714285714285714,0.0,0.3834512997833366,0.0,0.0,0.8134665893625515,0.8134665893625515,0.8134665893625515,global
104,0.031086870237964036,0.3333333333333333,0.16832920514214536,0.0,0.0,0.7142857142857143,0.0,0.6685919628315373,0.0,0.0,1.084777517969751,1.084777517969751,1.084777517969751,global
105,0.03127071817779937,0.3333333333333333,0.16832920514214536,0.0,0.0,0.14285714285714285,0.0,0.24769169596031723,0.0,0.0,0.6308502038588456,0.6308502038588456,0.6308502038588456,global
106,0.1679647296686638,0.0,0.0,0.14285714285714285,0.14285714285714285,0.5714285714285714,0.0,0.5023668412422501,0.0,0.0,0.7924613773746882,0.7924613773746882,0.7924613773746882,global
107,0.03127071817779937,0.3333333333333333,0.16832920514214536,0.0,0.0,0.42857142857142855,0.0,0.3303438088728569,0.0,0.0,0.8067681918810043,0.8067681918810043,0.8067681918810043,global
108,0.1682731474742754,0.0,0.0,0.2222222222222222,0.2222222222222222,0.7142857142857143,0.0,0.650447451163815,0.0,0.0,1.01860702225447,1.01860702225447,1.01860702225447,global
109,0.1679647296686638,0.0,0.0,0.0,0.0,0.5714285714285714,0.0,0.5652936460187437,0.0,0.0,0.6462035278567142,0.6462035278567142,0.6462035278567142,global
11,0.1680182394829283,0.0,0.0,0.08333333333333333,0.08333333333333333,0.8571428571428571,0.0,0.8160039402315618,0.0,0.0,0.989387596250396,0.989387596250396,0.989387596250396,global
110,0.16818257352260751,0.0,0.0,0.0,0.0,0.2857142857142857,0.0,0.36118739434986763,0.0,0.0,0.4218781594151759,0.4218781594151759,0.4218781594151759,global
111,0.16802032587476887,0.0,0.0,0.0,0.0,0.14285714285714285,0.0,0.17868217609181852,0.0,0.0,0.27731770256511395,0.27731770256511395,0.27731770256511395,global
112,0.16802032587476887,0.0,0.0,0.0,0.0,0.2857142857142857,0.0,0.22930834253462118,0.0,0.0,0.36899674057080645,0.36899674057080645,0.36899674057080645,global
113,0.16796718424729978,0.0,0.0,0.125,0.125,0.5714285714285714,0.0,0.5360595340420906,0.0,0.0,0.7845118467289618,0.7845118467289618,0.7845118467289618,global
114,0.16737918993504938,0.0,0.0,0.0,0.0,0.42857142857142855,0.0,0.4947641933858126,0.0,0.0,0.5460947435880789,0.5460947435880789,0.5460947435880789,global
115,0.16802032587476887,0.0,0.0,0.0,0.0,0.2857142857142857,0.0,0.27224407910754767,0.0,0.0,0.38617103519997703,0.38617103519997703,0.38617103519997703,global
116,0.16851762350641958,0.0,0.0,0.09090909090909091,0.09090909090909091,0.7142857142857143,0.0,0.7264991681136017,0.0,0.0,0.8916475322843427,0.8916475322843427,0.8916475322843427,global
117,0.03125648162171065,0.3333333333333333,0.16832920514214536,0.0,0.0,0.5714285714285714,0.0,0.6698249240126806,0.0,0.0,1.0139778201206342,1.0139778201206342,1.0139778201206342,global
118,0.16879462270549056,0.0,0.0,0.0,0.0,0.8571428571428571,0.0,0.7586105022997018,0.0,0.0,0.8670513276557018,0.8670513276557018,0.8670513276557018,global
119,0.030669223683051063,0.3333333333333333,0.16832920514214536,0.0,0.0,0.42857142857142855,0.0,0.43412643627168673,0.0,0.0,0.8478000472447376,0.8478000472447376,0.8478000472447376,global
12,0.02680436689175971,0.3333333333333333,0.16832920514214536,0.25,0.25,0.42857142857142855,0.0,0.5130029395631261,0.0,0.0,1.1762587631282801,1.1762587631282801,1.1762587631282801,global
120,0.16818257352260751,0.0,0.0,0.0,0.0,0.2857142857142857,0.0,0.3203222952542482,0.0,0.0,0.40553211977692816,0.40553211977692816,0.40553211977692816,global
121,0.16778088172882846,0.0,0.0,0.0,0.0,0.42857142857142855,0.0,0.6799259360913305,0.0,0.0,0.6204807941053092,0.6204807941053092,0.6204807941053092,global
122,0.16802032587476887,0.0,0.0,0.0,0.0,0.42857142857142855,0.0,0.33339388293320593,0.0,0.0,0.4820595281588117,0.4820595281588117,0.4820595281588117,global
123,0.030663209965392894,0.3333333333333333,0.16832920514214536,0.0,0.0,0.14285714285714285,0.0,0.09639736499032482,0.0,0.0,0.5698464649009234,0.5698464649009234,0.5698464649009234,global
124,0.16732359372894431,0.0,0.0,0.0,0.0,0.42857142857142855,0.0,0.38928838084073975,0.0,0.0,0.5038599416051657,0.5038599416051657,0.5038599416051657,global
125,0.16737918993504938,0.0,0.0,0.0,0.0,0.5714285714285714,0.0,0.5224992321335705,0.0,0.0,0.6286173305157534,0.6286173305157534,0.6286173305157534,global
126,0.16802032587476887,0.0,0.0,0.0,0.0,0.5714285714285714,0.0,0.46190411796562714,0.0,0.0,0.6048921936003517,0.6048921936003517,0.6048921936003517,global
127,0.16778088172882846,0.0,0.0,0.0,0.0,0.5714285714285714,0.0,0.7854042064445291,0.0,0.0,0.7341006736751601,0.7341006736751601,0.7341006736751601,global
128,0.5117573089374399,0.6666666666666666,0.3366584102842907,0.25,0.25,0.2857142857142857,0.0,0.25367879374599395,0.0,0.0,1.8243912665133077,1.8243912665133077,1.8243912665133077,global
129,0.03127071817779937,0.3333333333333333,0.16832920514214536,0.0,0.0,0.2857142857142857,0.0,0.36407616388180963,0.0,0.0,0.7488325624560139,0.7488325624560139,0.7488325624560139,global
13,0.16778088172882846,0.0,0.0,0.2,0.2,0.8571428571428571,0.0,0.7711594169552779,0.0,0.0,1.1112599007366026,1.1112599007366026,1.1112599007366026,global
130,0.1679647296686638,0.0,0.0,0.0,0.0,0.2857142857142857,0.0,0.27244433908408494,0.0,0.0,0.3862066622257079,0.3862066622257079,0.3862066622257079,global
131,0.031086870237964036,0.3333333333333333,0.16832920514214536,0.0,0.0,0.42857142857142855,0.0,0.5700646277522581,0.0,0.0,0.9025094410808965,0.9025094410808965,0.9025094410808965,global
132,0.16777192251680711,0.0,0.0,0.2222222222222222,0.2222222222222222,0.7142857142857143,0.0,0.6382635830082103,0.0,0.0,1.0133324950262534,1.0133324950262534,1.0133324950262534,global
133,0.16778088172882846,0.0,0.0,0.0,0.0,0.5714285714285714,0.0,0.7100306350919403,0.0,0.0,0.7039512451341245,0.7039512451341245,0.7039512451341245,global
134,0.031086870237964036,0.3333333333333333,0.16832920514214536,0.0,0.0,0.7142857142857143,0.0,0.7759710168091772,0.0,0.0,1.127729139560807,1.127729139560807,1.127729139560807,global
135,0.16777977716844228,0.0,0.0,0.125,0.125,0.7142857142857143,0.0,0.5767339417131364,0.0,0.0,0.8720602555628655,0.8720602555628655,0.8720602555628655,global
136,0.5145929609066624,0.6666666666666666,0.3366584102842907,0.0,0.0,0.42857142857142855,0.0,0.3938705150807135,0.0,0.0,1.654165048051145,1.654165048051145,1.654165048051145,global
137,0.16814649121665853,0.0,0.0,0.0,0.0,0.42857142857142855,0.0,0.6382480747992473,0.0,0.0,0.6041021371787401,0.6041021371787401,0.6041021371787401,global
138,0.1679647296686638,0.0,0.0,0.0,0.0,0.14285714285714285,0.0,0.13948072609009082,0.0,0.0,0.2615926455995388,0.2615926455995388,0.2615926455995388,global
139,0.030669223683051063,0.3333333333333333,0.16832920514214536,0.0,0.0,0.0,0.0,0.12795877162131572,0.0,0.0,0.5110472670988748,0.5110472670988748,0.5110472670988748,global
14,0.16732359372894431,0.0,0.0,0.0,0.0,0.42857142857142855,0.0,0.3313888649111058,0.0,0.0,0.480700135233312,0.480700135233312,0.480700135233312,global
140,0.03127071817779937,0.3333333333333333,0.16832920514214536,0.0,0.0,0.2857142857142857,0.0,0.2718149470934772,0.0,0.0,0.711928075740681,0.711928075740681,0.711928075740681,global
141,0.1684605545531329,0.0,0.0,0.0,0.0,0.42857142857142855,0.0,0.42177973240011546,0.0,0.0,0.5177660508882668,0.5177660508882668,0.5177660508882668,global
142,0.5063774862120182,0.6666666666666666,0.3366584102842907,0.0,0.0,0.14285714285714285,0.0,0.18465317868390516,0.0,0.0,1.4210485908795634,1.4210485908795634,1.4210485908795634,global
143,0.030669223683051063,0.3333333333333333,0.16832920514214536,0.0,0.0,0.2857142857142857,0.0,0.32151712617552425,0.0,0.0,0.7313277517777012,0.7313277517777012,0.7313277517777012,global
144,0.16802032587476887,0.0,0.0,0.0,0.0,0.14285714285714285,0.0,0.177623793796748,0.0,0.0,0.2768943496470857,0.2768943496470857,0.2768943496470857,global
145,0.1679647296686638,0.0,0.0,0.0,0.0,0.2857142857142857,0.0,0.23618492920680026,0.0,0.0,0.37170289827479397,0.37170289827479397,0.37170289827479397,global
146,0.515665120854861,0.6666666666666666,0.3366584102842907,0.0,0.0,0.7142857142857143,0.0,0.6477885804128182,0.0,0.0,1.8994471449996888,1.8994471449996888,1.8994471449996888,global
147,0.16802032587476887,0.0,0.0,0.0,0.0,0.2857142857142857,0.0,0.4090528893549241,0.0,0.0,0.4408945592989276,0.4408945592989276,0.4408945592989276,global
148,0.16737918993504938,0.0,0.0,0.0,0.0,0.42857142857142855,0.0,0.4625938881405683,0.0,0.0,0.5332266214899811,0.5332266214899811,0.5332266214899811,global
149,0.1679647296686638,0.0,0.0,0.0,0.0,0.42857142857142855,0.0,0.43934126511062044,0.0,0.0,0.5243940040648936,0.5243940040648936,0.5243940040648936,global
15,0.16818502810124353,0.0,0.0,0.0,0.0,0.2857142857142857,0.0,0.4504745662856601,0.0,0.0,0.4575949918524017,0.4575949918524017,0.4575949918524017,global
150,0.030669223683051063,0.3333333333333333,0.16832920514214536,0.0,0.0,0.2857142857142857,0.0,0.36523051290911657,0.0,0.0,0.7488131064711381,0.7488131064711381,0.7488131064711381,global
151,0.16802032587476887,0.0,0.0,0.0,0.0,0.2857142857142857,0.0,0.23539898946252308,0.0,0.0,0.37143299934196716,0.37143299934196716,0.37143299934196716,global
152,0.5170583396886466,0.6666666666666666,0.3366584102842907,0.0,0.0,0.7142857142857143,0.0,0.6305073972573184,0.0,0.0,1.8936492468045172,1.8936492468045172,1.8936492468045172,global
153,0.03144032956154598,0.3333333333333333,0.16832920514214536,0.125,0.125,0.5714285714285714,0.0,0.5314831502772079,0.0,0.0,1.1087881889783135,1.1087881889783135,1.1087881889783135,global
154,0.1679647296686638,0.0,0.0,0.0,0.0,0.2857142857142857,0.0,0.3413395820322628,0.0,0.0,0.41376475940497903,0.41376475940497903,0.41376475940497903,global
155,0.16732359372894431,0.0,0.0,0.8,0.8,0.42857142857142855,0.0,0.36130050478262943,0.0,0.0,1.4526647911819215,1.4526647911819215,1.4526647911819215,global
156,0.1679647296686638,0.0,0.0,0.0,0.0,0.42857142857142855,0.0,0.37163439186725744,0.0,0.0,0.49731125476754834,0.49731125476754834,0.49731125476754834,global
157,0.5145324555432854,0.6666666666666666,0.3366584102842907,0.0,0.0,0.42857142857142855,0.0,0.2788270740215452,0.0,0.0,1.6080992673367762,1.6080992673367762,1.6080992673367762,global
158,0.5162062327151641,0.6666666666666666,0.3366584102842907,0.0,0.0,0.5714285714285714,0.0,0.6981015351326889,0.0,0.0,1.848576644947308,1.848576644947308,1.848576644947308,global
159,0.9986342724469376,1.0,0.5049876154264361,0.0,0.0,0.7142857142857143,0.0,0.6449738812607092,0.0,0.0,2.720024966116414,2.720024966116414,2.720024966116414,global
16,0.1679611705296416,0.0,0.0,0.0,0.0,0.42857142857142855,0.0,0.3721786216110927,0.0,0.0,0.4975260993538647,0.4975260993538647,0.4975260993538647,global
160,0.030663209965392894,0.3333333333333333,0.16832920514214536,0.0,0.0,0.14285714285714285,0.0,0.2265951177255196,0.0,0.0,0.6219255659950013,0.6219255659950013,0.6219255659950013,global
161,0.16802032587476887,0.0,0.0,0.0,0.0,0.42857142857142855,0.0,0.4341881366414149,0.0,0.0,0.5223772296420953,0.5223772296420953,0.5223772296420953,global
162,0.1679647296686638,0.0,0.0,0.0,0.0,0.42857142857142855,0.0,0.5181355542196017,0.0,0.0,0.555911719708486,0.555911719708486,0.555911719708486,global
163,0.5134929414909454,0.6666666666666666,0.3366584102842907,0.14285714285714285,0.14285714285714285,0.2857142857142857,0.0,0.38617047352374684,0.0,0.0,1.750205015895785,1.750205015895785,1.750205015895785,global
164,0.16802179862195046,0.0,0.0,0.1111111111111111,0.1111111111111111,0.5714285714285714,0.0,0.588869699285279,0.0,0.0,0.789012937659291,0.789012937659291,0.789012937659291,global
165,0.1679647296686638,0.0,0.0,0.0,0.0,0.14285714285714285,0.0,0.17980033484182004,0.0,0.0,0.2777204891002305,0.2777204891002305,0.2777204891002305,global
166,0.03200353262957291,0.3333333333333333,0.16832920514214536,0.0,0.0,0.42857142857142855,0.0,0.6097779961042838,0.0,0.0,0.919128118334994,0.919128118334994,0.919128118334994,global
167,0.16802327136913206,0.0,0.0,0.0,0.0,0.7142857142857143,0.0,0.875793316495447,0.0,0.0,0.8418788008363416,0.8418788008363416,0.8418788008363416,global
168,0.03127071817779937,0.3333333333333333,0.16832920514214536,0.0,0.0,0.42857142857142855,0.0,0.3291909834992303,0.0,0.0,0.8063070617315538,0.8063070617315538,0.8063070617315538,global
169,0.5172966792742008,0.6666666666666666,0.3366584102842907,0.06666666666666667,0.06666666666666667,0.8571428571428571,0.0,0.951390374649332,0.0,0.0,2.1736216808583375,2.1736216808583375,2.1736216808583375,global
17,0.1679647296686638,0.0,0.0,0.0,0.0,0.14285714285714285,0.0,0.22053011894511015,0.0,0.0,0.29401240274154655,0.29401240274154655,0.29401240274154655,global
170,0.16802179862195046,0.0,0.0,0.0,0.0,0.42857142857142855,0.0,0.6920088983442138,0.0,0.0,0.6255067125209601,0.6255067125209601,0.6255067125209601,global
171,0.03127071817779937,0.3333333333333333,0.16832920514214536,0.0,0.0,0.5714285714285714,0.0,0.41801171877132953,0.0,0.0,0.9132639272689648,0.9132639272689648,0.9132639272689648,global
172,0.1679647296686638,0.0,0.0,0.0,0.0,0.2857142857142857,0.0,0.36314163497262386,0.0,0.0,0.4224855805811234,0.4224855805811234,0.4224855805811234,global
173,0.16738213542941258,0.0,0.0,0.1,0.1,0.2857142857142857,0.0,0.6027989725212145,0.0,0.0,0.6378824402091587,0.6378824402091587,0.6378824402091587,global
174,0.16801971223010986,0.0,0.0,0.0,0.0,0.42857142857142855,0.0,0.6911790777232709,0.0,0.0,0.6251731151591106,0.6251731151591106,0.6251731151591106,global
175,0.1679647296686638,0.0,0.0,0.0,0.0,0.2857142857142857,0.0,0.27837735359127885,0.0,0.0,0.3885798680285854,0.3885798680285854,0.3885798680285854,global
176,0.16802032587476887,0.0,0.0,0.0,0.0,0.7142857142857143,0.0,0.5142699010013615,0.0,0.0,0.6972670782432169,0.6972670782432169,0.6972670782432169,global
177,0.031086870237964036,0.3333333333333333,0.16832920514214536,0.0,0.0,0.7142857142857143,0.0,0.7354009231623736,0.0,0.0,1.1115011021020855,1.1115011021020855,1.1115011021020855,global
178,0.16802179862195046,0.0,0.0,0.0,0.0,0.8571428571428571,0.0,0.9371290427645039,0.0,0.0,0.9378404845747905,0.9378404845747905,0.9378404845747905,global
179,0.9987044733959267,1.0,0.5049876154264361,0.0,0.0,0.5714285714285714,0.0,0.5714907516348954,0.0,0.0,2.6192593035967087,2.6192593035967087,2.6192593035967087,global
18,0.03200353262957291,0.3333333333333333,0.16832920514214536,0.0,0.0,0.5714285714285714,0.0,0.6055592015735105,0.0,0.0,0.988869171951256,0.988869171951256,0.988869171951256,global
180,0.5144350087714368,0.6666666666666666,0.3366584102842907,0.09090909090909091,0.09090909090909091,0.5714285714285714,0.0,0.6492869619214282,0.0,0.0,1.936724745598731,1.936724745598731,1.936724745598731,global
181,0.1679647296686638,0.0,0.0,0.0,0.0,0.42857142857142855,0.0,0.3308423461884255,0.0,0.0,0.48099443649601553,0.48099443649601553,0.48099443649601553,global
182,0.5182650105460971,0.6666666666666666,0.3366584102842907,0.09090909090909091,0.09090909090909091,0.42857142857142855,0.0,0.715835475445947,0.0,0.0,1.8949795809996952,1.8949795809996952,1.8949795809996952,global
183,0.16778088172882846,0.0,0.0,0.0,0.0,0.5714285714285714,0.0,0.6382219412607608,0.0,0.0,0.6752277676016527,0.6752277676016527,0.6752277676016527,global
184,0.16802032587476887,0.0,0.0,0.0,0.0,0.14285714285714285,0.0,0.2660634254591772,0.0,0.0,0.31227020231205743,0.31227020231205743,0.31227020231205743,global
185,0.030669223683051063,0.3333333333333333,0.16832920514214536,0.0,0.0,0.42857142857142855,0.0,0.372342413223184,0.0,0.0,0.8230864380253364,0.8230864380253364,0.8230864380253364,global
186,0.030669223683051063,0.3333333333333333,0.16832920514214536,0.0,0.0,0.5714285714285714,0.0,0.42009625298918224,0.0,0.0,0.9136165453603071,0.9136165453603071,0.9136165453603071,global
187,0.16778333630746445,0.0,0.0,0.1111111111111111,0.1111111111111111,0.7142857142857143,0.0,0.6378966921833367,0.0,0.0,0.8798615363954967,0.8798615363954967,0.8798615363954967,global
188,0.16802032587476887,0.0,0.0,0.0,0.0,0.2857142857142857,0.0,0.46115176539839153,0.0,0.0,0.46173410971631457,0.46173410971631457,0.46173410971631457,global
189,0.16778088172882846,0.0,0.0,0.125,0.125,0.7142857142857143,0.0,0.5888063281474867,0.0,0.0,0.8768900937849146,0.8768900937849146,0.8768900937849146,global
19,0.16845699541411074,0.0,0.0,0.0,0.0,0.42857142857142855,0.0,0.5514074618746685,0.0,0.0,0.5696142953668704,0.5696142953668704,0.5696142953668704,global
190,0.16802032587476887,0.0,0.0,0.0,0.0,0.2857142857142857,0.0,0.416023222899627,0.0,0.0,0.44368269271680877,0.44368269271680877,0.44368269271680877,global
191,0.1679647296686638,0.0,0.0,0.0,0.0,0.2857142857142857,0.0,0.2387807756809097,0.0,0.0,0.3727412368644378,0.3727412368644378,0.3727412368644378,global
192,0.03134226914503835,0.3333333333333333,0.16832920514214536,0.0,0.0,0.2857142857142857,0.0,0.23372412863626932,0.0,0.0,0.6967489891315889,0.6967489891315889,0.6967489891315889,global
193,0.1680167667357467,0.0,0.0,0.0,0.0,0.5714285714285714,0.0,0.5696409007108828,0.0,0.0,0.6479840593872361,0.6479840593872361,0.6479840593872361,global
194,0.1679647296686638,0.0,0.0,0.0,0.0,0.42857142857142855,0.0,0.4611796749908989,0.0,0.0,0.5331293680170048,0.5331293680170048,0.5331293680170048,global
195,0.16802278045340485,0.0,0.0,0.14285714285714285,0.14285714285714285,0.14285714285714285,0.0,0.33200585398767435,0.0,0.0,0.5100777088149364,0.5100777088149364,0.5100777088149364,global
196,0.1679647296686638,0.0,0.0,0.0,0.0,0.14285714285714285,0.0,0.22721003280666371,0.0,0.0,0.29668436828616795,0.29668436828616795,0.29668436828616795,global
197,0.03127071817779937,0.3333333333333333,0.16832920514214536,0.0,0.0,0.0,0.0,0.04562199220365076,0.0,0.0,0.4785937509276076,0.4785937509276076,0.4785937509276076,global
198,0.16802032587476887,0.0,0.0,0.0,0.0,0.5714285714285714,0.0,0.4956365415966293,0.0,0.0,0.6183851630527526,0.6183851630527526,0.6183851630527526,global
199,0.030669223683051063,0.3333333333333333,0.16832920514214536,0.0,0.0,0.2857142857142857,0.0,0.2773575607980536,0.0,0.0,0.7136639256267129,0.7136639256267129,0.7136639256267129,global
2,0.1682396424758942,0.0,0.0,0.0,0.0,0.5714285714285714,0.0,0.6407892089407597,0.0,0.0,0.676621683271305,0.676621683271305,0.676621683271305,global
20,0.16802032587476887,0.0,0.0,0.0,0.0,0.42857142857142855,0.0,0.44060404733286634,0.0,0.0,0.524943593918676,0.524943593918676,0.524943593918676,global
200,0.030669223683051063,0.3333333333333333,0.16832920514214536,0.14285714285714285,0.14285714285714285,0.42857142857142855,0.0,0.45258986656099376,0.0,0.0,1.0266139907890317,1.0266139907890317,1.0266139907890317,global
201,0.03200353262957291,0.3333333333333333,0.16832920514214536,0.0,0.0,0.5714285714285714,0.0,0.8105177006481693,0.0,0.0,1.0708525715811195,1.0708525715811195,1.0708525715811195,global
202,0.1679647296686638,0.0,0.0,0.0,0.0,0.5714285714285714,0.0,0.4637225412023546,0.0,0.0,0.6055750859301586,0.6055750859301586,0.6055750859301586,global
203,0.16802327136913206,0.0,0.0,0.0,0.0,1.0,0.0,1.0,0.0,0.0,1.0344186170953056,1.0344186170953056,1.0344186170953056,global
204,0.1681534867657711,0.0,0.0,0.0,0.0,0.5714285714285714,0.0,0.6209260457923683,0.0,0.0,0.66860749344385,0.66860749344385,0.66860749344385,global
205,0.03144032956154598,0.3333333333333333,0.16832920514214536,0.0,0.0,0.5714285714285714,0.0,0.42755224747588555,0.0,0.0,0.9172158278577844,0.9172158278577844,0.9172158278577844,global
206,0.03127071817779937,0.3333333333333333,0.16832920514214536,0.0,0.0,0.0,0.0,0.089714294359141,0.0,0.0,0.4962306717898037,0.4962306717898037,0.4962306717898037,global
207,0.16778088172882846,0.0,0.0,0.0,0.0,0.8571428571428571,0.0,0.7578998857178599,0.0,0.0,0.8659560882416353,0.8659560882416353,0.8659560882416353,global
208,0.16802032587476887,0.0,0.0,0.125,0.125,0.5714285714285714,0.0,0.5221142911480008,0.0,0.0,0.7789762628733011,0.7789762628733011,0.7789762628733011,global
209,0.514607320191683,0.6666666666666666,0.3366584102842907,0.0,0.0,0.7142857142857143,0.0,0.869652340392318,0.0,0.0,1.9873464084609462,1.9873464084609462,1.9873464084609462,global
21,0.16802032587476887,0.0,0.0,0.0,0.0,0.14285714285714285,0.0,0.2916086678928676,0.0,0.0,0.3224882992855336,0.3224882992855336,0.3224882992855336,global
210,0.030669223683051063,0.3333333333333333,0.16832920514214536,0.0,0.0,0.42857142857142855,0.0,0.43260194518912104,0.0,0.0,0.8471902508117113,0.8471902508117113,0.8471902508117113,global
211,0.1679647296686638,0.0,0.0,0.16666666666666666,0.16666666666666666,0.42857142857142855,0.0,0.3829888570314723,0.0,0.0,0.7018530408332343,0.7018530408332343,0.7018530408332343,global
212,0.1680182394829283,0.0,0.0,0.0,0.0,0.42857142857142855,0.0,0.7154560729204335,0.0,0.0,0.6348827350402303,0.6348827350402303,0.6348827350402303,global
213,0.03127071817779937,0.3333333333333333,0.16832920514214536,0.0,0.0,0.42857142857142855,0.0,0.4316674670755672,0.0,0.0,0.8472976551620884,0.8472976551620884,0.8472976551620884,global
214,0.16802032587476887,0.0,0.0,0.0,0.0,0.42857142857142855,0.0,0.4097768754921369,0.0,0.0,0.5126127251823841,0.5126127251823841,0.5126127251823841,global
215,0.1679647296686638,0.0,0.0,0.0,0.0,0.2857142857142857,0.0,0.4464997391026435,0.0,0.0,0.45582882223313126,0.45582882223313126,0.45582882223313126,global
216,0.16738066268223098,0.0,0.0,0.0,0.0,0.5714285714285714,0.0,0.6867605180160066,0.0,0.0,0.6943230230664732,0.6943230230664732,0.6943230230664732,global
217,0.03108085652030587,0.3333333333333333,0.16832920514214536,0.0,0.0,0.7142857142857143,0.0,0.7116763170238652,0.0,0.0,1.1020064486725558,1.1020064486725558,1.1020064486725558,global
218,0.1679647296686638,0.0,0.0,0.0,0.0,0.2857142857142857,0.0,0.2297938719368211,0.0,0.0,0.36914647536680234,0.36914647536680234,0.36914647536680234,global
219,0.16737918993504938,0.0,0.0,0.0,0.0,0.14285714285714285,0.0,0.26852126238685264,0.0,0.0,0.312740428331352,0.312740428331352,0.312740428331352,global
22,0.03125648162171065,0.3333333333333333,0.16832920514214536,0.0,0.0,0.42857142857142855,0.0,0.6161180740296917,0.0,0.0,0.9210665086988673,0.9210665086988673,0.9210665086988673,global
220,0.031086870237964036,0.3333333333333333,0.16832920514214536,0.0,0.0,0.7142857142857143,0.0,0.6224575079799047,0.0,0.0,1.066323736029098,1.066323736029098,1.066323736029098,global
221,0.03127071817779937,0.3333333333333333,0.16832920514214536,0.14285714285714285,0.14285714285714285,0.42857142857142855,0.0,0.4331058244417771,0.0,0.0,1.0193015695371437,1.0193015695371437,1.0193015695371437,global
222,0.16802179862195046,0.0,0.0,0.0,0.0,0.7142857142857143,0.0,0.733903595829527,0.0,0.0,0.7851217343722283,0.7851217343722283,0.7851217343722283,global
223,0.5142840521853236,0.6666666666666666,0.3366584102842907,0.0,0.0,0.5714285714285714,0.0,0.5977148596965771,0.0,0.0,1.806884230348991,1.806884230348991,1.806884230348991,global
224,0.5144615182207054,0.6666666666666666,0.3366584102842907,0.0,0.0,0.5714285714285714,0.0,0.6184078046384306,0.0,0.0,1.8153033811540376,1.8153033811540376,1.8153033811540376,global
225,0.030663209965392894,0.3333333333333333,0.16832920514214536,0.0,0.0,0.5714285714285714,0.0,0.4628603288151243,0.0,0.0,0.9307173647165574,0.9307173647165574,0.9307173647165574,global
226,0.1679647296686638,0.0,0.0,0.0,0.0,0.5714285714285714,0.0,0.487308474673733,0.0,0.0,0.61500945931871,0.61500945931871,0.61500945931871,global
227,0.16802032587476887,0.0,0.0,0.0,0.0,0.42857142857142855,0.0,0.3534393964556047,0.0,0.0,0.49007773356777123,0.49007773356777123,0.49007773356777123,global
228,0.5168844327922869,0.6666666666666666,0.3366584102842907,0.0,0.0,0.14285714285714285,0.0,0.25002987744035077,0.0,0.0,1.4556048276463567,1.4556048276463567,1.4556048276463567,global
229,0.9923731332622651,1.0,0.5049876154264361,0.0,0.0,0.5714285714285714,0.0,0.6103972978019578,0.0,0.0,2.629756849956604,2.629756849956604,2.629756849956604,global
23,0.1679647296686638,0.0,0.0,0.0,0.0,0.2857142857142857,0.0,0.44383479587269614,0.0,0.0,0.4547628449411524,0.4547628449411524,0.4547628449411524,global
230,0.1679647296686638,0.0,0.0,0.0,0.0,0.42857142857142855,0.0,0.4405173535601572,0.0,0.0,0.5248644394447082,0.5248644394447082,0.5248644394447082,global
231,0.5147074670000312,0.6666666666666666,0.3366584102842907,0.0,0.0,0.14285714285714285,0.0,0.3974207339383339,0.0,0.0,1.5128195976117453,1.5128195976117453,1.5128195976117453,global
232,0.1679647296686638,0.0,0.0,0.0,0.0,0.2857142857142857,0.0,0.29404957269871956,0.0,0.0,0.3948487556715617,0.3948487556715617,0.3948487556715617,global
233,0.5134339088747499,0.6666666666666666,0.3366584102842907,0.0,0.0,0.2857142857142857,0.0,0.23383418259669939,0.0,0.0,1.517794702003438,1.517794702003438,1.517794702003438,global
234,0.5145583513478951,0.6666666666666666,0.3366584102842907,0.0,0.0,0.42857142857142855,0.0,0.37036993138376845,0.0,0.0,1.644737126925353,1.644737126925353,1.644737126925353,global
235,0.03159791350997627,0.3333333333333333,0.16832920514214536,0.08333333333333333,0.08333333333333333,0.8571428571428571,0.0,0.8202870269229854,0.0,0.0,1.3172929496525114,1.3172929496525114,1.3172929496525114,global
236,0.03215007097414126,0.3333333333333333,0.16832920514214536,0.0,0.0,0.5714285714285714,0.0,0.7220692730431704,0.0,0.0,1.0355904312147746,1.0355904312147746,1.0355904312147746,global
237,0.16802032587476887,0.0,0.0,0.0,0.0,0.14285714285714285,0.0,0.38490141800179634,0.0,0.0,0.35980539932910505,0.35980539932910505,0.35980539932910505,global
238,0.03073476093263188,0.3333333333333333,0.16832920514214536,0.0,0.0,0.42857142857142855,0.0,0.42617580835033697,0.0,0.0,0.8446722258758623,0.8446722258758623,0.8446722258758623,global
239,0.030669223683051063,0.3333333333333333,0.16832920514214536,0.0,0.0,0.7142857142857143,0.0,0.5611610912230771,0.0,0.0,1.0414710520824366,1.0414710520824366,1.0414710520824366,global
24,0.1684605545531329,0.0,0.0,0.0,0.0,0.2857142857142857,0.0,0.41525799326584645,0.0,0.0,0.4437287838059878,0.4437287838059878,0.4437287838059878,global
240,0.5153729032682469,0.6666666666666666,0.3366584102842907,0.0,0.0,0.5714285714285714,0.0,0.46867018086311224,0.0,0.0,1.7561374396819436,1.7561374396819436,1.7561374396819436,global
241,0.5140355260984301,0.6666666666666666,0.3366584102842907,0.0,0.0,0.2857142857142857,0.0,0.3463616325363275,0.0,0.0,1.5632869757582335,1.5632869757582335,1.5632869757582335,global
242,0.030669223683051063,0.3333333333333333,0.16832920514214536,0.0,0.0,0.5714285714285714,0.0,0.4251336458402168,0.0,0.0,0.915631502500721,0.915631502500721,0.915631502500721,global
243,0.16802032587476887,0.0,0.0,0.0,0.0,0.42857142857142855,0.0,0.48862387970800714,0.0,0.0,0.5441515268687322,0.5441515268687322,0.5441515268687322,global
244,0.030838835066797677,0.3333333333333333,0.16832920514214536,0.16666666666666666,0.16666666666666666,0.5714285714285714,0.0,0.43465663908602986,0.0,0.0,1.1195763889060435,1.1195763889060435,1.1195763889060435,global
245,0.1679647296686638,0.0,0.0,0.0,0.0,0.2857142857142857,0.0,0.32185959556103266,0.0,0.0,0.4059727648164869,0.4059727648164869,0.4059727648164869,global
246,0.1679647296686638,0.0,0.0,0.0,0.0,0.42857142857142855,0.0,0.4158203469868395,0.0,0.0,0.5149856368153811,0.5149856368153811,0.5149856368153811,global
247,0.026202258752352405,0.3333333333333333,0.16832920514214536,0.16666666666666666,0.16666666666666666,0.5714285714285714,0.0,0.44549179403211514,0.0,0.0,1.1202011898329214,1.1202011898329214,1.1202011898329214,global
248,0.5159777114441538,0.6666666666666666,0.3366584102842907,0.0,0.0,0.7142857142857143,0.0,0.8396525484933414,0.0,0.0,1.9764428047033322,1.9764428047033322,1.9764428047033322,global
249,0.0312647044601412,0.3333333333333333,0.16832920514214536,0.0,0.0,0.42857142857142855,0.0,0.4642802056683071,0.0,0.0,0.8603379396250578,0.8603379396250578,0.8603379396250578,global
25,0.1679647296686638,0.0,0.0,0.0,0.0,0.42857142857142855,0.0,0.3899569478727569,0.0,0.0,0.5046402771697481,0.5046402771697481,0.5046402771697481,global
250,0.030669223683051063,0.3333333333333333,0.16832920514214536,0.0,0.0,0.14285714285714285,0.0,0.32070742987372025,0.0,0.0,0.6595753018284081,0.6595753018284081,0.6595753018284081,global
251,0.514428749595915,0.6666666666666666,0.3366584102842907,0.0,0.0,0.7142857142857143,0.0,0.8958522536244308,0.0,0.0,1.997683517277177,1.997683517277177,1.997683517277177,global
252,0.16802032587476887,0.0,0.0,0.1111111111111111,0.1111111111111111,0.42857142857142855,0.0,0.5386801080757427,0.0,0.0,0.6975073515491599,0.6975073515491599,0.6975073515491599,global
253,0.030669223683051063,0.3333333333333333,0.16832920514214536,0.0,0.0,0.14285714285714285,0.0,0.18548604152897905,0.0,0.0,0.6054867464905116,0.6054867464905116,0.6054867464905116,global
254,0.16778088172882846,0.0,0.0,0.0,0.0,0.5714285714285714,0.0,0.6666829043874023,0.0,0.0,0.6866121528523094,0.6866121528523094,0.6866121528523094,global
255,0.1679647296686638,0.0,0.0,0.0,0.0,0.0,0.0,0.09483766366457066,0.0,0.0,0.17230684920075934,0.17230684920075934,0.17230684920075934,global
256,0.030669223683051063,0.3333333333333333,0.16832920514214536,0.0,0.0,0.2857142857142857,0.0,0.3455224121987848,0.0,0.0,0.7409298661870054,0.7409298661870054,0.7409298661870054,global
257,0.1680011801614082,0.0,0.0,0.0,0.0,0.5714285714285714,0.0,0.5971204089054355,0.0,0.0,0.6589633934055865,0.6589633934055865,0.6589633934055865,global
258,0.16802032587476887,0.0,0.0,0.0,0.0,0.14285714285714285,0.0,0.22772756515241654,0.0,0.0,0.29693585818935314,0.29693585818935314,0.29693585818935314,global
259,0.16818257352260751,0.0,0.0,0.0,0.0,0.5714285714285714,0.0,0.5516437348769371,0.0,0.0,0.6409178384831465,0.6409178384831465,0.6409178384831465,global
26,0.16851762350641958,0.0,0.0,0.1111111111111111,0.1111111111111111,0.8571428571428571,0.0,0.6870253111515419,0.0,0.0,0.9715289851705142,0.9715289851705142,0.9715289851705142,global
260,0.03108085652030587,0.3333333333333333,0.16832920514214536,0.0,0.0,0.8571428571428571,0.0,0.6939531654880287,0.0,0.0,1.1663457594867925,1.1663457594867925,1.1663457594867925,global
261,0.16732359372894431,0.0,0.0,0.0,0.0,0.2857142857142857,0.0,0.2371748399322393,0.0,0.0,0.37158595381319404,0.37158595381319404,0.37158595381319404,global
262,0.03127071817779937,0.3333333333333333,0.16832920514214536,0.0,0.0,0.14285714285714285,0.0,0.22336132699759254,0.0,0.0,0.6211180562737557,0.6211180562737557,0.6211180562737557,global
263,0.032123684253804415,0.3333333333333333,0.16832920514214536,0.0,0.0,0.2857142857142857,0.0,0.4831313072067593,0.0,0.0,0.7971369926467979,0.7971369926467979,0.7971369926467979,global
264,0.5178148408242573,0.6666666666666666,0.3366584102842907,0.0,0.0,0.7142857142857143,0.0,0.8699282208683821,0.0,0.0,1.9900227771574315,1.9900227771574315,1.9900227771574315,global
265,0.031086870237964036,0.3333333333333333,0.16832920514214536,0.0,0.0,0.5714285714285714,0.0,0.8135285897549133,0.0,0.0,1.07132359731053,1.07132359731053,1.07132359731053,global
266,0.031086870237964036,0.3333333333333333,0.16832920514214536,0.125,0.125,0.7142857142857143,0.0,0.5917266048757976,0.0,0.0,1.2040313747874554,1.2040313747874554,1.2040313747874554,global
267,0.16802179862195046,0.0,0.0,0.0,0.0,0.5714285714285714,0.0,0.6418408322534445,0.0,0.0,0.676868057513224,0.676868057513224,0.676868057513224,global
268,0.1679647296686638,0.0,0.0,0.42857142857142855,0.42857142857142855,0.5714285714285714,0.0,0.537478703928751,0.0,0.0,1.1493632653064314,1.1493632653064314,1.1493632653064314,global
269,0.16802179862195046,0.0,0.0,0.0,0.0,0.7142857142857143,0.0,0.9173189319028036,0.0,0.0,0.8584878688015389,0.8584878688015389,0.8584878688015389,global
27,0.03127071817779937,0.3333333333333333,0.16832920514214536,0.0,0.0,0.42857142857142855,0.0,0.3729569168182511,0.0,0.0,0.823813435059162,0.823813435059162,0.823813435059162,global
270,0.1679647296686638,0.0,0.0,0.0,0.0,0.42857142857142855,0.0,0.540709280333996,0.0,0.0,0.5649412101542437,0.5649412101542437,0.5649412101542437,global
271,0.030669223683051063,0.3333333333333333,0.16832920514214536,0.0,0.0,0.2857142857142857,0.0,0.46702023512909646,0.0,0.0,0.78952899535913,0.78952899535913,0.78952899535913,global
272,0.1679647296686638,0.0,0.0,0.0,0.0,0.5714285714285714,0.0,0.5166785024017383,0.0,0.0,0.6267574704099121,0.6267574704099121,0.6267574704099121,global
273,0.1679647296686638,0.0,0.0,0.0,0.0,0.2857142857142857,0.0,0.3561708312483378,0.0,0.0,0.419697259091409,0.419697259091409,0.419697259091409,global
274,0.03127071817779937,0.3333333333333333,0.16832920514214536,0.0,0.0,0.42857142857142855,0.0,0.36399451069135214,0.0,0.0,0.8202284726084025,0.8202284726084025,0.8202284726084025,global
275,0.1679647296686638,0.0,0.0,0.0,0.0,0.42857142857142855,0.0,0.42066800797605636,0.0,0.0,0.5169247012110678,0.5169247012110678,0.5169247012110678,global
276,0.16802032587476887,0.0,0.0,0.0,0.0,0.42857142857142855,0.0,0.3691572253558826,0.0,0.0,0.49636486512788236,0.49636486512788236,0.49636486512788236,global
277,0.03199751891191475,0.3333333333333333,0.16832920514214536,0.0,0.0,0.7142857142857143,0.0,0.813959480957935,0.0,0.0,1.1436530441594708,1.1436530441594708,1.1436530441594708,global
278,0.0312647044601412,0.3333333333333333,0.16832920514214536,0.0,0.0,0.14285714285714285,0.0,0.09460925712683345,0.0,0.0,0.5696124173513254,0.5696124173513254,0.5696124173513254,global
279,0.030669223683051063,0.3333333333333333,0.16832920514214536,0.0,0.0,0.42857142857142855,0.0,0.28459479567400586,0.0,0.0,0.7879873910056652,0.7879873910056652,0.7879873910056652,global
28,0.16802179862195046,0.0,0.0,0.0,0.0,0.7142857142857143,0.0,0.8014370199087744,0.0,0.0,0.8121351040039273,0.8121351040039273,0.8121351040039273,global
280,0.030669223683051063,0.3333333333333333,0.16832920514214536,0.2,0.2,0.42857142857142855,0.0,0.3355123767394947,0.0,0.0,1.0483544234318607,1.0483544234318607,1.0483544234318607,global
281,0.16802032587476887,0.0,0.0,0.0,0.0,0.42857142857142855,0.0,0.3218811342893006,0.0,0.0,0.4774544287012496,0.4774544287012496,0.4774544287012496,global
282,0.030669223683051063,0.3333333333333333,0.16832920514214536,0.0,0.0,0.2857142857142857,0.0,0.282081424054111,0.0,0.0,0.7155534709291359,0.7155534709291359,0.7155534709291359,global
283,0.030669223683051063,0.3333333333333333,0.16832920514214536,0.0,0.0,0.42857142857142855,0.0,0.36591984216578743,0.0,0.0,0.8205174096023778,0.8205174096023778,0.8205174096023778,global
284,0.1679647296686638,0.0,0.0,0.0,0.0,0.42857142857142855,0.0,0.3300592785773808,0.0,0.0,0.48068120945159765,0.48068120945159765,0.48068120945159765,global
285,0.030669223683051063,0.3333333333333333,0.16832920514214536,0.0,0.0,0.2857142857142857,0.0,0.4135017567897048,0.0,0.0,0.7681216040233734,0.7681216040233734,0.7681216040233734,global
286,0.16802032587476887,0.0,0.0,0.16666666666666666,0.16666666666666666,0.2857142857142857,0.0,0.35605341867597934,0.0,0.0,0.6196947710273497,0.6196947710273497,0.6196947710273497,global
287,0.16778088172882846,0.0,0.0,0.0,0.0,0.8571428571428571,0.0,0.8432188246067079,0.0,0.0,0.9000836637971745,0.9000836637971745,0.9000836637971745,global
288,0.030669223683051063,0.3333333333333333,0.16832920514214536,0.0,0.0,0.2857142857142857,0.0,0.23367694176753198,0.0,0.0,0.6961916780145042,0.6961916780145042,0.6961916780145042,global
289,0.16778088172882846,0.0,0.0,0.0,0.0,0.7142857142857143,0.0,0.6075200232230411,0.0,0.0,0.7343755718151364,0.7343755718151364,0.7343755718151364,global
29,0.16738066268223098,0.0,0.0,0.0,0.0,0.5714285714285714,0.0,0.7270437807519655,0.0,0.0,0.7104363281608568,0.7104363281608568,0.7104363281608568,global
290,0.9981723207476451,1.0,0.5049876154264361,0.0,0.0,0.7142857142857143,0.0,0.782994871405401,0.0,0.0,2.774863800814857,2.774863800814857,2.774863800814857,global
291,0.1680182394829283,0.0,0.0,0.0,0.0,0.8571428571428571,0.0,0.9296528556919597,0.0,0.0,0.9348471624345551,0.9348471624345551,0.9348471624345551,global
292,0.0319362771749469,0.3333333333333333,0.16832920514214536,0.0,0.0,0.7142857142857143,0.0,0.9760585290710437,0.0,0.0,1.20844367001514,1.20844367001514,1.20844367001514,global
293,0.5146410706479277,0.6666666666666666,0.3366584102842907,0.1,0.1,0.7142857142857143,0.0,0.6823138199568191,0.0,0.0,2.0324380006517426,2.0324380006517426,2.0324380006517426,global
294,0.1679647296686638,0.0,0.0,0.0,0.0,0.5714285714285714,0.0,0.5681453799522777,0.0,0.0,0.6473442214301278,0.6473442214301278,0.6473442214301278,global
295,0.032473216251568786,0.3333333333333333,0.16832920514214536,0.0,0.0,0.5714285714285714,0.0,0.5320697079985658,0.0,0.0,0.9598491214188748,0.9598491214188748,0.9598491214188748,global
296,0.16802032587476887,0.0,0.0,0.0,0.0,0.5714285714285714,0.0,0.5531109008790348,0.0,0.0,0.6413749067657147,0.6413749067657147,0.6413749067657147,global
297,0.1679647296686638,0.0,0.0,0.0,0.0,0.14285714285714285,0.0,0.14086064210860919,0.0,0.0,0.26214461200694616,0.26214461200694616,0.26214461200694616,global
298,0.16814857760849913,0.0,0.0,0.125,0.125,0.14285714285714285,0.0,0.40563931778486373,0.0,0.0,0.5182031606293163,0.5182031606293163,0.5182031606293163,global
299,0.030669223683051063,0.3333333333333333,0.16832920514214536,0.0,0.0,0.0,0.0,0.0,0.0,0.0,0.45986375845034855,0.45986375845034855,0.45986375845034855,global
3,0.1682396424758942,0.0,0.0,0.0,0.0,0.5714285714285714,0.0,0.5976602988394762,0.0,0.0,0.6593701192307916,0.6593701192307916,0.6593701192307916,global
30,0.030669223683051063,0.3333333333333333,0.16832920514214536,0.2,0.2,0.14285714285714285,0.0,0.23465384528615116,0.0,0.0,0.8651538679933803,0.8651538679933803,0.8651538679933803,global
300,0.5151594776558479,0.6666666666666666,0.3366584102842907,0.0,0.0,0.2857142857142857,0.0,0.23129860168791816,0.0,0.0,1.5181609246648038,1.5181609246648038,1.5181609246648038,global
301,0.4544768937012812,0.6666666666666666,0.6666666666666667,0.5,0.5,0.14285714285714285,0.4666666666666666,0.15388604326328228,0.0,0.0,2.9232311703615763,2.9232311703615763,2.9232311703615763,global
302,0.00029712674388607415,0.3333333333333333,0.33333333333333337,0.0,0.0,0.0,0.4666666666666666,0.16675484987098557,0.0,0.0,1.2602729746768364,1.2602729746768364,1.2602729746768364,global
303,0.1679647296686638,0.0,0.0,0.4,0.4,0.2857142857142857,0.4666666666666666,0.35155745386703324,0.0,0.0,1.457851908138887,1.457851908138887,1.457851908138887,global
304,0.1679647296686638,0.0,0.0,0.0,0.0,0.0,0.4666666666666666,0.20222990975210683,0.0,0.0,0.7752637476357738,0.7752637476357738,0.7752637476357738,global
305,0.1679647296686638,0.0,0.0,0.0,0.0,0.0,0.4666666666666666,0.045643822697591103,0.0,0.0,0.7126293128139675,0.7126293128139675,0.7126293128139675,global
306,0.16802032587476887,0.0,0.0,0.2,0.2,0.14285714285714285,0.4666666666666666,0.30716116236722624,0.0,0.0,1.1287092970752768,1.1287092970752768,1.1287092970752768,global
307,0.0006223584131541851,0.3333333333333333,0.33333333333333337,0.0,0.0,0.0,0.4666666666666666,0.3330906545467652,0.0,0.0,1.3270674818825627,1.3270674818825627,1.3270674818825627,global
308,0.16802032587476887,0.0,0.0,0.0,0.0,0.0,0.4666666666666666,0.1673563445692264,0.0,0.0,0.7613587985275055,0.7613587985275055,0.7613587985275055,global
309,0.1679647296686638,0.0,0.0,0.0,0.0,0.0,0.4666666666666666,0.21801988888590595,0.0,0.0,0.7815797392892934,0.7815797392892934,0.7815797392892934,global
31,1.0,1.0,0.5049876154264361,0.0,0.0,0.5714285714285714,0.0,0.5806074722644552,0.0,0.0,2.623942413131791,2.623942413131791,2.623942413131791,global
310,0.1684605545531329,0.0,0.0,0.2,0.2,0.14285714285714285,0.4666666666666666,0.3079813406007271,0.0,0.0,1.1293895513113685,1.1293895513113685,1.1293895513113685,global
311,0.1679647296686638,0.0,0.0,0.0,0.0,0.0,0.4666666666666666,0.24218093139465474,0.0,0.0,0.791244156292793,0.791244156292793,0.791244156292793,global
312,0.4542056627620048,0.6666666666666666,0.6666666666666667,0.5,0.5,0.14285714285714285,0.4666666666666666,0.13781963863088487,0.0,0.0,2.9165876237571964,2.9165876237571964,2.9165876237571964,global
313,7.302371442057585e-05,0.3333333333333333,0.33333333333333337,0.0,0.0,0.0,0.4666666666666666,0.1024003394917804,0.0,0.0,1.2343518881015818,1.2343518881015818,1.2343518881015818,global
314,0.0012417713319451873,0.3333333333333333,0.33333333333333337,0.6,0.6,0.14285714285714285,0.4666666666666666,0.34793561590404753,0.0,0.0,2.1249295681890796,2.1249295681890796,2.1249295681890796,global
315,2.454578635985743e-06,0.3333333333333333,0.33333333333333337,0.2,0.2,0.14285714285714285,0.4666666666666666,0.30836529981585137,0.0,0.0,1.628109988351154,1.628109988351154,1.628109988351154,global
316,0.0006014944947483063,0.3333333333333333,0.33333333333333337,0.0,0.0,0.0,0.4666666666666666,0.09533712677194274,0.0,0.0,1.2319493796379088,1.2319493796379088,1.2319493796379088,global
317,0.16780383203907492,0.0,0.0,0.3333333333333333,0.3333333333333333,0.14285714285714285,0.4666666666666666,0.19092460598777303,0.0,0.0,1.2420414794549404,1.2420414794549404,1.2420414794549404,global
318,0.1679647296686638,0.0,0.0,0.0,0.0,0.0,0.4666666666666666,0.22030969353075555,0.0,0.0,0.7824956611472332,0.7824956611472332,0.7824956611472332,global
319,0.0006014944947483063,0.3333333333333333,0.33333333333333337,0.0,0.0,0.0,0.4666666666666666,0.2276153190934584,0.0,0.0,1.284860656566515,1.284860656566515,1.284860656566515,global
32,0.1679647296686638,0.0,0.0,0.0,0.0,0.14285714285714285,0.0,0.1360757919172784,0.0,0.0,0.2602306719304138,0.2602306719304138,0.2602306719304138,global
320,0.4531368164949648,0.6666666666666666,0.6666666666666667,0.0,0.0,0.0,0.4666666666666666,0.22086908139536046,0.0,0.0,2.2775237524207825,2.2775237524207825,2.2775237524207825,global
321,0.4536731419269277,0.6666666666666666,0.6666666666666667,0.5,0.5,0.14285714285714285,0.4666666666666666,0.13899507177820872,0.0,0.0,2.9166317803480637,2.9166317803480637,2.9166317803480637,global
322,0.0,0.3333333333333333,0.33333333333333337,0.3333333333333333,0.3333333333333333,0.14285714285714285,0.4666666666666666,0.1942299732827041,0.0,0.0,1.742453894074986,1.742453894074986,1.742453894074986,global
323,0.16802032587476887,0.0,0.0,0.2,0.2,0.14285714285714285,0.4666666666666666,0.3089595900250124,0.0,0.0,1.1294286681383914,1.1294286681383914,1.1294286681383914,global
324,0.00029712674388607415,0.3333333333333333,0.33333333333333337,0.25,0.25,0.14285714285714285,0.4666666666666666,0.2524201585903281,0.0,0.0,1.665967669593145,1.665967669593145,1.665967669593145,global
325,0.1679611705296416,0.0,0.0,0.0,0.0,0.14285714285714285,0.4666666666666666,0.33218299117902506,0.0,0.0,0.8986707043238946,0.8986707043238946,0.8986707043238946,global
326,0.9070662164314894,1.0,1.0,0.0,0.0,0.0,0.4666666666666666,0.04335499307273362,0.0,0.0,3.2029949703742853,3.2029949703742853,3.2029949703742853,global
327,0.0010191410496612804,0.3333333333333333,0.33333333333333337,0.14285714285714285,0.14285714285714285,0.14285714285714285,0.4666666666666666,0.43942515402232585,0.0,0.0,1.6127758506391354,1.6127758506391354,1.6127758506391354,global
328,0.1679647296686638,0.0,0.0,0.0,0.0,0.0,0.4666666666666666,0.10176036857869958,0.0,0.0,0.7350759311664109,0.7350759311664109,0.7350759311664109,global
329,0.1679647296686638,0.0,0.0,0.0,0.0,0.0,0.4666666666666666,0.09928157797137897,0.0,0.0,0.7340844149234826,0.7340844149234826,0.7340844149234826,global
33,0.030669223683051063,0.3333333333333333,0.16832920514214536,0.0,0.0,0.42857142857142855,0.0,0.32884960215779324,0.0,0.0,0.8056893135991802,0.8056893135991802,0.8056893135991802,global
330,0.9094759990073684,1.0,1.0,0.0,0.0,0.14285714285714285,0.4666666666666666,0.39025983918774954,0.0,0.0,3.415113306309566,3.415113306309566,3.415113306309566,global
331,0.1679647296686638,0.0,0.0,0.14285714285714285,0.14285714285714285,0.0,0.4666666666666666,0.4113507353809619,0.0,0.0,1.030340649315887,1.030340649315887,1.030340649315887,global
332,0.0006014944947483063,0.3333333333333333,0.33333333333333337,0.0,0.0,0.0,0.4666666666666666,0.21893788326629665,0.0,0.0,1.2813896822356505,1.2813896822356505,1.2813896822356505,global
333,0.0,0.3333333333333333,0.33333333333333337,0.0,0.0,0.0,0.4666666666666666,0.29134081086631786,0.0,0.0,1.3098696576798605,1.3098696576798605,1.3098696576798605,global
334,0.16802278045340485,0.0,0.0,0.0,0.0,0.0,0.4666666666666666,0.2963259537899923,0.0,0.0,0.8129486058787208,0.8129486058787208,0.8129486058787208,global
335,0.16802032587476887,0.0,0.0,0.0,0.0,0.0,0.4666666666666666,0.04521361997620466,0.0,0.0,0.7125017086902968,0.7125017086902968,0.7125017086902968,global
336,0.1679647296686638,0.0,0.0,0.0,0.0,0.0,0.4666666666666666,0.15573394102419305,0.0,0.0,0.7566653601446083,0.7566653601446083,0.7566653601446083,global
337,0.16802032587476887,0.0,0.0,0.0,0.0,0.14285714285714285,0.4666666666666666,0.21819771398896898,0.0,0.0,0.8531239177239741,0.8531239177239741,0.8531239177239741,global
338,0.0009327398816745822,0.3333333333333333,0.33333333333333337,0.0,0.0,0.0,0.4666666666666666,0.0969862232776321,0.0,0.0,1.2328740145497257,1.2328740145497257,1.2328740145497257,global
339,0.16802032587476887,0.0,0.0,0.0,0.0,0.0,0.4666666666666666,0.18032893181594048,0.0,0.0,0.7665478334261911,0.7665478334261911,0.7665478334261911,global
34,0.027194276708086045,0.3333333333333333,0.16832920514214536,0.2,0.2,0.5714285714285714,0.0,0.634233833995526,0.0,0.0,1.2364916201828726,1.2364916201828726,1.2364916201828726,global
340,0.1684605545531329,0.0,0.0,0.0,0.0,0.0,0.4666666666666666,0.21646157285074383,0.0,0.0,0.7813530727828039,0.7813530727828039,0.7813530727828039,global
341,0.1679647296686638,0.0,0.0,0.0,0.0,0.0,0.4666666666666666,0.1770278250171398,0.0,0.0,0.7651829137417869,0.7651829137417869,0.7651829137417869,global
342,0.1680167667357467,0.0,0.0,0.0,0.0,0.14285714285714285,0.4666666666666666,0.3632103196963375,0.0,0.0,0.9111261126957038,0.9111261126957038,0.9111261126957038,global
343,0.1684605545531329,0.0,0.0,0.0,0.0,0.0,0.4666666666666666,0.3351072489526213,0.0,0.0,0.8288113432235549,0.8288113432235549,0.8288113432235549,global
344,0.0,0.3333333333333333,0.33333333333333337,0.0,0.0,0.0,0.4666666666666666,0.34374478844138806,0.0,0.0,1.3308312487098886,1.3308312487098886,1.3308312487098886,global
345,0.4541042886643386,0.6666666666666666,0.6666666666666667,0.3333333333333333,0.3333333333333333,0.2857142857142857,0.4666666666666666,0.23653118491088507,0.0,0.0,2.8274197144196345,2.8274197144196345,2.8274197144196345,global
346,0.16802032587476887,0.0,0.0,0.0,0.0,0.14285714285714285,0.4666666666666666,0.26101227945563604,0.0,0.0,0.8702497439106409,0.8702497439106409,0.8702497439106409,global
347,0.1695508783832378,0.0,0.0,0.16666666666666666,0.16666666666666666,0.14285714285714285,0.4666666666666666,0.37722405927548236,0.0,0.0,1.1179588978453545,1.1179588978453545,1.1179588978453545,global
348,0.0008529660760050456,0.3333333333333333,0.33333333333333337,0.16666666666666666,0.16666666666666666,0.2857142857142857,0.4666666666666666,0.4205314617670683,0.0,0.0,1.7050854337581076,1.7050854337581076,1.7050854337581076,global
349,0.4534935894997053,0.6666666666666666,0.6666666666666667,0.0,0.0,0.0,0.4666666666666666,0.34120364299431466,0.0,0.0,2.325942995464157,2.325942995464157,2.325942995464157,global
35,0.16802032587476887,0.0,0.0,0.0,0.0,0.42857142857142855,0.0,0.37580971350682935,0.0,0.0,0.49902586038826113,0.49902586038826113,0.49902586038826113,global
350,0.0006014944947483063,0.3333333333333333,0.33333333333333337,0.0,0.0,0.0,0.4666666666666666,0.15731259780537704,0.0,0.0,1.2567395680512825,1.2567395680512825,1.2567395680512825,global
351,0.0,0.3333333333333333,0.33333333333333337,0.0,0.0,0.0,0.4666666666666666,0.17033749197767592,0.0,0.0,1.2614683301244036,1.2614683301244036,1.2614683301244036,global
352,0.1679647296686638,0.0,0.0,0.0,0.0,0.0,0.4666666666666666,0.216512447282727,0.0,0.0,0.7809767626480218,0.7809767626480218,0.7809767626480218,global
353,0.1679647296686638,0.0,0.0,0.0,0.0,0.0,0.4666666666666666,0.15310506264180024,0.0,0.0,0.7556138087916511,0.7556138087916511,0.7556138087916511,global
354,0.16802032587476887,0.0,0.0,0.0,0.0,0.0,0.4666666666666666,0.04480765050965238,0.0,0.0,0.7123393209036759,0.7123393209036759,0.7123393209036759,global
355,0.00029712674388607415,0.3333333333333333,0.33333333333333337,0.0,0.0,0.0,0.4666666666666666,0.17501618052147397,0.0,0.0,1.2635775069370319,1.2635775069370319,1.2635775069370319,global
356,0.16802032587476887,0.0,0.0,0.0,0.0,0.0,0.4666666666666666,0.09248853720557966,0.0,0.0,0.7314116755820469,0.7314116755820469,0.7314116755820469,global
357,0.45514355725881495,0.6666666666666666,0.6666666666666667,0.0,0.0,0.0,0.4666666666666666,0.20425497847913024,0.0,0.0,2.2724835038653706,2.2724835038653706,2.2724835038653706,global
358,0.1679647296686638,0.0,0.0,0.0,0.0,0.0,0.4666666666666666,0.4032016413793065,0.0,0.0,0.8556524402866537,0.8556524402866537,0.8556524402866537,global
359,0.0006223584131541851,0.3333333333333333,0.33333333333333337,0.0,0.0,0.0,0.4666666666666666,0.15519352526584057,0.0,0.0,1.255908630170193,1.255908630170193,1.255908630170193,global
36,0.1679647296686638,0.0,0.0,0.16666666666666666,0.16666666666666666,0.5714285714285714,0.0,0.44477392078596256,0.0,0.0,0.7979956377636017,0.7979956377636017,0.7979956377636017,global
360,0.1684605545531329,0.0,0.0,0.25,0.25,0.14285714285714285,0.4666666666666666,0.250089393498658,0.0,0.0,1.1662327724705408,1.1662327724705408,1.1662327724705408,global
361,0.0009327398816745822,0.3333333333333333,0.33333333333333337,0.0,0.0,0.0,0.4666666666666666,0.10954566559225129,0.0,0.0,1.2378977914755733,1.2378977914755733,1.2378977914755733,global
362,0.16802032587476887,0.0,0.0,0.0,0.0,0.0,0.4666666666666666,0.32569841651937415,0.0,0.0,0.8246956273075646,0.8246956273075646,0.8246956273075646,global
363,0.1695508783832378,0.0,0.0,0.0,0.0,0.0,0.4666666666666666,0.23225678259456614,0.0,0.0,0.7885434157444167,0.7885434157444167,0.7885434157444167,global
364,0.1679647296686638,0.0,0.0,0.0,0.0,0.0,0.4666666666666666,0.20894142974563448,0.0,0.0,0.7779483556331848,0.7779483556331848,0.7779483556331848,global
365,0.0017620192738423655,0.3333333333333333,0.33333333333333337,0.0,0.0,0.0,0.4666666666666666,0.10616042925798287,0.0,0.0,1.2372071204556,1.2372071204556,1.2372071204556,global
366,0.1679647296686638,0.0,0.0,0.0,0.0,0.0,0.4666666666666666,0.1532353557271682,0.0,0.0,0.7556659260257983,0.7556659260257983,0.7556659260257983,global
367,2.454578635985743e-06,0.3333333333333333,0.33333333333333337,0.0,0.0,0.0,0.4666666666666666,0.30364667941993,0.0,0.0,1.314793968764214,1.314793968764214,1.314793968764214,global
368,0.45393897279320494,0.6666666666666666,0.6666666666666667,0.0,0.0,0.0,0.4666666666666666,0.21715112282179605,0.0,0.0,2.276678294029949,2.276678294029949,2.276678294029949,global
369,0.16802032587476887,0.0,0.0,0.0,0.0,0.14285714285714285,0.4666666666666666,0.20112510885631574,0.0,0.0,0.8462948756709128,0.8462948756709128,0.8462948756709128,global
37,0.1673780853746632,0.0,0.0,0.0,0.0,0.42857142857142855,0.0,0.5049695598478482,0.0,0.0,0.5501760065245841,0.5501760065245841,0.5501760065245841,global
370,0.4525046397672667,0.6666666666666666,0.6666666666666667,0.14285714285714285,0.14285714285714285,0.14285714285714285,0.4666666666666666,0.42193555484299045,0.0,0.0,2.600301743274819,2.600301743274819,2.600301743274819,global
371,0.16802032587476887,0.0,0.0,0.0,0.0,0.0,0.4666666666666666,0.2189965619638509,0.0,0.0,0.7820148854853554,0.7820148854853554,0.7820148854853554,global
372,0.0015342343764228885,0.3333333333333333,0.33333333333333337,0.0,0.0,0.0,0.4666666666666666,0.04396475825902864,0.0,0.0,1.2121466241380832,1.2121466241380832,1.2121466241380832,global
373,0.0008986212386343804,0.3333333333333333,0.33333333333333337,0.0,0.0,0.0,0.4666666666666666,0.09430221926258103,0.0,0.0,1.231773118029273,1.231773118029273,1.231773118029273,global
374,0.0009327398816745822,0.3333333333333333,0.33333333333333337,0.0,0.0,0.0,0.4666666666666666,0.10922879242883139,0.0,0.0,1.2377710422102055,1.2377710422102055,1.2377710422102055,global
375,0.16802032587476887,0.0,0.0,0.0,0.0,0.0,0.4666666666666666,0.2258488583134032,0.0,0.0,0.7847558040251763,0.7847558040251763,0.7847558040251763,global
376,0.0013658502819942665,0.3333333333333333,0.33333333333333337,0.6,0.6,0.14285714285714285,0.4666666666666666,0.3241898062271332,0.0,0.0,2.1155305074783533,2.1155305074783533,2.1155305074783533,global
377,0.1679647296686638,0.0,0.0,0.5,0.5,0.0,0.4666666666666666,0.12172147203616769,0.0,0.0,1.3430603725493981,1.3430603725493981,1.3430603725493981,global
378,0.1679647296686638,0.0,0.0,0.0,0.0,0.0,0.4666666666666666,0.15276350364806862,0.0,0.0,0.7554771851941585,0.7554771851941585,0.7554771851941585,global
379,0.16802032587476887,0.0,0.0,0.0,0.0,0.0,0.4666666666666666,0.10918767713607438,0.0,0.0,0.7380913315542448,0.7380913315542448,0.7380913315542448,global
38,0.030669223683051063,0.3333333333333333,0.16832920514214536,0.0,0.0,0.5714285714285714,0.0,0.5425979490666439,0.0,0.0,0.9626172237912918,0.9626172237912918,0.9626172237912918,global
380,0.0017961379168825672,0.3333333333333333,0.33333333333333337,1.0,1.0,0.0,0.4666666666666666,0.04124680204791336,0.0,0.0,2.4112689644860046,2.4112689644860046,2.4112689644860046,global
381,0.16737918993504938,0.0,0.0,0.0,0.0,0.14285714285714285,0.4666666666666666,0.32730843953963984,0.0,0.0,0.8962552991924668,0.8962552991924668,0.8962552991924668,global
382,0.0004370377261372615,0.3333333333333333,0.33333333333333337,0.16666666666666666,0.16666666666666666,0.14285714285714285,0.4666666666666666,0.386453648727809,0.0,0.0,1.619692994433938,1.619692994433938,1.619692994433938,global
383,0.16802032587476887,0.0,0.0,0.2,0.2,0.14285714285714285,0.4666666666666666,0.32204561649427976,0.0,0.0,1.1346630787260983,1.1346630787260983,1.1346630787260983,global
384,0.0006014944947483063,0.3333333333333333,0.33333333333333337,0.4,0.4,0.2857142857142857,0.4666666666666666,0.3499334925518474,0.0,0.0,1.9566450688070134,1.9566450688070134,1.9566450688070134,global
385,0.16802032587476887,0.0,0.0,0.25,0.25,0.0,0.4666666666666666,0.21036919986984037,0.0,0.0,1.0785639406477512,1.0785639406477512,1.0785639406477512,global
386,0.0,0.3333333333333333,0.33333333333333337,0.2,0.2,0.14285714285714285,0.4666666666666666,0.3337795190575453,0.0,0.0,1.638273712384923,1.638273712384923,1.638273712384923,global
387,0.1679647296686638,0.0,0.0,0.0,0.0,0.0,0.4666666666666666,0.04175199663474876,0.0,0.0,0.7110725823888305,0.7110725823888305,0.7110725823888305,global
388,0.1680167667357467,0.0,0.0,0.0,0.0,0.0,0.4666666666666666,0.23002641524623976,0.0,0.0,0.7864239794870932,0.7864239794870932,0.7864239794870932,global
389,0.16780383203907492,0.0,0.0,0.0,0.0,0.0,0.4666666666666666,0.2196432091084014,0.0,0.0,0.7821003492746205,0.7821003492746205,0.7821003492746205,global
39,0.16802278045340485,0.0,0.0,0.0,0.0,0.42857142857142855,0.0,0.4667972629933044,0.0,0.0,0.53542284384576,0.53542284384576,0.53542284384576,global
390,0.0006014944947483063,0.3333333333333333,0.33333333333333337,0.16666666666666666,0.16666666666666666,0.14285714285714285,0.4666666666666666,0.36815844069500747,0.0,0.0,1.612506476635706,1.612506476635706,1.612506476635706,global
391,0.1679647296686638,0.0,0.0,0.0,0.0,0.14285714285714285,0.4666666666666666,0.3906096041659303,0.0,0.0,0.9220441968298746,0.9220441968298746,0.9220441968298746,global
392,0.0,0.3333333333333333,0.33333333333333337,0.0,0.0,0.0,0.4666666666666666,0.16650625355597434,0.0,0.0,1.259935834755723,1.259935834755723,1.259935834755723,global
393,0.45396830500790497,0.6666666666666666,0.6666666666666667,0.0,0.0,0.0,0.4666666666666666,0.04495768952783342,0.0,0.0,2.2078243864841243,2.2078243864841243,2.2078243864841243,global
394,0.16802032587476887,0.0,0.0,0.0,0.0,0.14285714285714285,0.4666666666666666,0.22840457453386512,0.0,0.0,0.8572066619419325,0.8572066619419325,0.8572066619419325,global
395,0.16796718424729978,0.0,0.0,0.0,0.0,0.0,0.4666666666666666,0.15737268473556787,0.0,0.0,0.7573228212920669,0.7573228212920669,0.7573228212920669,global
396,0.0017324416012787372,0.3333333333333333,0.33333333333333337,0.0,0.0,0.0,0.4666666666666666,0.38574505390248776,0.0,0.0,1.3490173081753514,1.3490173081753514,1.3490173081753514,global
397,0.1679647296686638,0.0,0.0,0.3333333333333333,0.3333333333333333,0.14285714285714285,0.4666666666666666,0.18442885776339693,0.0,0.0,1.239571898268861,1.239571898268861,1.239571898268861,global
398,0.16802032587476887,0.0,0.0,1.0,1.0,0.14285714285714285,0.4666666666666666,0.1420026052316521,0.0,0.0,2.0226458742210474,2.0226458742210474,2.0226458742210474,global
399,0.1679647296686638,0.0,0.0,0.0,0.0,0.0,0.4666666666666666,0.1909333697940474,0.0,0.0,0.77074513165255,0.77074513165255,0.77074513165255,global
4,0.1679647296686638,0.0,0.0,0.25,0.25,0.2857142857142857,0.0,0.26138281873680674,0.0,0.0,0.6817820540867965,0.6817820540867965,0.6817820540867965,global
40,0.16778088172882846,0.0,0.0,0.0,0.0,0.7142857142857143,0.0,0.6475720918982566,0.0,0.0,0.7503963992852226,0.7503963992852226,0.7503963992852226,global
400,0.45797945468590107,0.6666666666666666,0.6666666666666667,0.0,0.0,0.0,0.4666666666666666,0.20222990975210683,0.0,0.0,2.2739421943162306,2.2739421943162306,2.2739421943162306,global
401,0.0,0.3333333333333333,0.33333333333333337,0.16666666666666666,0.16666666666666666,0.14285714285714285,0.4666666666666666,0.3841710027626616,0.0,0.0,1.6184303058669693,1.6184303058669693,1.6184303058669693,global
402,0.1679647296686638,0.0,0.0,0.0,0.0,0.0,0.4666666666666666,0.047070670390265856,0.0,0.0,0.7132000518910374,0.7132000518910374,0.7132000518910374,global
403,0.0005954807770901412,0.3333333333333333,0.33333333333333337,0.0,0.0,0.14285714285714285,0.4666666666666666,0.4624749380941031,0.0,0.0,1.450228264621218,1.450228264621218,1.450228264621218,global
404,0.16802032587476887,0.0,0.0,0.5,0.5,0.14285714285714285,0.4666666666666666,0.13423040936714462,0.0,0.0,1.4195369958752442,1.4195369958752442,1.4195369958752442,global
405,0.0014648925299562913,0.3333333333333333,0.33333333333333337,0.0,0.0,0.14285714285714285,0.4666666666666666,0.21048130979876145,0.0,0.0,1.3501263427053742,1.3501263427053742,1.3501263427053742,global
406,0.16802032587476887,0.0,0.0,0.0,0.0,0.14285714285714285,0.4666666666666666,0.3941650195097826,0.0,0.0,0.9235108399322995,0.9235108399322995,0.9235108399322995,global
407,0.1680167667357467,0.0,0.0,0.0,0.0,0.0,0.4666666666666666,0.21749145517138288,0.0,0.0,0.7814099954571505,0.7814099954571505,0.7814099954571505,global
408,0.1679647296686638,0.0,0.0,0.0,0.0,0.0,0.4666666666666666,0.10651459525915531,0.0,0.0,0.7369776218385932,0.7369776218385932,0.7369776218385932,global
409,0.1684605545531329,0.0,0.0,0.0,0.0,0.0,0.4666666666666666,0.23544596520204536,0.0,0.0,0.7889468297233245,0.7889468297233245,0.7889468297233245,global
41,0.1679647296686638,0.0,0.0,0.0,0.0,0.2857142857142857,0.0,0.33866023273466767,0.0,0.0,0.41269301968594096,0.41269301968594096,0.41269301968594096,global
410,0.1679647296686638,0.0,0.0,0.3333333333333333,0.3333333333333333,0.14285714285714285,0.4666666666666666,0.19401438358587322,0.0,0.0,1.2434061085978516,1.2434061085978516,1.2434061085978516,global
411,0.16802032587476887,0.0,0.0,0.0,0.0,0.14285714285714285,0.4666666666666666,0.42145517145303335,0.0,0.0,0.9344269007095999,0.9344269007095999,0.9344269007095999,global
412,0.45500843270490393,0.6666666666666666,0.6666666666666667,0.0,0.0,0.0,0.4666666666666666,0.3240997715504086,0.0,0.0,2.320313321450753,2.320313321450753,2.320313321450753,global
413,0.0006014944947483063,0.3333333333333333,0.33333333333333337,0.25,0.25,0.14285714285714285,0.4666666666666666,0.25416962150980954,0.0,0.0,1.666910948961627,1.666910948961627,1.666910948961627,global
414,0.0,0.3333333333333333,0.33333333333333337,0.0,0.0,0.0,0.4666666666666666,0.17191868482742392,0.0,0.0,1.262100807264303,1.262100807264303,1.262100807264303,global
415,0.1679647296686638,0.0,0.0,0.3333333333333333,0.3333333333333333,0.14285714285714285,0.4666666666666666,0.2022402816082455,0.0,0.0,1.2466964678068004,1.2466964678068004,1.2466964678068004,global
416,0.1679647296686638,0.0,0.0,0.0,0.0,0.0,0.4666666666666666,0.20222990975210683,0.0,0.0,0.7752637476357738,0.7752637476357738,0.7752637476357738,global
417,0.00044059686515944085,0.3333333333333333,0.33333333333333337,0.0,0.0,0.0,0.4666666666666666,0.3902976081480376,0.0,0.0,1.3498048540846759,1.3498048540846759,1.3498048540846759,global
418,0.16802032587476887,0.0,0.0,0.0,0.0,0.0,0.4666666666666666,0.2135861302660706,0.0,0.0,0.7798507128062433,0.7798507128062433,0.7798507128062433,global
419,0.1679647296686638,0.0,0.0,0.0,0.0,0.0,0.4666666666666666,0.33093856240588576,0.0,0.0,0.8267472086972854,0.8267472086972854,0.8267472086972854,global
42,0.1679647296686638,0.0,0.0,0.0,0.0,0.42857142857142855,0.0,0.5483273840805349,0.0,0.0,0.5679884516528593,0.5679884516528593,0.5679884516528593,global
420,0.1679647296686638,0.0,0.0,0.0,0.0,0.0,0.4666666666666666,0.17153772647683835,0.0,0.0,0.7629868743256664,0.7629868743256664,0.7629868743256664,global
421,0.16841710851127598,0.0,0.0,0.25,0.25,0.14285714285714285,0.4666666666666666,0.26711861201014997,0.0,0.0,1.173009703041652,1.173009703041652,1.173009703041652,global
422,0.16802032587476887,0.0,0.0,0.5,0.5,0.14285714285714285,0.4666666666666666,0.14388187190947896,0.0,0.0,1.423397580892178,1.423397580892178,1.423397580892178,global
423,0.1679647296686638,0.0,0.0,0.0,0.0,0.0,0.4666666666666666,0.20222990975210683,0.0,0.0,0.7752637476357738,0.7752637476357738,0.7752637476357738,global
424,0.4536559598764758,0.6666666666666666,0.6666666666666667,0.0,0.0,0.0,0.4666666666666666,0.15215078116001537,0.0,0.0,2.2504517470318532,2.2504517470318532,2.2504517470318532,global
425,0.0023976324116308737,0.3333333333333333,0.33333333333333337,0.5,0.5,0.14285714285714285,0.4666666666666666,0.13906563198747363,0.0,0.0,1.922306263486199,1.922306263486199,1.922306263486199,global
426,0.1679647296686638,0.0,0.0,0.0,0.0,0.0,1.0,0.2648051102192832,0.0,0.0,1.4402938278226443,1.4402938278226443,1.4402938278226443,global
427,0.5587503396523188,0.6666666666666666,0.6733168205685814,0.0,0.0,0.0,1.0,0.1672749458295305,0.0,0.0,2.9885571014026318,2.9885571014026318,2.9885571014026318,global
428,0.16962623394736254,0.0,0.0,0.25,0.25,0.14285714285714285,1.0,0.3295204986722824,0.0,0.0,1.8389377580553743,1.8389377580553743,1.8389377580553743,global
429,0.1679647296686638,0.0,0.0,0.0,0.0,0.0,1.0,0.07582442757895337,0.0,0.0,1.3647015547665122,1.3647015547665122,1.3647015547665122,global
43,0.1679647296686638,0.0,0.0,0.0,0.0,0.2857142857142857,0.0,0.4327124098705645,0.0,0.0,0.4503138905402997,0.4503138905402997,0.4503138905402997,global
430,0.05339714910509745,0.3333333333333333,0.3366584102842907,0.0,0.0,0.0,1.0,0.4826911075567253,0.0,0.0,2.0731175879812502,2.0731175879812502,2.0731175879812502,global
431,0.5586161969298621,0.6666666666666666,0.6733168205685814,0.3333333333333333,0.3333333333333333,0.14285714285714285,1.0,0.29012397020930075,0.0,0.0,3.509017968405146,3.509017968405146,3.509017968405146,global
432,0.16802032587476887,0.0,0.0,0.0,0.0,0.0,1.0,0.2745727125268468,0.0,0.0,1.4442453457105537,1.4442453457105537,1.4442453457105537,global
433,0.1679647296686638,0.0,0.0,0.0,0.0,0.0,1.0,0.2800974695095999,0.0,0.0,1.4464107715387708,1.4464107715387708,1.4464107715387708,global
434,0.1679647296686638,0.0,0.0,0.0,0.0,0.0,1.0,0.07582442757895337,0.0,0.0,1.3647015547665122,1.3647015547665122,1.3647015547665122,global
435,0.5589987430102805,0.6666666666666666,0.6733168205685814,0.25,0.25,0.14285714285714285,1.0,0.328428603354469,0.0,0.0,3.4246458585275477,3.4246458585275477,3.4246458585275477,global
436,0.053107017910323934,0.3333333333333333,0.3366584102842907,0.25,0.25,0.14285714285714285,1.0,0.35920593834010994,0.0,0.0,2.3949199867673565,2.3949199867673565,2.3949199867673565,global
437,0.16802032587476887,0.0,0.0,0.0,0.0,0.0,1.0,0.08725576293237215,0.0,0.0,1.369318565872764,1.369318565872764,1.369318565872764,global
438,0.05325944724361865,0.3333333333333333,0.3366584102842907,0.0,0.0,0.0,1.0,0.14694870000820545,0.0,0.0,1.938710463472659,1.938710463472659,1.938710463472659,global
439,0.1679647296686638,0.0,0.0,0.0,0.0,0.14285714285714285,1.0,0.5213726085416717,0.0,0.0,1.614349398580171,1.614349398580171,1.614349398580171,global
44,0.16818257352260751,0.0,0.0,0.0,0.0,0.42857142857142855,0.0,0.36679268325777087,0.0,0.0,0.49554884640690866,0.49554884640690866,0.49554884640690866,global
440,0.1679647296686638,0.0,0.0,0.5,0.5,0.2857142857142857,1.0,0.3536947828436976,0.0,0.0,2.218706839729553,2.218706839729553,2.218706839729553,global
441,0.0532157557438981,0.3333333333333333,0.3366584102842907,0.0,0.0,0.0,1.0,0.163698242359005,0.0,0.0,1.9453753272132026,1.9453753272132026,1.9453753272132026,global
442,0.1679647296686638,0.0,0.0,1.0,1.0,0.0,1.0,0.10031464299135827,0.0,0.0,2.574497640931474,2.574497640931474,2.574497640931474,global
443,0.16802032587476887,0.0,0.0,0.0,0.0,0.0,1.0,0.2411771230334603,0.0,0.0,1.4308871099131992,1.4308871099131992,1.4308871099131992,global
444,0.05308983585987203,0.3333333333333333,0.3366584102842907,0.0,0.0,0.0,1.0,0.07582442757895337,0.0,0.0,1.910125065393961,1.910125065393961,1.910125065393961,global
445,0.1679647296686638,0.0,0.0,0.25,0.25,0.14285714285714285,1.0,0.3384612210163102,0.0,0.0,1.8411848435700264,1.8411848435700264,1.8411848435700264,global
446,0.05308983585987203,0.3333333333333333,0.3366584102842907,0.0,0.0,0.0,1.0,0.2346993442583266,0.0,0.0,1.9736750320657104,1.9736750320657104,1.9736750320657104,global
447,0.052617697659240174,0.3333333333333333,0.3366584102842907,0.5,0.5,0.14285714285714285,1.0,0.3147238334772558,0.0,0.0,2.6767356886213483,2.6767356886213483,2.6767356886213483,global
448,0.1679647296686638,0.0,0.0,0.0,0.0,0.0,1.0,0.07582442757895337,0.0,0.0,1.3647015547665122,1.3647015547665122,1.3647015547665122,global
449,0.05308983585987203,0.3333333333333333,0.3366584102842907,0.0,0.0,0.0,1.0,0.07582442757895337,0.0,0.0,1.910125065393961,1.910125065393961,1.910125065393961,global
45,0.03127071817779937,0.3333333333333333,0.16832920514214536,0.0,0.0,0.42857142857142855,0.0,0.4879467808290192,0.0,0.0,0.8698093806634692,0.8698093806634692,0.8698093806634692,global
450,0.05339714910509745,0.3333333333333333,0.3366584102842907,0.0,0.0,0.0,1.0,0.16613908870944277,0.0,0.0,1.9464967804423372,1.9464967804423372,1.9464967804423372,global
451,0.05325944724361865,0.3333333333333333,0.3366584102842907,0.5,0.5,0.14285714285714285,1.0,0.18871160186831107,0.0,0.0,2.626844195645273,2.626844195645273,2.626844195645273,global
452,0.1679647296686638,0.0,0.0,0.0,0.0,0.0,1.0,0.07582442757895337,0.0,0.0,1.3647015547665122,1.3647015547665122,1.3647015547665122,global
453,0.1679647296686638,0.0,0.0,0.0,0.0,0.0,1.0,0.07582442757895337,0.0,0.0,1.3647015547665122,1.3647015547665122,1.3647015547665122,global
454,0.1679647296686638,0.0,0.0,0.0,0.0,0.0,1.0,0.09561413024319444,0.0,0.0,1.3726174358322087,1.3726174358322087,1.3726174358322087,global
455,0.05321011021303534,0.3333333333333333,0.3366584102842907,0.25,0.25,0.14285714285714285,1.0,0.31863252596084835,0.0,0.0,2.378773095657821,2.378773095657821,2.378773095657821,global
456,0.16802032587476887,0.0,0.0,0.0,0.0,0.0,1.0,0.30023311743088693,0.0,0.0,1.45450950767217,1.45450950767217,1.45450950767217,global
457,0.5602878877099002,0.6666666666666666,0.6733168205685814,0.3333333333333333,0.3333333333333333,0.14285714285714285,1.0,0.2552332957900454,0.0,0.0,3.4963990512614744,3.4963990512614744,3.4963990512614744,global
458,0.16851615075923798,0.0,0.0,0.5,0.5,0.14285714285714285,1.0,0.18405477940453727,0.0,0.0,2.0798634037977766,2.0798634037977766,2.0798634037977766,global
459,0.052614261249149794,0.3333333333333333,0.3366584102842907,0.0,0.0,0.0,1.0,0.24194287326235808,0.0,0.0,1.9761919839787452,1.9761919839787452,1.9761919839787452,global
46,0.1679647296686638,0.0,0.0,0.0,0.0,0.2857142857142857,0.0,0.34875069974482975,0.0,0.0,0.4167292064900058,0.4167292064900058,0.4167292064900058,global
460,0.05338364892259952,0.3333333333333333,0.3366584102842907,0.0,0.0,0.0,1.0,0.09784438440493107,0.0,0.0,1.919168098574534,1.919168098574534,1.919168098574534,global
461,0.1679647296686638,0.0,0.0,0.5,0.5,0.0,1.0,0.15215024850901904,0.0,0.0,1.9952318831385387,1.9952318831385387,1.9952318831385387,global
462,0.05304614436015149,0.3333333333333333,0.3366584102842907,0.0,0.0,0.0,1.0,0.10749673189392572,0.0,0.0,1.9227590339201737,1.9227590339201737,1.9227590339201737,global
463,0.1679647296686638,0.0,0.0,0.0,0.0,0.0,1.0,0.07582442757895337,0.0,0.0,1.3647015547665122,1.3647015547665122,1.3647015547665122,global
464,0.1679647296686638,0.0,0.0,0.0,0.0,0.0,1.0,0.09529325452346697,0.0,0.0,1.3724890855443177,1.3724890855443177,1.3724890855443177,global
465,0.1679647296686638,0.0,0.0,0.2,0.2,0.14285714285714285,1.0,0.444910884805374,0.0,0.0,1.8237647090856521,1.8237647090856521,1.8237647090856521,global
466,0.1679647296686638,0.0,0.0,0.0,0.0,0.0,1.0,0.07582442757895337,0.0,0.0,1.3647015547665122,1.3647015547665122,1.3647015547665122,global
467,0.05325944724361865,0.3333333333333333,0.3366584102842907,0.0,0.0,0.0,1.0,0.09110558628507959,0.0,0.0,1.9163732179834088,1.9163732179834088,1.9163732179834088,global
468,0.05260616113965104,0.3333333333333333,0.3366584102842907,0.0,0.0,0.0,1.0,0.09624501921943175,0.0,0.0,1.9179063622739758,1.9179063622739758,1.9179063622739758,global
469,0.1679647296686638,0.0,0.0,0.0,0.0,0.0,1.0,0.16517034366967098,0.0,0.0,1.4004399212027994,1.4004399212027994,1.4004399212027994,global
47,0.16713974578910898,0.0,0.0,0.0,0.0,0.42857142857142855,0.0,0.573470824604099,0.0,0.0,0.5773858407586411,0.5773858407586411,0.5773858407586411,global
470,0.1679647296686638,0.0,0.0,0.0,0.0,0.0,1.0,0.07582442757895337,0.0,0.0,1.3647015547665122,1.3647015547665122,1.3647015547665122,global
471,0.05365279347003536,0.3333333333333333,0.3366584102842907,0.0,0.0,0.0,1.0,0.38989937371755234,0.0,0.0,2.0362054099375313,2.0362054099375313,2.0362054099375313,global
472,0.5563323342380092,0.6666666666666666,0.6733168205685814,0.0,0.0,0.0,1.0,0.07582442757895337,0.0,0.0,2.950042489770953,2.950042489770953,2.950042489770953,global
473,0.1680167667357467,0.0,0.0,0.3333333333333333,0.3333333333333333,0.14285714285714285,1.0,0.2728346293201727,0.0,0.0,1.9149758365452378,1.9149758365452378,1.9149758365452378,global
474,0.05261168394158201,0.3333333333333333,0.3366584102842907,1.0,1.0,0.0,1.0,0.17861233136594207,0.0,0.0,3.1508577053741242,3.1508577053741242,3.1508577053741242,global
475,0.05323625147550858,0.3333333333333333,0.3366584102842907,0.0,0.0,0.0,1.0,0.21971982066344192,0.0,0.0,1.9678003551202659,1.9678003551202659,1.9678003551202659,global
476,0.05325944724361865,0.3333333333333333,0.3366584102842907,0.0,0.0,0.0,1.0,0.15033858798502203,0.0,0.0,1.9400664186633858,1.9400664186633858,1.9400664186633858,global
477,0.053163964134678804,0.3333333333333333,0.3366584102842907,0.25,0.25,0.14285714285714285,1.0,0.3109617998639849,0.0,0.0,2.37566788835639,2.37566788835639,2.37566788835639,global
478,0.5587559851831815,0.6666666666666666,0.6733168205685814,0.0,0.0,0.0,1.0,0.08561448195454456,0.0,0.0,2.9558974322773275,2.9558974322773275,2.9558974322773275,global
479,0.16802032587476887,0.0,0.0,0.0,0.0,0.0,1.0,0.2606098914311966,0.0,0.0,1.4386602172722938,1.4386602172722938,1.4386602172722938,global
48,0.1679647296686638,0.0,0.0,0.0,0.0,0.14285714285714285,0.0,0.1400923432985068,0.0,0.0,0.2618372924829052,0.2618372924829052,0.2618372924829052,global
480,0.16796718424729978,0.0,0.0,0.0,0.0,0.0,1.0,0.14386586174032723,0.0,0.0,1.3919200920939707,1.3919200920939707,1.3919200920939707,global
481,0.1679647296686638,0.0,0.0,0.0,0.0,0.0,1.0,0.07538036882093546,0.0,0.0,1.364523931263305,1.364523931263305,1.364523931263305,global
482,0.1679647296686638,0.0,0.0,0.0,0.0,0.0,1.0,0.25642412151194566,0.0,0.0,1.4369414323397092,1.4369414323397092,1.4369414323397092,global
483,0.16905505349876865,0.0,0.0,0.0,0.0,0.0,1.0,0.30960208973144265,0.0,0.0,1.459084878691592,1.459084878691592,1.459084878691592,global
484,0.05327638383620695,0.3333333333333333,0.3366584102842907,0.0,0.0,0.0,1.0,0.25795026603726484,0.0,0.0,1.9831246391583535,1.9831246391583535,1.9831246391583535,global
485,0.05265795274887034,0.3333333333333333,0.3366584102842907,0.0,0.0,0.0,1.0,0.08747949575059562,0.0,0.0,1.9144415861738169,1.9144415861738169,1.9144415861738169,global
486,0.16962623394736254,0.0,0.0,0.0,0.0,0.0,1.0,0.2414453934648484,0.0,0.0,1.4322791445438294,1.4322791445438294,1.4322791445438294,global
487,0.1679647296686638,0.0,0.0,0.0,0.0,0.0,1.0,0.06239952848645412,0.0,0.0,1.3593315951295126,1.3593315951295126,1.3593315951295126,global
488,0.16802032587476887,0.0,0.0,0.0,0.0,0.0,1.0,0.17193711685175714,0.0,0.0,1.403191107440518,1.403191107440518,1.403191107440518,global
489,0.1679647296686638,0.0,0.0,1.0,1.0,0.0,1.0,0.08983907081003911,0.0,0.0,2.5703074120589466,2.5703074120589466,2.5703074120589466,global
49,0.16802032587476887,0.0,0.0,0.0,0.0,0.2857142857142857,0.0,0.45783723138392884,0.0,0.0,0.46040829611052947,0.46040829611052947,0.46040829611052947,global
490,0.0532157557438981,0.3333333333333333,0.3366584102842907,0.0,0.0,0.0,1.0,0.09042695413131249,0.0,0.0,1.9160668119221256,1.9160668119221256,1.9160668119221256,global
491,0.1679647296686638,0.0,0.0,0.0,0.0,0.0,1.0,0.08880070415016005,0.0,0.0,1.3698920653949949,1.3698920653949949,1.3698920653949949,global
492,0.1679647296686638,0.0,0.0,0.0,0.0,0.0,1.0,0.16075761031886338,0.0,0.0,1.3986748278624763,1.3986748278624763,1.3986748278624763,global
493,0.1679647296686638,0.0,0.0,0.0,0.0,0.0,1.0,0.19473796174443225,0.0,0.0,1.4122669684327038,1.4122669684327038,1.4122669684327038,global
494,0.049247929378827146,0.3333333333333333,0.3366584102842907,0.0,0.0,0.0,1.0,0.14864765522447806,0.0,0.0,1.936180831267335,1.936180831267335,1.936180831267335,global
495,0.1679647296686638,0.0,0.0,0.0,0.0,0.0,1.0,0.2346993442583266,0.0,0.0,1.4282515214382616,1.4282515214382616,1.4282515214382616,global
496,0.1679647296686638,0.0,0.0,0.0,0.0,0.0,1.0,0.08809236951203017,0.0,0.0,1.369608731539743,1.369608731539743,1.369608731539743,global
497,0.16802032587476887,0.0,0.0,0.0,0.0,0.0,1.0,0.10027630126542104,0.0,0.0,1.3745267812059836,1.3745267812059836,1.3745267812059836,global
498,0.1679647296686638,0.0,0.0,0.0,0.0,0.0,1.0,0.07582442757895337,0.0,0.0,1.3647015547665122,1.3647015547665122,1.3647015547665122,global
499,0.05308983585987203,0.3333333333333333,0.3366584102842907,0.0,0.0,0.0,1.0,0.07582442757895337,0.0,0.0,1.910125065393961,1.910125065393961,1.910125065393961,global
5,0.1679647296686638,0.0,0.0,0.0,0.0,0.42857142857142855,0.0,0.4382808170696082,0.0,0.0,0.5239698248484886,0.5239698248484886,0.5239698248484886,global
50,0.03127071817779937,0.3333333333333333,0.16832920514214536,0.0,0.0,0.2857142857142857,0.0,0.23708774053764495,0.0,0.0,0.698037193118348,0.698037193118348,0.698037193118348,global
500,0.0532157557438981,0.3333333333333333,0.3366584102842907,0.0,0.0,0.0,1.0,0.08285537518720745,0.0,0.0,1.9130381803444836,1.9130381803444836,1.9130381803444836,global
51,0.03125648162171065,0.3333333333333333,0.16832920514214536,0.2,0.2,0.7142857142857143,0.0,0.6963971287213748,0.0,0.0,1.3360352734326835,1.3360352734326835,1.3360352734326835,global
52,0.16802032587476887,0.0,0.0,0.0,0.0,0.2857142857142857,0.0,0.2753601576619907,0.0,0.0,0.38741746662175425,0.38741746662175425,0.38741746662175425,global
53,0.031086870237964036,0.3333333333333333,0.16832920514214536,0.0,0.0,0.8571428571428571,0.0,0.7196299500804635,0.0,0.0,1.176621284297893,1.176621284297893,1.176621284297893,global
54,0.16802179862195046,0.0,0.0,0.09090909090909091,0.09090909090909091,0.7142857142857143,0.0,0.7721741548753992,0.0,0.0,0.9095208670814863,0.9095208670814863,0.9095208670814863,global
55,0.16802179862195046,0.0,0.0,0.0,0.0,0.7142857142857143,0.0,0.7691579646914195,0.0,0.0,0.7992234819169853,0.7992234819169853,0.7992234819169853,global
56,0.16738066268223098,0.0,0.0,0.0,0.0,0.7142857142857143,0.0,0.8098913469390264,0.0,0.0,0.8150039260642525,0.8150039260642525,0.8150039260642525,global
57,0.1679647296686638,0.0,0.0,0.0,0.0,0.42857142857142855,0.0,0.3224261162125696,0.0,0.0,0.47762794450567314,0.47762794450567314,0.47762794450567314,global
58,0.03127071817779937,0.3333333333333333,0.16832920514214536,0.0,0.0,0.2857142857142857,0.0,0.19087435463741467,0.0,0.0,0.679551838758256,0.679551838758256,0.679551838758256,global
59,0.16778333630746445,0.0,0.0,0.0,0.0,0.7142857142857143,0.0,0.6029674412084881,0.0,0.0,0.7325565026722239,0.7325565026722239,0.7325565026722239,global
6,0.1679647296686638,0.0,0.0,0.0,0.0,0.14285714285714285,0.0,0.33778138445360223,0.0,0.0,0.3409129089449434,0.3409129089449434,0.3409129089449434,global
60,0.030663209965392894,0.3333333333333333,0.16832920514214536,0.0,0.0,0.2857142857142857,0.0,0.2795181744270378,0.0,0.0,0.7145233601041799,0.7145233601041799,0.7145233601041799,global
61,0.031732424419228286,0.3333333333333333,0.16832920514214536,0.0,0.0,0.5714285714285714,0.0,0.5572718245322485,0.0,0.0,0.9693373345664755,0.9693373345664755,0.9693373345664755,global
62,0.03115842120520302,0.3333333333333333,0.16832920514214536,0.0,0.0,0.5714285714285714,0.0,0.6013336868140053,0.0,0.0,0.986502876907958,0.986502876907958,0.986502876907958,global
63,0.03200353262957291,0.3333333333333333,0.16832920514214536,0.0,0.0,0.7142857142857143,0.0,0.6643110070608519,0.0,0.0,1.0837984655747641,1.0837984655747641,1.0837984655747641,global
64,0.16802032587476887,0.0,0.0,0.0,0.0,0.42857142857142855,0.0,0.4638796436650584,0.0,0.0,0.5342538324515527,0.5342538324515527,0.5342538324515527,global
65,0.16778088172882846,0.0,0.0,0.0,0.0,0.8571428571428571,0.0,0.8550387708125828,0.0,0.0,0.9048116422795245,0.9048116422795245,0.9048116422795245,global
66,0.1679647296686638,0.0,0.0,0.0,0.0,0.42857142857142855,0.0,0.41685104339913975,0.0,0.0,0.5153979153803012,0.5153979153803012,0.5153979153803012,global
67,0.16802032587476887,0.0,0.0,0.0,0.0,0.42857142857142855,0.0,0.4875759089995312,0.0,0.0,0.5437323385853419,0.5437323385853419,0.5437323385853419,global
68,0.1679647296686638,0.0,0.0,0.0,0.0,0.14285714285714285,0.0,0.13522833505902346,0.0,0.0,0.25989168918711186,0.25989168918711186,0.25989168918711186,global
69,0.031086870237964036,0.3333333333333333,0.16832920514214536,0.0,0.0,0.42857142857142855,0.0,0.6097680739377753,0.0,0.0,0.9183908195551034,0.9183908195551034,0.9183908195551034,global
7,0.16778088172882846,0.0,0.0,0.0,0.0,0.7142857142857143,0.0,0.831128768958704,0.0,0.0,0.8238190701094016,0.8238190701094016,0.8238190701094016,global
70,0.030669223683051063,0.3333333333333333,0.16832920514214536,0.0,0.0,0.42857142857142855,0.0,0.442992886084527,0.0,0.0,0.8513466271698736,0.8513466271698736,0.8513466271698736,global
71,0.1682396424758942,0.0,0.0,0.0,0.0,0.7142857142857143,0.0,0.6225090543587409,0.0,0.0,0.7407381928670689,0.7407381928670689,0.7407381928670689,global
72,0.1679647296686638,0.0,0.0,0.0,0.0,0.42857142857142855,0.0,0.42169937546798875,0.0,0.0,0.5173372482078409,0.5173372482078409,0.5173372482078409,global
73,0.03200353262957291,0.3333333333333333,0.16832920514214536,0.0,0.0,0.5714285714285714,0.0,0.7100713563011437,0.0,0.0,1.0306740338423093,1.0306740338423093,1.0306740338423093,global
74,0.16851615075923798,0.0,0.0,0.0,0.0,0.14285714285714285,0.0,0.23691076466926111,0.0,0.0,0.3010057979036663,0.3010057979036663,0.3010057979036663,global
75,0.030669223683051063,0.3333333333333333,0.16832920514214536,0.0,0.0,0.14285714285714285,0.0,0.3286872961546393,0.0,0.0,0.6627672483407757,0.6627672483407757,0.6627672483407757,global
76,0.5158219684297005,0.6666666666666666,0.3366584102842907,0.1111111111111111,0.1111111111111111,0.7142857142857143,0.0,0.6223266319259929,0.0,0.0,2.0227211769981635,2.0227211769981635,2.0227211769981635,global
77,0.5141713870259319,0.6666666666666666,0.3366584102842907,0.0,0.0,0.42857142857142855,0.0,0.34016783672503037,0.0,0.0,1.6323467176042874,1.6323467176042874,1.6323467176042874,global
78,0.16778088172882846,0.0,0.0,0.0,0.0,0.5714285714285714,0.0,0.7935484902084635,0.0,0.0,0.7373583871807339,0.7373583871807339,0.7373583871807339,global
79,0.1677773225898063,0.0,0.0,0.0,0.0,0.8571428571428571,0.0,0.7662998296104796,0.0,0.0,0.8693132184874655,0.8693132184874655,0.8693132184874655,global
8,0.1679647296686638,0.0,0.0,0.0,0.0,0.42857142857142855,0.0,0.4779312809087003,0.0,0.0,0.5398300103841255,0.5398300103841255,0.5398300103841255,global
80,0.16802032587476887,0.0,0.0,0.0,0.0,0.42857142857142855,0.0,0.5518008700104613,0.0,0.0,0.5694223229897138,0.5694223229897138,0.5694223229897138,global
81,0.16738311726086696,0.0,0.0,0.0,0.0,0.8571428571428571,0.0,0.7645884188616173,0.0,0.0,0.8683132899247692,0.8683132899247692,0.8683132899247692,global
82,0.16818257352260751,0.0,0.0,0.0,0.0,0.42857142857142855,0.0,0.48757824199357824,0.0,0.0,0.5438630699012317,0.5438630699012317,0.5438630699012317,global
83,0.16802032587476887,0.0,0.0,0.0,0.0,0.14285714285714285,0.0,0.19026552842200206,0.0,0.0,0.28195104349718736,0.28195104349718736,0.28195104349718736,global
84,0.16802032587476887,0.0,0.0,0.0,0.0,0.5714285714285714,0.0,0.5364923658642389,0.0,0.0,0.6347274927597963,0.6347274927597963,0.6347274927597963,global
85,0.16737918993504938,0.0,0.0,0.0,0.0,0.2857142857142857,0.0,0.28344382141192737,0.0,0.0,0.39013802336995335,0.39013802336995335,0.39013802336995335,global
86,0.030669223683051063,0.3333333333333333,0.16832920514214536,0.14285714285714285,0.14285714285714285,0.2857142857142857,0.0,0.3747332759554908,0.0,0.0,0.924042783118259,0.924042783118259,0.924042783118259,global
87,0.1679647296686638,0.0,0.0,0.0,0.0,0.42857142857142855,0.0,0.5089688926749067,0.0,0.0,0.5522450550906081,0.5522450550906081,0.5522450550906081,global
88,0.16802032587476887,0.0,0.0,0.0,0.0,0.2857142857142857,0.0,0.4794567579972619,0.0,0.0,0.46905610675586273,0.46905610675586273,0.46905610675586273,global
89,0.16778088172882846,0.0,0.0,0.1111111111111111,0.1111111111111111,0.7142857142857143,0.0,0.6212826518639252,0.0,0.0,0.8732139566048234,0.8732139566048234,0.8732139566048234,global
9,0.1680182394829283,0.0,0.0,0.07142857142857142,0.07142857142857142,0.8571428571428571,0.0,0.9829103398580922,0.0,0.0,1.0418644418152938,1.0418644418152938,1.0418644418152938,global
90,0.03127071817779937,0.3333333333333333,0.16832920514214536,0.0,0.0,0.0,0.0,0.0005731680664193122,0.0,0.0,0.460574221272715,0.460574221272715,0.460574221272715,global
91,0.16802032587476887,0.0,0.0,0.2,0.2,0.2857142857142857,0.0,0.2876660436635124,0.0,0.0,0.632339821022363,0.632339821022363,0.632339821022363,global
92,0.16802032587476887,0.0,0.0,0.0,0.0,0.2857142857142857,0.0,0.27247312535573165,0.0,0.0,0.3862626536992506,0.3862626536992506,0.3862626536992506,global
93,0.5144153721423489,0.6666666666666666,0.3366584102842907,0.0,0.0,0.7142857142857143,0.0,0.5550749865363063,0.0,0.0,1.8613619084790742,1.8613619084790742,1.8613619084790742,global
94,0.16778088172882846,0.0,0.0,0.0,0.0,0.5714285714285714,0.0,0.708470918712958,0.0,0.0,0.7033273585825317,0.7033273585825317,0.7033273585825317,global
95,0.1679647296686638,0.0,0.0,0.0,0.0,0.2857142857142857,0.0,0.31512040172288586,0.0,0.0,0.40327708728122824,0.40327708728122824,0.40327708728122824,global
96,0.16778088172882846,0.0,0.0,0.0,0.0,0.5714285714285714,0.0,0.7166382003237145,0.0,0.0,0.7065942712268343,0.7065942712268343,0.7065942712268343,global
97,0.03127071817779937,0.3333333333333333,0.16832920514214536,0.16666666666666666,0.16666666666666666,0.14285714285714285,0.0,0.27729879426234283,0.0,0.0,0.8426930431796558,0.8426930431796558,0.8426930431796558,global
98,0.16802032587476887,0.0,0.0,0.125,0.125,0.2857142857142857,0.0,0.4308974942995574,0.0,0.0,0.5996324012767809,0.5996324012767809,0.5996324012767809,global
99,0.03127071817779937,0.3333333333333333,0.16832920514214536,0.0,0.0,0.2857142857142857,0.0,0.19173180227577946,0.0,0.0,0.6798948178136018,0.6798948178136018,0.6798948178136018,global
