node_id,ml_score,ris_score,fair_ris_score,fairness_bonus,weak_group_bonus,community_diversity_bonus,protected_group_coverage_bonus,spread_proxy_score,combined_score,score_normalization
1,0.3254096675025395,0.0,0.0,0.0,0.0,0.2857142857142857,0.0,0.23350758948828315,0.4315059791539798,global
10,0.3946558786210425,0.0,0.0,0.0,0.0,0.14285714285714285,0.0,0.18124478791643767,0.380720013767772,global
100,0.46042825840393853,0.0,0.0,0.0,0.0,0.7142857142857143,0.0,0.6350968717699038,0.8874385608931818,global
101,0.39629261199084337,0.0,0.0,0.0,0.0,0.5714285714285714,0.0,0.46757686074501575,0.710520597206798,global
102,0.45582796997527547,0.0,0.0,0.0,0.0,0.2857142857142857,0.0,0.31930562690289205,0.5440761756034649,global
103,0.3695027013671804,0.0,0.0,0.2,0.2,0.5714285714285714,0.0,0.3834512997833366,0.9207964264479286,global
104,0.46048791738695255,0.0,0.0,0.0,0.0,0.7142857142857143,0.0,0.6685919628315373,0.9008723927076436,global
105,0.3314716748504207,0.0,0.0,0.0,0.0,0.14285714285714285,0.0,0.24769169596031723,0.3693882547229508,global
106,0.42544392557831057,0.0,0.0,0.14285714285714285,0.14285714285714285,0.5714285714285714,0.0,0.5023668412422501,0.9276416632724578,global
107,0.3634588821333452,0.0,0.0,0.0,0.0,0.42857142857142855,0.0,0.3303438088728569,0.5644985671148641,global
108,0.5239133905513393,0.0,0.0,0.2222222222222222,0.2222222222222222,0.7142857142857143,0.0,0.650447451163815,1.2205587608280757,global
109,0.5360068866254278,0.0,0.0,0.0,0.0,0.5714285714285714,0.0,0.5652936460187437,0.8334358760970397,global
11,0.5283673372667181,0.0,0.0,0.08333333333333333,0.08333333333333333,0.8571428571428571,0.0,0.8160039402315618,1.1803267403574174,global
110,0.37713592549543035,0.0,0.0,0.0,0.0,0.2857142857142857,0.0,0.36118739434986763,0.513613655894348,global
111,0.27593944939330317,0.0,0.0,0.0,0.0,0.14285714285714285,0.0,0.17868217609181852,0.30846511150128075,global
112,0.35133164329287375,0.0,0.0,0.0,0.0,0.2857142857142857,0.0,0.22930834253462118,0.4453794658467156,global
113,0.5035748458198156,0.0,0.0,0.125,0.125,0.5714285714285714,0.0,0.5360595340420906,0.9647830068230113,global
114,0.41023113102765657,0.0,0.0,0.0,0.0,0.42857142857142855,0.0,0.4947641933858126,0.6583300702566333,global
115,0.3678742621711732,0.0,0.0,0.0,0.0,0.2857142857142857,0.0,0.27224407910754767,0.47247933180286583,global
116,0.5534198276808483,0.0,0.0,0.09090909090909091,0.09090909090909091,0.7142857142857143,0.0,0.7264991681136017,1.097976239178625,global
117,0.4769476437508992,0.0,0.0,0.0,0.0,0.5714285714285714,0.0,0.6698249240126806,0.8398128415698976,global
118,0.4731782986326811,0.0,0.0,0.0,0.0,0.8571428571428571,0.0,0.7586105022997018,1.0159226086709179,global
119,0.417129176326859,0.0,0.0,0.0,0.0,0.42857142857142855,0.0,0.43412643627168673,0.6382137945905043,global
12,0.5712618014887026,0.0,0.0,0.25,0.25,0.42857142857142855,0.0,0.5130029395631261,1.0872439710041863,global
120,0.3426956363247218,0.0,0.0,0.0,0.0,0.2857142857142857,0.0,0.3203222952542482,0.4766034427536752,global
121,0.5235699576103421,0.0,0.0,0.0,0.0,0.42857142857142855,0.0,0.6799259360913305,0.8003980632884518,global
122,0.3914262454824095,0.0,0.0,0.0,0.0,0.42857142857142855,0.0,0.33339388293320593,0.5824990147484423,global
123,0.23131595758274612,0.0,0.0,0.0,0.0,0.14285714285714285,0.0,0.09639736499032482,0.24877709197434902,global
124,0.39114889520205276,0.0,0.0,0.0,0.0,0.42857142857142855,0.0,0.38928838084073975,0.6046904037432419,global
125,0.48447466799808253,0.0,0.0,0.0,0.0,0.5714285714285714,0.0,0.5224992321335705,0.7853987793665634,global
126,0.40128597534430704,0.0,0.0,0.0,0.0,0.5714285714285714,0.0,0.46190411796562714,0.7112475181071208,global
127,0.6128347109450437,0.0,0.0,0.0,0.0,0.5714285714285714,0.0,0.7854042064445291,0.9675767948591236,global
128,0.49340052803676093,1.0,0.5,0.25,0.25,0.2857142857142857,0.0,0.25367879374599395,2.265368977177597,global
129,0.40945403831739086,0.0,0.0,0.0,0.0,0.2857142857142857,0.0,0.36407616388180963,0.5341600314003012,global
13,0.5935499446857674,0.0,0.0,0.2,0.2,0.8571428571428571,0.0,0.7711594169552779,1.3531651621650003,global
130,0.3988158374848939,0.0,0.0,0.0,0.0,0.2857142857142857,0.0,0.27244433908408494,0.4911243809817132,global
131,0.536191032050721,0.0,0.0,0.0,0.0,0.42857142857142855,0.0,0.5700646277522581,0.7640261846170501,global
132,0.48013467387814723,0.0,0.0,0.2222222222222222,0.2222222222222222,0.7142857142857143,0.0,0.6382635830082103,1.1894179835619183,global
133,0.54271906367392,0.0,0.0,0.0,0.0,0.5714285714285714,0.0,0.7100306350919403,0.8953579779554139,global
134,0.5727240864791292,1.0,0.5,0.0,0.0,0.7142857142857143,0.0,0.7759710168091772,2.4111657157540054,global
135,0.4809896875208479,0.0,0.0,0.125,0.125,0.7142857142857143,0.0,0.5767339417131364,1.0389302463406205,global
136,0.35045287927120916,1.0,0.5,0.0,0.0,0.42857142857142855,0.0,0.3938705150807135,1.982105647880725,global
137,0.5596111699939681,0.0,0.0,0.0,0.0,0.42857142857142855,0.0,0.6382480747992473,0.805351646201794,global
138,0.3398550910006384,0.0,0.0,0.0,0.0,0.14285714285714285,0.0,0.13948072609009082,0.3311339164649908,global
139,0.3413642122306176,1.0,0.5,0.0,0.0,0.0,0.0,0.12795877162131572,1.656002035986897,global
14,0.3571795280532047,0.0,0.0,0.0,0.0,0.42857142857142855,0.0,0.3313888649111058,0.5611489770820794,global
140,0.4012868121452239,1.0,0.5,0.0,0.0,0.2857142857142857,0.0,0.2718149470934772,1.8923552089816678,global
141,0.34869965829142263,0.0,0.0,0.0,0.0,0.42857142857142855,0.0,0.42177973240011546,0.592217402220614,global
142,0.40053447889738064,1.0,0.5,0.0,0.0,0.14285714285714285,0.0,0.18465317868390516,1.7856105302405618,global
143,0.4521088329120692,0.0,0.0,0.0,0.0,0.2857142857142857,0.0,0.32151712617552425,0.542729293074594,global
144,0.2926190082804681,0.0,0.0,0.0,0.0,0.14285714285714285,0.0,0.177623793796748,0.3180494939155515,global
145,0.31931559099010914,0.0,0.0,0.0,0.0,0.2857142857142857,0.0,0.23618492920680026,0.42892046913392845,global
146,0.46943829077013666,0.0,0.0,0.0,0.0,0.7142857142857143,0.0,0.6477885804128182,0.8979212637700664,global
147,0.4096558550091049,0.0,0.0,0.0,0.0,0.2857142857142857,0.0,0.4090528893549241,0.5522718116045755,global
148,0.3824699160456407,0.0,0.0,0.0,0.0,0.42857142857142855,0.0,0.4625938881405683,0.628805219169326,global
149,0.4088059606190721,0.0,0.0,0.0,0.0,0.42857142857142855,0.0,0.43934126511062044,0.6353057967014057,global
15,0.42312923579510064,0.0,0.0,0.0,0.0,0.2857142857142857,0.0,0.4504745662856601,0.5769245108484673,global
150,0.4887266995745806,0.0,0.0,0.0,0.0,0.2857142857142857,0.0,0.36523051290911657,0.5821853677655378,global
151,0.3182650366625709,0.0,0.0,0.0,0.0,0.2857142857142857,0.0,0.23539898946252308,0.42797576063969456,global
152,0.46004086880301426,0.0,0.0,0.0,0.0,0.7142857142857143,0.0,0.6305073972573184,0.885370337327593,global
153,0.4394937637488583,0.0,0.0,0.125,0.125,0.5714285714285714,0.0,0.5314831502772079,0.9245038040744838,global
154,0.4261662816638968,0.0,0.0,0.0,0.0,0.2857142857142857,0.0,0.3413395820322628,0.5350927446683861,global
155,0.46257258536519186,0.0,0.0,0.8,0.8,0.42857142857142855,0.0,0.36130050478262943,1.6763494674178812,global
156,0.3690468663736151,0.0,0.0,0.0,0.0,0.42857142857142855,0.0,0.37163439186725744,0.5843675908567864,global
157,0.3022246952287227,0.0,0.0,0.0,0.0,0.42857142857142855,0.0,0.2788270740215452,0.507151361031566,global
158,0.5017005594367924,0.0,0.0,0.0,0.0,0.5714285714285714,0.0,0.6981015351326889,0.8659752354294368,global
159,0.4499393034761433,0.0,0.0,0.0,0.0,0.7142857142857143,0.0,0.6449738812607092,0.8850959917328268,global
16,0.41679804928169795,0.0,0.0,0.0,0.0,0.42857142857142855,0.0,0.3721786216110927,0.6132359924991702,global
160,0.3794591063467673,0.0,0.0,0.0,0.0,0.14285714285714285,0.0,0.2265951177255196,0.38974208232683966,global
161,0.4115600201072185,0.0,0.0,0.0,0.0,0.42857142857142855,0.0,0.4341881366414149,0.6348969810066113,global
162,0.5069917993048676,0.0,0.0,0.0,0.0,0.42857142857142855,0.0,0.5181355542196017,0.7257350155564755,global
163,0.41533768401102183,0.0,0.0,0.14285714285714285,0.14285714285714285,0.2857142857142857,0.0,0.38617047352374684,0.7322422283875405,global
164,0.5035538273497273,0.0,0.0,0.1111111111111111,0.1111111111111111,0.5714285714285714,0.0,0.588869699285279,0.9678389062826781,global
165,0.3217969026029415,0.0,0.0,0.0,0.0,0.14285714285714285,0.0,0.17980033484182004,0.33642684692706437,global
166,0.4679353470998672,0.0,0.0,0.0,0.0,0.42857142857142855,0.0,0.6097779961042838,0.7389581209873481,global
167,0.5428291276062791,0.0,0.0,0.0,0.0,0.7142857142857143,0.0,0.875793316495447,1.0331576603048034,global
168,0.31925369233405293,0.0,0.0,0.0,0.0,0.42857142857142855,0.0,0.3291909834992303,0.5375143230858381,global
169,0.6031279679801821,1.0,0.5,0.06666666666666667,0.06666666666666667,0.8571428571428571,0.0,0.951390374649332,2.657671025885937,global
17,0.3484869385759977,0.0,0.0,0.0,0.0,0.14285714285714285,0.0,0.22053011894511015,0.3687327821522141,global
170,0.5443588981294716,0.0,0.0,0.0,0.0,0.42857142857142855,0.0,0.6920088983442138,0.8177046125010827,global
171,0.37743985651079337,0.0,0.0,0.0,0.0,0.5714285714285714,0.0,0.41801171877132953,0.6793828871292935,global
172,0.47993005144218254,0.0,0.0,0.0,0.0,0.2857142857142857,0.0,0.36314163497262386,0.5760718277115019,global
173,0.4685319861535906,0.0,0.0,0.1,0.1,0.2857142857142857,0.0,0.6027989725212145,0.795095923557783,global
174,0.4825234943778746,0.0,0.0,0.0,0.0,0.42857142857142855,0.0,0.6911790777232709,0.7802714420017475,global
175,0.35227016474471906,0.0,0.0,0.0,0.0,0.2857142857142857,0.0,0.27837735359127885,0.4655701831404858,global
176,0.42311323813051355,0.0,0.0,0.0,0.0,0.7142857142857143,0.0,0.5142699010013615,0.8167187604217099,global
177,0.5109186598897894,0.0,0.0,0.0,0.0,0.7142857142857143,0.0,0.7354009231623736,0.9578544223416803,global
178,0.5241734387421504,0.0,0.0,0.0,0.0,0.8571428571428571,0.0,0.9371290427645039,1.1179271089225205,global
179,0.4473822859921265,0.0,0.0,0.0,0.0,0.5714285714285714,0.0,0.5714907516348954,0.7827399579635197,global
18,0.44166221026595054,1.0,0.5,0.0,0.0,0.5714285714285714,0.0,0.6055592015735105,2.19293529250326,global
180,0.6195536808480374,0.0,0.0,0.09090909090909091,0.09090909090909091,0.5714285714285714,0.0,0.6492869619214282,1.0353430971734976,global
181,0.35871163669660594,0.0,0.0,0.0,0.0,0.42857142857142855,0.0,0.3308423461884255,0.561849634779048,global
182,0.5020365103931212,0.0,0.0,0.09090909090909091,0.09090909090909091,0.42857142857142855,0.0,0.715835475445947,0.920023628881784,global
183,0.4888098874304334,0.0,0.0,0.0,0.0,0.5714285714285714,0.0,0.6382219412607608,0.8342889946768501,global
184,0.3936944682029419,0.0,0.0,0.0,0.0,0.14285714285714285,0.0,0.2660634254591772,0.41407062253400745,global
185,0.4411566348414152,0.0,0.0,0.0,0.0,0.42857142857142855,0.0,0.372342413223184,0.627916660479837,global
186,0.3725947545903645,0.0,0.0,0.0,0.0,0.5714285714285714,0.0,0.42009625298918224,0.6773096396641772,global
187,0.5145017921922137,0.0,0.0,0.1111111111111111,0.1111111111111111,0.7142857142857143,0.0,0.6378966921833367,1.0654470537759644,global
188,0.44095575339778476,0.0,0.0,0.0,0.0,0.2857142857142857,0.0,0.46115176539839153,0.5918913010551703,global
189,0.4358648535139232,0.0,0.0,0.125,0.125,0.7142857142857143,0.0,0.5888063281474867,1.0166843005102058,global
19,0.40539324036218777,0.0,0.0,0.0,0.0,0.42857142857142855,0.0,0.5514074618746685,0.6780846432528944,global
190,0.4401071388209189,0.0,0.0,0.0,0.0,0.2857142857142857,0.0,0.416023222899627,0.573330715309545,global
191,0.289547998139164,0.0,0.0,0.0,0.0,0.2857142857142857,0.0,0.2387807756809097,0.41209825201300515,global
192,0.3332047879964108,0.0,0.0,0.0,0.0,0.2857142857142857,0.0,0.23372412863626932,0.436269667109497,global
193,0.478872531977601,0.0,0.0,0.0,0.0,0.5714285714285714,0.0,0.5696409007108828,0.8008941651851993,global
194,0.42022169717408486,0.0,0.0,0.0,0.0,0.42857142857142855,0.0,0.4611796749908989,0.6508906025865248,global
195,0.44462930942281365,0.0,0.0,0.14285714285714285,0.14285714285714285,0.14285714285714285,0.0,0.33200585398767435,0.6567227843916151,global
196,0.430978822183943,0.0,0.0,0.0,0.0,0.14285714285714285,0.0,0.22721003280666371,0.42089987786160266,global
197,0.24022872414825472,0.0,0.0,0.0,0.0,0.0,0.0,0.04562199220365076,0.16238603137041313,global
198,0.3612086998561087,0.0,0.0,0.0,0.0,0.5714285714285714,0.0,0.4956365415966293,0.7006941222666027,global
199,0.40302214035246453,0.0,0.0,0.0,0.0,0.2857142857142857,0.0,0.2773575607980536,0.49561345138784296,global
2,0.44946847990144945,0.0,0.0,0.0,0.0,0.5714285714285714,0.0,0.6407892089407597,0.8117110572314592,global
20,0.4765430751193876,0.0,0.0,0.0,0.0,0.42857142857142855,0.0,0.44060404733286634,0.6764531782904935,global
200,0.49006287374447755,0.0,0.0,0.14285714285714285,0.14285714285714285,0.42857142857142855,0.0,0.45258986656099376,0.875073670871084,global
201,0.6121557208363844,0.0,0.0,0.0,0.0,0.5714285714285714,0.0,0.8105177006481693,0.9772147984753841,global
202,0.366250253097667,0.0,0.0,0.0,0.0,0.5714285714285714,0.0,0.4637225412023546,0.6909534540538277,global
203,0.5375998602296351,0.0,0.0,0.0,0.0,1.0,0.0,1.0,1.2225599161377811,global
204,0.49310174088585745,0.0,0.0,0.0,0.0,0.5714285714285714,0.0,0.6209260457923683,0.8299457485627475,global
205,0.35376606944257016,0.0,0.0,0.0,0.0,0.5714285714285714,0.0,0.42755224747588555,0.668994826370182,global
206,0.3111351236740224,0.0,0.0,0.0,0.0,0.0,0.0,0.089714294359141,0.22256679194806983,global
207,0.4821902507186297,0.0,0.0,0.0,0.0,0.8571428571428571,0.0,0.7578998857178599,1.0210455332897503,global
208,0.5011570326294982,0.0,0.0,0.125,0.125,0.5714285714285714,0.0,0.5221142911480008,0.957754221751185,global
209,0.6108417957261593,0.0,0.0,0.0,0.0,0.7142857142857143,0.0,0.869652340392318,1.0715088707354798,global
21,0.35642000816219305,0.0,0.0,0.0,0.0,0.14285714285714285,0.0,0.2916086678928676,0.40192404348303423,global
210,0.440456970827751,0.0,0.0,0.0,0.0,0.42857142857142855,0.0,0.43260194518912104,0.6516006748580133,global
211,0.47953143886425564,0.0,0.0,0.16666666666666666,0.16666666666666666,0.42857142857142855,0.0,0.3829888570314723,0.8718667870835233,global
212,0.514037564577688,0.0,0.0,0.0,0.0,0.42857142857142855,0.0,0.7154560729204335,0.8088906822005004,global
213,0.3993252277371385,0.0,0.0,0.0,0.0,0.42857142857142855,0.0,0.4316674670755672,0.6265478377582242,global
214,0.4525705009002609,0.0,0.0,0.0,0.0,0.42857142857142855,0.0,0.4097768754921369,0.6497387650227255,global
215,0.48737433084576315,0.0,0.0,0.0,0.0,0.2857142857142857,0.0,0.4464997391026435,0.6138816370056581,global
216,0.4830844463336729,0.0,0.0,0.0,0.0,0.5714285714285714,0.0,0.6867605180160066,0.8502691607208921,global
217,0.5094207862486044,1.0,0.5,0.0,0.0,0.7142857142857143,0.0,0.7116763170238652,2.3474658557015657,global
218,0.28715189254910156,0.0,0.0,0.0,0.0,0.2857142857142857,0.0,0.2297938719368211,0.4070658271613322,global
219,0.39108876859499697,0.0,0.0,0.0,0.0,0.14285714285714285,0.0,0.26852126238685264,0.41349033754031067,global
22,0.564835564235861,0.0,0.0,0.0,0.0,0.42857142857142855,0.0,0.6161180740296917,0.7996342824391076,global
220,0.3974723782246619,0.0,0.0,0.0,0.0,0.7142857142857143,0.0,0.6224575079799047,0.8446092872696161,global
221,0.37712827122822024,0.0,0.0,0.14285714285714285,0.14285714285714285,0.42857142857142855,0.0,0.4331058244417771,0.799519292513643,global
222,0.6026528127301539,0.0,0.0,0.0,0.0,0.7142857142857143,0.0,0.733903595829527,1.0122959831127603,global
223,0.4198282530724092,1.0,0.5,0.0,0.0,0.5714285714285714,0.0,0.5977148596965771,2.1766971814363623,global
224,0.4703536525260182,0.0,0.0,0.0,0.0,0.5714285714285714,0.0,0.6184078046384306,0.8152895990852689,global
225,0.3996743213902204,1.0,0.5,0.0,0.0,0.5714285714285714,0.0,0.4628603288151243,2.1106630100744677,global
226,0.3836663198506298,0.0,0.0,0.0,0.0,0.5714285714285714,0.0,0.487308474673733,0.7108374674941568,global
227,0.3472027198983213,0.0,0.0,0.0,0.0,0.42857142857142855,0.0,0.3534393964556047,0.563983104806949,global
228,0.42234618703125015,0.0,0.0,0.0,0.0,0.14285714285714285,0.0,0.25002987744035077,0.42484823462346183,global
229,0.42945761656425263,1.0,0.5,0.0,0.0,0.5714285714285714,0.0,0.6103972978019578,2.1875477747736203,global
23,0.5365949115520658,0.0,0.0,0.0,0.0,0.2857142857142857,0.0,0.44383479587269614,0.6423480081374608,global
230,0.4416764358815372,0.0,0.0,0.0,0.0,0.42857142857142855,0.0,0.4405173535601572,0.6554985172386995,global
231,0.4822365208869739,0.0,0.0,0.0,0.0,0.14285714285714285,0.0,0.3974207339383339,0.5197387775360893,global
232,0.32656543723947745,0.0,0.0,0.0,0.0,0.2857142857142857,0.0,0.29404957269871956,0.45641623428031713,global
233,0.34317908574854356,1.0,0.5,0.0,0.0,0.2857142857142857,0.0,0.23383418259669939,1.8422982673449486,global
234,0.4178291849056066,0.0,0.0,0.0,0.0,0.42857142857142855,0.0,0.37036993138376845,0.6131311977825856,global
235,0.546310711656263,0.0,0.0,0.08333333333333333,0.08333333333333333,0.8571428571428571,0.0,0.8202870269229854,1.1928059996677138,global
236,0.5217146223069066,0.0,0.0,0.0,0.0,0.5714285714285714,0.0,0.7220692730431704,0.8875707683156977,global
237,0.3848686304856203,0.0,0.0,0.0,0.0,0.14285714285714285,0.0,0.38490141800179634,0.45631031692066215,global
238,0.4449199746824652,0.0,0.0,0.0,0.0,0.42857142857142855,0.0,0.42617580835033697,0.6517080224353282,global
239,0.4239713528589649,0.0,0.0,0.0,0.0,0.7142857142857143,0.0,0.5611610912230771,0.835990105347467,global
24,0.4086083771555257,0.0,0.0,0.0,0.0,0.2857142857142857,0.0,0.41525799326584645,0.5541253664567969,global
240,0.40714412322176535,0.0,0.0,0.0,0.0,0.5714285714285714,0.0,0.46867018086311224,0.7174688319925897,global
241,0.37303464114292606,0.0,0.0,0.0,0.0,0.2857142857142857,0.0,0.3463616325363275,0.5052225805574295,global
242,0.39878635255847034,0.0,0.0,0.0,0.0,0.5714285714285714,0.0,0.4251336458402168,0.6950395555854546,global
243,0.45551805829453607,0.0,0.0,0.0,0.0,0.42857142857142855,0.0,0.48862387970800714,0.6830461011456388,global
244,0.509853609216956,0.0,0.0,0.16666666666666666,0.16666666666666666,0.5714285714285714,0.0,0.43465663908602986,0.982155773545538,global
245,0.39084341364381436,0.0,0.0,0.0,0.0,0.2857142857142857,0.0,0.32185959556103266,0.5061070292678446,global
246,0.4695224630976564,0.0,0.0,0.0,0.0,0.42857142857142855,0.0,0.4158203469868395,0.662327330939044,global
247,0.45264359792152803,0.0,0.0,0.16666666666666666,0.16666666666666666,0.5714285714285714,0.0,0.44549179403211514,0.9521638287467152,global
248,0.5015558913253417,0.0,0.0,0.0,0.0,0.7142857142857143,0.0,0.8396525484933414,0.9939374113353987,global
249,0.45065585117889484,0.0,0.0,0.0,0.0,0.42857142857142855,0.0,0.4642802056683071,0.670391307260374,global
25,0.380329822312555,0.0,0.0,0.0,0.0,0.42857142857142855,0.0,0.3899569478727569,0.59846638682235,global
250,0.3976517489623707,0.0,0.0,0.0,0.0,0.14285714285714285,0.0,0.32070742987372025,0.438302592755482,global
251,0.5058598045586853,0.0,0.0,0.0,0.0,0.7142857142857143,0.0,0.8958522536244308,1.0189996413278406,global
252,0.5290990950567231,0.0,0.0,0.1111111111111111,0.1111111111111111,0.42857142857142855,0.0,0.5386801080757427,0.8916616589944897,global
253,0.2879832788717967,0.0,0.0,0.0,0.0,0.14285714285714285,0.0,0.18548604152897905,0.3184129553632411,global
254,0.4603626433673398,0.0,0.0,0.0,0.0,0.5714285714285714,0.0,0.6666829043874023,0.8286050334896504,global
255,0.3870975481748518,0.0,0.0,0.0,0.0,0.0,0.0,0.09483766366457066,0.27019359437073937,global
256,0.3558881965677349,0.0,0.0,0.0,0.0,0.2857142857142857,0.0,0.3455224121987848,0.49459902567729774,global
257,0.47543283719704366,0.0,0.0,0.0,0.0,0.5714285714285714,0.0,0.5971204089054355,0.8098221515946861,global
258,0.43094244595585113,0.0,0.0,0.0,0.0,0.14285714285714285,0.0,0.22772756515241654,0.42108506506304877,global
259,0.46511665704678895,0.0,0.0,0.0,0.0,0.5714285714285714,0.0,0.5516437348769371,0.7854417738931339,global
26,0.43958069259704535,0.0,0.0,0.1111111111111111,0.1111111111111111,0.8571428571428571,0.0,0.6870253111515419,1.111574413034717,global
260,0.47286149565027347,0.0,0.0,0.0,0.0,0.8571428571428571,0.0,0.6939531654880287,0.9898695921568041,global
261,0.3450392695749385,0.0,0.0,0.0,0.0,0.2857142857142857,0.0,0.2371748399322393,0.4447506405750017,global
262,0.41077249199728366,1.0,0.5,0.0,0.0,0.14285714285714285,0.0,0.22336132699759254,1.8072365974259785,global
263,0.4680544681715618,0.0,0.0,0.0,0.0,0.2857142857142857,0.0,0.4831313072067593,0.6169423466427837,global
264,0.5498569262711787,0.0,0.0,0.0,0.0,0.7142857142857143,0.0,0.8699282208683821,1.0350283012529171,global
265,0.5363432805940068,0.0,0.0,0.0,0.0,0.5714285714285714,0.0,0.8135285897549133,0.9329316899726551,global
266,0.48526795526726874,0.0,0.0,0.125,0.125,0.7142857142857143,0.0,0.5917266048757976,1.0474942722535374,global
267,0.4565658314896153,0.0,0.0,0.0,0.0,0.5714285714285714,0.0,0.6418408322534445,0.8163901175094328,global
268,0.521683709896566,0.0,0.0,0.42857142857142855,0.42857142857142855,0.5714285714285714,0.0,0.537478703928751,1.3708588503665828,global
269,0.5809605210094791,0.0,0.0,0.0,0.0,0.7142857142857143,0.0,0.9173189319028036,1.072646742509666,global
27,0.4395642026966248,1.0,0.5,0.0,0.0,0.42857142857142855,0.0,0.3729569168182511,2.0272070026309894,global
270,0.5407865457917997,0.0,0.0,0.0,0.0,0.42857142857142855,0.0,0.540709280333996,0.7550413538943925,global
271,0.5285606382785135,0.0,0.0,0.0,0.0,0.2857142857142857,0.0,0.46702023512909646,0.6468016198758896,global
272,0.434506233390021,0.0,0.0,0.0,0.0,0.5714285714285714,0.0,0.5166785024017383,0.7530894267089936,global
273,0.4830578163750833,0.0,0.0,0.0,0.0,0.2857142857142857,0.0,0.3561708312483378,0.575160165181528,global
274,0.3847600678725532,0.0,0.0,0.0,0.0,0.42857142857142855,0.0,0.36399451069135214,0.590739559285787,global
275,0.39072719676353707,0.0,0.0,0.0,0.0,0.42857142857142855,0.0,0.42066800797605636,0.616989235534259,global
276,0.3667276234089457,0.0,0.0,0.0,0.0,0.42857142857142855,0.0,0.3691572253558826,0.5819851784734347,global
277,0.5093176628414969,0.0,0.0,0.0,0.0,0.7142857142857143,0.0,0.813959480957935,0.9883172472309293,global
278,0.29318788523318495,0.0,0.0,0.0,0.0,0.14285714285714285,0.0,0.09460925712683345,0.28518500541921576,global
279,0.30522969654476134,0.0,0.0,0.0,0.0,0.42857142857142855,0.0,0.28459479567400586,0.5112614504821734,global
28,0.5076823077320297,0.0,0.0,0.0,0.0,0.7142857142857143,0.0,0.8014370199087744,0.9823270497455847,global
280,0.4006019644301465,0.0,0.0,0.2,0.2,0.42857142857142855,0.0,0.3355123767394947,0.8488518436396001,global
281,0.38064384416250374,0.0,0.0,0.0,0.0,0.42857142857142855,0.0,0.3218811342893006,0.5714244744989367,global
282,0.3266366637645775,0.0,0.0,0.0,0.0,0.2857142857142857,0.0,0.282081424054111,0.4516717107375337,global
283,0.40885119709216605,0.0,0.0,0.0,0.0,0.42857142857142855,0.0,0.36591984216578743,0.6059643694073289,global
284,0.30858477598554884,0.0,0.0,0.0,0.0,0.42857142857142855,0.0,0.3300592785773808,0.5314602913079959,global
285,0.33718830492576246,0.0,0.0,0.0,0.0,0.2857142857142857,0.0,0.4135017567897048,0.5105708285284822,global
286,0.4888848549478677,0.0,0.0,0.16666666666666666,0.16666666666666666,0.2857142857142857,0.0,0.35605341867597934,0.7952760899629219,global
287,0.543739271662326,0.0,0.0,0.0,0.0,0.8571428571428571,0.0,0.8432188246067079,1.0921025214115074,global
288,0.28847900957966305,0.0,0.0,0.0,0.0,0.2857142857142857,0.0,0.23367694176753198,0.4094153253119535,global
289,0.4646162500985048,0.0,0.0,0.0,0.0,0.7142857142857143,0.0,0.6075200232230411,0.8789206164911765,global
29,0.5350462883964524,0.0,0.0,0.0,0.0,0.5714285714285714,0.0,0.7270437807519655,0.8975595710529434,global
290,0.5228031526289955,0.0,0.0,0.0,0.0,0.7142857142857143,0.0,0.782994871405401,0.9840226972824149,global
291,0.5292349521467551,0.0,0.0,0.0,0.0,0.8571428571428571,0.0,0.9296528556919597,1.1179735421362655,global
292,0.5715339094574332,0.0,0.0,0.0,0.0,0.7142857142857143,0.0,0.9760585290710437,1.0904866144457346,global
293,0.5282190758336833,0.0,0.0,0.1,0.1,0.7142857142857143,0.0,0.6823138199568191,1.0769998306257946,global
294,0.43341268226243096,0.0,0.0,0.0,0.0,0.5714285714285714,0.0,0.5681453799522777,0.7730200470526553,global
295,0.41971046103746484,1.0,0.5,0.0,0.0,0.5714285714285714,0.0,0.5320697079985658,2.150368445536191,global
296,0.4456525200498038,0.0,0.0,0.0,0.0,0.5714285714285714,0.0,0.5531109008790348,0.7743501580957819,global
297,0.25468768413177345,0.0,0.0,0.0,0.0,0.14285714285714285,0.0,0.14086064210860919,0.28058543875107916,global
298,0.5301671975917239,0.0,0.0,0.125,0.125,0.14285714285714285,0.0,0.40563931778486373,0.7142846170975513,global
299,0.25888143498559113,0.0,0.0,0.0,0.0,0.0,0.0,0.0,0.15532886099135468,global
3,0.4477656392592165,0.0,0.0,0.0,0.0,0.5714285714285714,0.0,0.5976602988394762,0.7934377888056061,global
30,0.3747887235354211,0.0,0.0,0.2,0.2,0.14285714285714285,0.0,0.23465384528615116,0.6501633436642846,global
300,0.3210679751689788,0.0,0.0,0.0,0.0,0.2857142857142857,0.0,0.23129860168791816,0.4280173686336974,global
301,0.43479867069867295,1.0,0.990123291593549,0.5,0.5,0.14285714285714285,0.4666666666666666,0.15388604326328228,3.5967014660507237,global
302,0.6971069623389903,0.0,0.0,0.0,0.0,0.0,0.4666666666666666,0.16675484987098557,0.951632784018455,global
303,0.6553348450408524,0.0,0.0,0.4,0.4,0.2857142857142857,0.4666666666666666,0.35155745386703324,1.663347698095134,global
304,0.04403670054997663,0.0,0.0,0.0,0.0,0.0,0.4666666666666666,0.20222990975210683,0.5739806508974954,global
305,0.5856076702894865,0.0,0.0,0.0,0.0,0.0,0.4666666666666666,0.045643822697591103,0.8362887979193949,global
306,0.7455318930441063,0.0,0.0,0.2,0.2,0.14285714285714285,0.4666666666666666,0.30716116236722624,1.3682788388685923,global
307,0.8930440446932293,0.0,0.0,0.0,0.0,0.0,0.4666666666666666,0.3330906545467652,1.1357293553013101,global
308,0.7168044191210302,0.0,0.0,0.0,0.0,0.0,0.4666666666666666,0.1673563445692264,0.9636918559669753,global
309,0.7174859196324401,0.0,0.0,0.0,0.0,0.0,0.4666666666666666,0.21801988888590595,0.984366174000493,global
31,0.45520794971946327,0.0,0.0,0.0,0.0,0.5714285714285714,0.0,0.5806074722644552,0.7910820444517458,global
310,0.7505419678041155,0.0,0.0,0.2,0.2,0.14285714285714285,0.4666666666666666,0.3079813406007271,1.371612955017998,global
311,0.8349339309527568,0.0,0.0,0.0,0.0,0.0,0.4666666666666666,0.24218093139465474,1.0644993977961827,global
312,0.4178717140816166,0.0,0.0,0.5,0.5,0.14285714285714285,0.4666666666666666,0.13781963863088487,1.493946121996562,global
313,0.6245919607213033,0.0,0.0,0.0,0.0,0.0,0.4666666666666666,0.1024003394917804,0.8823819788961608,global
314,0.5002476269272014,0.0,0.0,0.6,0.6,0.14285714285714285,0.4666666666666666,0.34793561590404753,1.7574180606131777,global
315,0.7558065777136012,0.0,0.0,0.2,0.2,0.14285714285714285,0.4666666666666666,0.30836529981585137,1.3749253046497392,global
316,0.6053579932000388,0.0,0.0,0.0,0.0,0.0,0.4666666666666666,0.09533712677194274,0.868016313295467,global
317,0.5708702278831941,0.0,0.0,0.3333333333333333,0.3333333333333333,0.14285714285714285,0.4666666666666666,0.19092460598777303,1.390320550553597,global
318,0.7921555359402994,0.0,0.0,0.0,0.0,0.0,0.4666666666666666,0.22030969353075555,1.0300838656431486,global
319,0.8064704923307426,0.0,0.0,0.0,0.0,0.0,0.4666666666666666,0.2276153190934584,1.0415950897024955,global
32,0.26234881803177995,0.0,0.0,0.0,0.0,0.14285714285714285,0.0,0.1360757919172784,0.28326817901455076,global
320,0.7825409395234594,1.0,0.990123291593549,0.0,0.0,0.0,0.4666666666666666,0.22086908139536046,3.110711471169855,global
321,0.4719077887229663,1.0,0.990123291593549,0.5,0.5,0.14285714285714285,0.4666666666666666,0.13899507177820872,3.6130105482712698,global
322,0.5903806350485234,1.0,0.990123291593549,0.3333333333333333,0.3333333333333333,0.14285714285714285,0.4666666666666666,0.1942299732827041,3.489521550001736,global
323,0.7443233556258225,0.0,0.0,0.2,0.2,0.14285714285714285,0.4666666666666666,0.3089595900250124,1.3682730874807365,global
324,0.6692570956833701,0.0,0.0,0.25,0.25,0.14285714285714285,0.4666666666666666,0.2524201585903281,1.3656175589413913,global
325,0.7895515591577715,0.0,0.0,0.0,0.0,0.14285714285714285,0.4666666666666666,0.33218299117902506,1.1446993700615111,global
326,0.03872074429011432,0.0,0.0,0.0,0.0,0.0,0.4666666666666666,0.04335499307273362,0.5072411104698287,global
327,0.9043578884307182,0.0,0.0,0.14285714285714285,0.14285714285714285,0.14285714285714285,0.4666666666666666,0.43942515402232585,1.442194318476885,global
328,0.63581159052027,0.0,0.0,0.0,0.0,0.0,0.4666666666666666,0.10176036857869958,0.8888577684103085,global
329,0.6061360703819715,0.0,0.0,0.0,0.0,0.0,0.4666666666666666,0.09928157797137897,0.870060940084401,global
33,0.3078963103370956,0.0,0.0,0.0,0.0,0.42857142857142855,0.0,0.32884960215779324,0.530563341351089,global
330,0.8543551942086485,0.0,0.0,0.0,0.0,0.14285714285714285,0.4666666666666666,0.39025983918774954,1.206812290295527,global
331,0.9980066417688654,0.0,0.0,0.14285714285714285,0.14285714285714285,0.0,0.4666666666666666,0.4113507353809619,1.4157252315946565,global
332,0.7830696008085835,0.0,0.0,0.0,0.0,0.0,0.4666666666666666,0.21893788326629665,1.0240835804583353,global
333,0.8738355257645541,0.0,0.0,0.0,0.0,0.0,0.4666666666666666,0.29134081086631786,1.1075043064719263,global
334,0.8826801176671301,0.0,0.0,0.0,0.0,0.0,0.4666666666666666,0.2963259537899923,1.1148051187829418,global
335,0.5714866055938388,0.0,0.0,0.0,0.0,0.0,0.4666666666666666,0.04521361997620466,0.8276440780134517,global
336,0.7093509349073641,0.0,0.0,0.0,0.0,0.0,0.4666666666666666,0.15573394102419305,0.9545708040207623,global
337,0.5955509325723203,0.0,0.0,0.0,0.0,0.14285714285714285,0.4666666666666666,0.21819771398896898,0.9827048832342178,global
338,0.5972905432313119,0.0,0.0,0.0,0.0,0.0,0.4666666666666666,0.0969862232776321,0.8638354819165066,global
339,0.7823666880384185,0.0,0.0,0.0,0.0,0.0,0.4666666666666666,0.18032893181594048,1.0082182522160938,global
34,0.5394670091930733,0.0,0.0,0.2,0.2,0.5714285714285714,0.0,0.634233833995526,1.1230880248283401,global
340,0.7615333970706953,0.0,0.0,0.0,0.0,0.0,0.4666666666666666,0.21646157285074383,1.0101713340493814,global
341,0.7781507865720957,0.0,0.0,0.0,0.0,0.0,0.4666666666666666,0.1770278250171398,1.0043682686167799,global
342,0.7355452155607622,0.0,0.0,0.0,0.0,0.14285714285714285,0.4666666666666666,0.3632103196963375,1.1247064953102304,global
343,0.9213400246847041,0.0,0.0,0.0,0.0,0.0,0.4666666666666666,0.3351072489526213,1.1535135810585375,global
344,0.8905610102549798,0.0,0.0,0.0,0.0,0.0,0.4666666666666666,0.34374478844138806,1.1385011881962097,global
345,0.4172139393373789,1.0,0.990123291593549,0.3333333333333333,0.3333333333333333,0.2857142857142857,0.4666666666666666,0.23653118491088507,3.4739705886548933,global
346,0.7083653310980494,0.0,0.0,0.0,0.0,0.14285714285714285,0.4666666666666666,0.26101227945563604,1.067519348536322,global
347,0.8425291298628728,0.0,0.0,0.16666666666666666,0.16666666666666666,0.14285714285714285,0.4666666666666666,0.37722405927548236,1.4111690063898212,global
348,0.7935511229752936,0.0,0.0,0.16666666666666666,0.16666666666666666,0.2857142857142857,0.4666666666666666,0.4205314617670683,1.4705337346824794,global
349,0.9238579094199617,1.0,0.990123291593549,0.0,0.0,0.0,0.4666666666666666,0.34120364299431466,3.243635477747338,global
35,0.40266167605162995,0.0,0.0,0.0,0.0,0.42857142857142855,0.0,0.37580971350682935,0.606206605319424,global
350,0.6866221914157793,0.0,0.0,0.0,0.0,0.0,0.4666666666666666,0.15731259780537704,0.9415650206382851,global
351,0.699611458259578,0.0,0.0,0.0,0.0,0.0,0.4666666666666666,0.17033749197767592,0.9545685384134838,global
352,0.7797445969772198,0.0,0.0,0.0,0.0,0.0,0.4666666666666666,0.216512447282727,1.0211184037660892,global
353,0.6683708742888288,0.0,0.0,0.0,0.0,0.0,0.4666666666666666,0.15310506264180024,0.928931216296684,global
354,0.5500623855080602,0.0,0.0,0.0,0.0,0.0,0.4666666666666666,0.04480765050965238,0.8146271581753637,global
355,0.7659590894492341,0.0,0.0,0.0,0.0,0.0,0.4666666666666666,0.17501618052147397,0.9962485925447966,global
356,0.572723200454629,0.0,0.0,0.0,0.0,0.0,0.4666666666666666,0.09248853720557966,0.8472960018216759,global
357,0.7186325830064593,0.0,0.0,0.0,0.0,0.0,0.4666666666666666,0.20425497847913024,0.9795482078621943,global
358,1.0,0.0,0.0,0.0,0.0,0.0,0.4666666666666666,0.4032016413793065,1.2279473232183893,global
359,0.6727726932294453,0.0,0.0,0.0,0.0,0.0,0.4666666666666666,0.15519352526584057,0.93240769271067,global
36,0.3841575466006201,0.0,0.0,0.16666666666666666,0.16666666666666666,0.5714285714285714,0.0,0.44477392078596256,0.9107850486557094,global
360,0.6753620998313031,0.0,0.0,0.25,0.25,0.14285714285714285,0.4666666666666666,0.250089393498658,1.3683482553934831,global
361,0.6623015572388209,0.0,0.0,0.0,0.0,0.0,0.4666666666666666,0.10954566559225129,0.9078658672468597,global
362,0.884224655265326,0.0,0.0,0.0,0.0,0.0,0.4666666666666666,0.32569841651937415,1.127480826433612,global
363,0.7987652787118508,0.0,0.0,0.0,0.0,0.0,0.4666666666666666,0.23225678259456614,1.0388285469316034,global
364,0.7546925003517564,0.0,0.0,0.0,0.0,0.0,0.4666666666666666,0.20894142974563448,1.0030587387759742,global
365,0.050517674427497807,0.0,0.0,0.0,0.0,0.0,0.4666666666666666,0.10616042925798287,0.5394414430263584,global
366,0.6619092945031455,0.0,0.0,0.0,0.0,0.0,0.4666666666666666,0.1532353557271682,0.9251063856594212,global
367,0.9102133290110925,0.0,0.0,0.0,0.0,0.0,0.4666666666666666,0.30364667941993,1.134253335841294,global
368,0.0636807620499832,0.0,0.0,0.0,0.0,0.0,0.4666666666666666,0.21715112282179605,0.591735573025375,global
369,0.5890123671022857,0.0,0.0,0.0,0.0,0.14285714285714285,0.4666666666666666,0.20112510885631574,0.9719527018991357,global
37,0.44841844242153633,0.0,0.0,0.0,0.0,0.42857142857142855,0.0,0.5049695598478482,0.6853246036777754,global
370,0.8554816266899129,0.0,0.0,0.14285714285714285,0.14285714285714285,0.14285714285714285,0.4666666666666666,0.42193555484299045,1.4058727217606677,global
371,0.7864168536996191,0.0,0.0,0.0,0.0,0.0,0.4666666666666666,0.2189965619638509,1.0261154036719784,global
372,0.5770646220584813,0.0,0.0,0.0,0.0,0.0,0.4666666666666666,0.04396475825902864,0.8304913432053669,global
373,0.5999834178053607,0.0,0.0,0.0,0.0,0.0,0.4666666666666666,0.09430221926258103,0.8643776050549155,global
374,0.6530482619237324,0.0,0.0,0.0,0.0,0.0,0.4666666666666666,0.10922879242883139,0.9021871407924387,global
375,0.7850864879125569,0.0,0.0,0.0,0.0,0.0,0.4666666666666666,0.2258488583134032,1.028058102739562,global
376,0.5768132864419223,1.0,0.990123291593549,0.6,0.6,0.14285714285714285,0.4666666666666666,0.3241898062271332,3.8800317406822136,global
377,0.714130741744486,0.0,0.0,0.5,0.5,0.0,0.4666666666666666,0.12172147203616769,1.5938337005278251,global
378,0.6843924615374226,0.0,0.0,0.0,0.0,0.0,0.4666666666666666,0.15276350364806862,0.9384075450483477,global
379,0.6866781094064591,0.0,0.0,0.0,0.0,0.0,0.4666666666666666,0.10918767713607438,0.9223486031649719,global
38,0.4021091413285836,0.0,0.0,0.0,0.0,0.5714285714285714,0.0,0.5425979490666439,0.7440189501380934,global
380,0.22170874470340785,0.0,0.0,1.0,1.0,0.0,0.4666666666666666,0.04124680204791336,1.9161906343078767,global
381,0.7817872280152826,0.0,0.0,0.0,0.0,0.14285714285714285,0.4666666666666666,0.32730843953963984,1.1380909507202635,global
382,0.84173633482952,0.0,0.0,0.16666666666666666,0.16666666666666666,0.14285714285714285,0.4666666666666666,0.386453648727809,1.4143851651507404,global
383,0.7877154210518406,0.0,0.0,0.2,0.2,0.14285714285714285,0.4666666666666666,0.32204561649427976,1.3995427373240543,global
384,0.6791759922924483,0.0,0.0,0.4,0.4,0.2857142857142857,0.4666666666666666,0.3499334925518474,1.6770028019200174,global
385,0.7258311382819822,0.0,0.0,0.25,0.25,0.0,0.4666666666666666,0.21036919986984037,1.311313029583792,global
386,0.7965080820739877,0.0,0.0,0.2,0.2,0.14285714285714285,0.4666666666666666,0.3337795190575453,1.4095118949626488,global
387,0.565163540971688,0.0,0.0,0.0,0.0,0.0,0.4666666666666666,0.04175199663474876,0.8224655899035789,global
388,0.801051025028054,0.0,0.0,0.0,0.0,0.0,0.4666666666666666,0.23002641524623976,1.039307847781995,global
389,0.7930992504801876,0.0,0.0,0.0,0.0,0.0,0.4666666666666666,0.2196432091084014,1.0303835005981399,global
39,0.4038397440718231,0.0,0.0,0.0,0.0,0.42857142857142855,0.0,0.4667972629933044,0.6433084659261299,global
390,0.8126351554616896,0.0,0.0,0.16666666666666666,0.16666666666666666,0.14285714285714285,0.4666666666666666,0.36815844069500747,1.3896063743169214,global
391,0.8582775262239025,0.0,0.0,0.0,0.0,0.14285714285714285,0.4666666666666666,0.3906096041659303,1.2093055954959515,global
392,0.7013033712663085,0.0,0.0,0.0,0.0,0.0,0.4666666666666666,0.16650625355597434,0.9540511908488415,global
393,0.58745444068942,0.0,0.0,0.0,0.0,0.0,0.4666666666666666,0.04495768952783342,0.8371224068914519,global
394,0.6648148641808275,0.0,0.0,0.0,0.0,0.14285714285714285,0.4666666666666666,0.22840457453386512,1.0283459864172806,global
395,0.6927982744180623,0.0,0.0,0.0,0.0,0.0,0.4666666666666666,0.15737268473556787,0.9452947052117311,global
396,0.9293659299490878,0.0,0.0,0.0,0.0,0.0,0.4666666666666666,0.38574505390248776,1.1785842461971143,global
397,0.3948244201704154,0.0,0.0,0.3333333333333333,0.3333333333333333,0.14285714285714285,0.4666666666666666,0.18442885776339693,1.2820947666361793,global
398,0.44695970152911063,0.0,0.0,1.0,1.0,0.14285714285714285,0.4666666666666666,0.1420026052316521,2.1630721011053655,global
399,0.11598622164219749,0.0,0.0,0.0,0.0,0.0,0.4666666666666666,0.1909333697940474,0.612631747569604,global
4,0.43364742953140273,0.0,0.0,0.25,0.25,0.2857142857142857,0.0,0.26138281873680674,0.8325987280707072,global
40,0.43853533135754996,0.0,0.0,0.0,0.0,0.7142857142857143,0.0,0.6475720918982566,0.8792928927166898,global
400,0.058023889404822115,0.0,0.0,0.0,0.0,0.0,0.4666666666666666,0.20222990975210683,0.5823729642104026,global
401,0.8724341303467252,0.0,0.0,0.16666666666666666,0.16666666666666666,0.14285714285714285,0.4666666666666666,0.3841710027626616,1.4318907840750044,global
402,0.5867557119238394,0.0,0.0,0.0,0.0,0.0,0.4666666666666666,0.047070670390265856,0.8375483619770766,global
403,0.9618772207238854,0.0,0.0,0.0,0.0,0.14285714285714285,0.4666666666666666,0.4624749380941031,1.3002115457672105,global
404,0.4783279222514732,0.0,0.0,0.5,0.5,0.14285714285714285,0.4666666666666666,0.13423040936714462,1.52878415519298,global
405,0.27369913644452737,0.0,0.0,0.0,0.0,0.14285714285714285,0.4666666666666666,0.21048130979876145,0.7865072438814591,global
406,0.8913863913005069,0.0,0.0,0.0,0.0,0.14285714285714285,0.4666666666666666,0.3941650195097826,1.2305930806794554,global
407,0.7663248206734866,0.0,0.0,0.0,0.0,0.0,0.4666666666666666,0.21749145517138288,1.0134581411393118,global
408,0.6530900035224089,0.0,0.0,0.0,0.0,0.0,0.4666666666666666,0.10651459525915531,0.901126506883774,global
409,0.8239531339801794,0.0,0.0,0.0,0.0,0.0,0.4666666666666666,0.23544596520204536,1.0552169331355923,global
41,0.4136714657147974,0.0,0.0,0.0,0.0,0.2857142857142857,0.0,0.33866023273466767,0.5265241153798883,global
410,0.5800172987054244,0.0,0.0,0.3333333333333333,0.3333333333333333,0.14285714285714285,0.4666666666666666,0.19401438358587322,1.3970447040861753,global
411,0.9176192140196641,0.0,0.0,0.0,0.0,0.14285714285714285,0.4666666666666666,0.42145517145303335,1.2572488350882498,global
412,0.8852205468035597,1.0,0.990123291593549,0.0,0.0,0.0,0.4666666666666666,0.3240997715504086,3.2136115115999346,global
413,0.6742146488799504,1.0,0.990123291593549,0.25,0.25,0.14285714285714285,0.4666666666666666,0.25416962150980954,3.4554644842581013,global
414,0.7458638568901841,0.0,0.0,0.0,0.0,0.0,0.4666666666666666,0.17191868482742392,0.9829524547317466,global
415,0.6125095891770508,0.0,0.0,0.3333333333333333,0.3333333333333333,0.14285714285714285,0.4666666666666666,0.2022402816082455,1.4198304375781001,global
416,0.058023889404822115,0.0,0.0,0.0,0.0,0.0,0.4666666666666666,0.20222990975210683,0.5823729642104026,global
417,0.9540684899092192,0.0,0.0,0.0,0.0,0.0,0.4666666666666666,0.3902976081480376,1.1952268038714131,global
418,0.757892180939924,0.0,0.0,0.0,0.0,0.0,0.4666666666666666,0.2135861302660706,1.0068364273370494,global
419,0.8932445815717764,0.0,0.0,0.0,0.0,0.0,0.4666666666666666,0.33093856240588576,1.1349888405720867,global
42,0.4360937431764769,0.0,0.0,0.0,0.0,0.42857142857142855,0.0,0.5483273840805349,0.6952729138238144,global
420,0.7158521396776399,0.0,0.0,0.0,0.0,0.0,0.4666666666666666,0.17153772647683835,0.9647930410639859,global
421,0.7161271026142045,0.0,0.0,0.25,0.25,0.14285714285714285,0.4666666666666666,0.26711861201014997,1.3996189444678206,global
422,0.38037030870985616,0.0,0.0,0.5,0.5,0.14285714285714285,0.4666666666666666,0.14388187190947896,1.4738701720849434,global
423,0.04403670054997663,0.0,0.0,0.0,0.0,0.0,0.4666666666666666,0.20222990975210683,0.5739806508974954,global
424,0.6663260774130989,1.0,0.990123291593549,0.0,0.0,0.0,0.4666666666666666,0.15215078116001537,3.013495233809501,global
425,0.4019707738358011,0.0,0.0,0.5,0.5,0.14285714285714285,0.4666666666666666,0.13906563198747363,1.484903955191708,global
426,0.45029888175247773,0.0,0.0,0.0,0.0,0.0,1.0,0.2648051102192832,1.3761013731392,global
427,0.3770116605592762,0.0,0.0,0.0,0.0,0.0,1.0,0.1672749458295305,1.2931169746673778,global
428,0.4722154361188718,0.0,0.0,0.25,0.25,0.14285714285714285,1.0,0.3295204986722824,1.8115660325688072,global
429,0.0071676167151536905,0.0,0.0,0.0,0.0,0.0,1.0,0.07582442757895337,1.0346303410606734,global
43,0.4216187116929961,0.0,0.0,0.0,0.0,0.2857142857142857,0.0,0.4327124098705645,0.5689133338211663,global
430,0.5551321684746668,0.0,0.0,0.0,0.0,0.0,1.0,0.4826911075567253,1.5261557441074902,global
431,0.42360178219521155,0.0,0.0,0.3333333333333333,0.3333333333333333,0.14285714285714285,1.0,0.29012397020930075,1.874972562162752,global
432,0.44742919606705417,0.0,0.0,0.0,0.0,0.0,1.0,0.2745727125268468,1.3782866026509712,global
433,0.4329416617934037,0.0,0.0,0.0,0.0,0.0,1.0,0.2800974695095999,1.3718039848798822,global
434,0.030847638257854942,0.0,0.0,0.0,0.0,0.0,1.0,0.07582442757895337,1.0488383539862942,global
435,0.42770688137542506,0.0,0.0,0.25,0.25,0.14285714285714285,1.0,0.328428603354469,1.7844241415956141,global
436,0.48672334895602704,0.0,0.0,0.25,0.25,0.14285714285714285,1.0,0.35920593834010994,1.8321449561382315,global
437,0.3249889043121074,0.0,0.0,0.0,0.0,0.0,1.0,0.08725576293237215,1.2298956477602134,global
438,0.3477045789423141,0.0,0.0,0.0,0.0,0.0,1.0,0.14694870000820545,1.2674022273686707,global
439,0.5554841663191661,0.0,0.0,0.0,0.0,0.14285714285714285,1.0,0.5213726085416717,1.6132681146367398,global
44,0.3536044684184489,0.0,0.0,0.0,0.0,0.42857142857142855,0.0,0.36679268325777087,0.5731654686398919,global
440,0.4033958211854273,0.0,0.0,0.5,0.5,0.2857142857142857,1.0,0.3536947828436976,2.1763725487058783,global
441,0.3678562217278773,0.0,0.0,0.0,0.0,0.0,1.0,0.163698242359005,1.2861930299803284,global
442,0.43859307062081354,0.0,0.0,1.0,1.0,0.0,1.0,0.10031464299135827,2.6032816995690315,global
443,0.4243074514860438,0.0,0.0,0.0,0.0,0.0,1.0,0.2411771230334603,1.3510553201050104,global
444,0.028833083121142515,0.0,0.0,0.0,0.0,0.0,1.0,0.07582442757895337,1.0476296209042668,global
445,0.4421122122648895,0.0,0.0,0.25,0.25,0.14285714285714285,1.0,0.3384612210163102,1.7970803871940293,global
446,0.05252189261170781,1.0,1.0,0.0,0.0,0.0,1.0,0.2346993442583266,3.2253928732703554,global
447,0.49870225252808864,1.0,1.0,0.5,0.5,0.14285714285714285,1.0,0.3147238334772558,4.246539456336326,global
448,0.018298541002222,0.0,0.0,0.0,0.0,0.0,1.0,0.07582442757895337,1.0413088956329144,global
449,0.03038388749679297,0.0,0.0,0.0,0.0,0.0,1.0,0.07582442757895337,1.048560103529657,global
45,0.42174610232669263,0.0,0.0,0.0,0.0,0.42857142857142855,0.0,0.4879467808290192,0.6625120880133375,global
450,0.3803007311747982,0.0,0.0,0.0,0.0,0.0,1.0,0.16613908870944277,1.294636074188656,global
451,0.3393170280110954,0.0,0.0,0.5,0.5,0.14285714285714285,1.0,0.18871160186831107,2.000503428982553,global
452,0.027288699346644612,0.0,0.0,0.0,0.0,0.0,1.0,0.07582442757895337,1.046702990639568,global
453,0.01209869377684233,0.0,0.0,0.0,0.0,0.0,1.0,0.07582442757895337,1.0375889872976867,global
454,0.33838771136933565,0.0,0.0,0.0,0.0,0.0,1.0,0.09561413024319444,1.2412782789188792,global
455,0.41175425636709745,0.0,0.0,0.25,0.25,0.14285714285714285,1.0,0.31863252596084835,1.7709341356331694,global
456,0.46432479726151976,0.0,0.0,0.0,0.0,0.0,1.0,0.30023311743088693,1.3986881253292667,global
457,0.4105923829058247,0.0,0.0,0.3333333333333333,0.3333333333333333,0.14285714285714285,1.0,0.2552332957900454,1.8532106528214178,global
458,0.3086403494111452,0.0,0.0,0.5,0.5,0.14285714285714285,1.0,0.18405477940453727,1.9802346928370735,global
459,0.4344923523395177,0.0,0.0,0.0,0.0,0.0,1.0,0.24194287326235808,1.3574725607086537,global
46,0.38261945729184244,0.0,0.0,0.0,0.0,0.2857142857142857,0.0,0.34875069974482975,0.5119290971301802,global
460,0.3308921656037013,0.0,0.0,0.0,0.0,0.0,1.0,0.09784438440493107,1.237673053124193,global
461,0.24377890126162965,0.0,0.0,0.5,0.5,0.0,1.0,0.15215024850901904,1.8571274401605855,global
462,0.3515339522204212,0.0,0.0,0.0,0.0,0.0,1.0,0.10749673189392572,1.253919064089823,global
463,0.01147736294312358,0.0,0.0,0.0,0.0,0.0,1.0,0.07582442757895337,1.0372161887974554,global
464,0.3357642912713866,0.0,0.0,0.0,0.0,0.0,1.0,0.09529325452346697,1.2395758765722187,global
465,0.505813239048841,0.0,0.0,0.2,0.2,0.14285714285714285,1.0,0.444910884805374,1.8128808687800255,global
466,0.013828210524774315,0.0,0.0,0.0,0.0,0.0,1.0,0.07582442757895337,1.038626697346446,global
467,0.3354705003141926,0.0,0.0,0.0,0.0,0.0,1.0,0.09110558628507959,1.2377245347025474,global
468,0.32935666053304924,0.0,0.0,0.0,0.0,0.0,1.0,0.09624501921943175,1.2361120040076023,global
469,0.3735604966837995,0.0,0.0,0.0,0.0,0.0,1.0,0.16517034366967098,1.2902044354781481,global
47,0.4609464350658102,0.0,0.0,0.0,0.0,0.42857142857142855,0.0,0.573470824604099,0.72024190516684,global
470,0.0199062509166931,0.0,0.0,0.0,0.0,0.0,1.0,0.07582442757895337,1.0422735215815973,global
471,0.5112526419027844,1.0,1.0,0.0,0.0,0.0,1.0,0.38989937371755234,3.5627113346286916,global
472,0.0,0.0,0.0,0.0,0.0,0.0,1.0,0.07582442757895337,1.0303297710315813,global
473,0.39378006801437865,0.0,0.0,0.3333333333333333,0.3333333333333333,0.14285714285714285,1.0,0.2728346293201727,1.850163797298601,global
474,0.4834814345333494,0.0,0.0,1.0,1.0,0.0,1.0,0.17861233136594207,2.6615337932663863,global
475,0.41052534038530897,0.0,0.0,0.0,0.0,0.0,1.0,0.21971982066344192,1.3342031324965622,global
476,0.35545581661163345,0.0,0.0,0.0,0.0,0.0,1.0,0.15033858798502203,1.273408925160989,global
477,0.41910333736048905,1.0,1.0,0.25,0.25,0.14285714285714285,1.0,0.3109617998639849,3.872275293790459,global
478,0.3182765549810736,0.0,0.0,0.0,0.0,0.0,1.0,0.08561448195454456,1.225211725770462,global
479,0.43641507472855234,0.0,0.0,0.0,0.0,0.0,1.0,0.2606098914311966,1.36609300140961,global
48,0.31879214740481965,0.0,0.0,0.0,0.0,0.14285714285714285,0.0,0.1400923432985068,0.31874079719086595,global
480,0.33576446355392825,0.0,0.0,0.0,0.0,0.0,1.0,0.14386586174032723,1.2590050228284877,global
481,0.29623300376964967,0.0,0.0,0.0,0.0,0.0,1.0,0.07538036882093546,1.207891949790164,global
482,0.44139024996797005,0.0,0.0,0.0,0.0,0.0,1.0,0.25642412151194566,1.3674037985855603,global
483,0.46814513801208313,0.0,0.0,0.0,0.0,0.0,1.0,0.30960208973144265,1.404727918699827,global
484,0.43887699224954685,1.0,1.0,0.0,0.0,0.0,1.0,0.25795026603726484,3.466506301764634,global
485,0.3148842625112774,0.0,0.0,0.0,0.0,0.0,1.0,0.08747949575059562,1.2239223558070047,global
486,0.44208385948088286,0.0,0.0,0.0,0.0,0.0,1.0,0.2414453934648484,1.3618284730744692,global
487,0.1995825963191312,0.0,0.0,0.0,0.0,0.0,1.0,0.06239952848645412,1.1447093691860604,global
488,0.3781700391461314,0.0,0.0,0.0,0.0,0.0,1.0,0.17193711685175714,1.2956768702283816,global
489,0.19422041296156012,0.0,0.0,1.0,1.0,0.0,1.0,0.08983907081003911,2.4524678761009517,global
49,0.4071795149781903,0.0,0.0,0.0,0.0,0.2857142857142857,0.0,0.45783723138392884,0.5702997443976285,global
490,0.32339767814510895,0.0,0.0,0.0,0.0,0.0,1.0,0.09042695413131249,1.2302093885395904,global
491,0.3116962233005708,0.0,0.0,0.0,0.0,0.0,1.0,0.08880070415016005,1.2225380156404064,global
492,0.37460578408791984,0.0,0.0,0.0,0.0,0.0,1.0,0.16075761031886338,1.2890665145802973,global
493,0.4088796483233394,0.0,0.0,0.0,0.0,0.0,1.0,0.19473796174443225,1.3232229736917764,global
494,0.692351521175624,0.0,0.0,0.0,0.0,0.0,1.0,0.14864765522447806,1.4748699747951657,global
495,0.05252189261170781,0.0,0.0,0.0,0.0,0.0,1.0,0.2346993442583266,1.1253928732703553,global
496,0.3121838567289769,0.0,0.0,0.0,0.0,0.0,1.0,0.08809236951203017,1.2225472618421982,global
497,0.3426015700569497,0.0,0.0,0.0,0.0,0.0,1.0,0.10027630126542104,1.2456714625403382,global
498,0.015357013496906583,0.0,0.0,0.0,0.0,0.0,1.0,0.07582442757895337,1.0395439791297252,global
499,0.01797808316875095,0.0,0.0,0.0,0.0,0.0,1.0,0.07582442757895337,1.041116620932832,global
5,0.3816394403592374,0.0,0.0,0.0,0.0,0.42857142857142855,0.0,0.4382808170696082,0.6185817053291,global
50,0.3114322618348838,0.0,0.0,0.0,0.0,0.2857142857142857,0.0,0.23708774053764495,0.42455159617313115,global
500,0.31382137767611124,0.0,0.0,0.0,0.0,0.0,1.0,0.08285537518720745,1.2214349766805497,global
51,0.5576874139096832,0.0,0.0,0.2,0.2,0.7142857142857143,0.0,0.6963971287213748,1.2303141569772171,global
52,0.3276764627391549,0.0,0.0,0.0,0.0,0.2857142857142857,0.0,0.2753601576619907,0.4496070835654321,global
53,0.46118014863953166,1.0,0.5,0.0,0.0,0.8571428571428571,0.0,0.7196299500804635,2.393131497787333,global
54,0.608659074369897,0.0,0.0,0.09090909090909091,0.09090909090909091,0.7142857142857143,0.0,0.7721741548753992,1.149389781896773,global
55,0.49001827717796703,0.0,0.0,0.0,0.0,0.7142857142857143,0.0,0.7691579646914195,0.9588170093262052,global
56,0.4901186932879906,0.0,0.0,0.0,0.0,0.7142857142857143,0.0,0.8098913469390264,0.9751706118912621,global
57,0.32046193441083654,0.0,0.0,0.0,0.0,0.42857142857142855,0.0,0.3224261162125696,0.5355333214172441,global
58,0.2397554640061853,0.0,0.0,0.0,0.0,0.2857142857142857,0.0,0.19087435463741467,0.3630601631158199,global
59,0.49184668718131286,0.0,0.0,0.0,0.0,0.7142857142857143,0.0,0.6029674412084881,0.8934378459350402,global
6,0.3773793607268625,0.0,0.0,0.0,0.0,0.14285714285714285,0.0,0.33778138445360223,0.43296874164612986,global
60,0.31090529876338513,0.0,0.0,0.0,0.0,0.2857142857142857,0.0,0.2795181744270378,0.441207591885989,global
61,0.4390165411083296,1.0,0.5,0.0,0.0,0.5714285714285714,0.0,0.5572718245322485,2.1720329401921825,global
62,0.4542180634583976,0.0,0.0,0.0,0.0,0.5714285714285714,0.0,0.6013336868140053,0.7987785985149264,global
63,0.459787072007288,0.0,0.0,0.0,0.0,0.7142857142857143,0.0,0.6643110070608519,0.8987395031715708,global
64,0.43933339331432064,0.0,0.0,0.0,0.0,0.42857142857142855,0.0,0.4638796436650584,0.6634376077403301,global
65,0.5325896377988758,0.0,0.0,0.0,0.0,0.8571428571428571,0.0,0.8550387708125828,1.0901407195757873,global
66,0.41213756041060406,0.0,0.0,0.0,0.0,0.42857142857142855,0.0,0.41685104339913975,0.6283086678917327,global
67,0.47018181299656114,0.0,0.0,0.0,0.0,0.42857142857142855,0.0,0.4875759089995312,0.6914251656834635,global
68,0.34088411001046326,0.0,0.0,0.0,0.0,0.14285714285714285,0.0,0.13522833505902346,0.3300503714584588,global
69,0.5693509419832542,0.0,0.0,0.0,0.0,0.42857142857142855,0.0,0.6097680739377753,0.7998035090507769,global
7,0.5802952150569896,0.0,0.0,0.0,0.0,0.7142857142857143,0.0,0.831128768958704,1.0377714937605327,global
70,0.4293671928416481,0.0,0.0,0.0,0.0,0.42857142857142855,0.0,0.442992886084527,0.6491031844245139,global
71,0.41331316725163,0.0,0.0,0.0,0.0,0.7142857142857143,0.0,0.6225090543587409,0.8541343792373315,global
72,0.3907871510880512,0.0,0.0,0.0,0.0,0.42857142857142855,0.0,0.42169937546798875,0.6174377551257405,global
73,0.5148547252847965,0.0,0.0,0.0,0.0,0.5714285714285714,0.0,0.7100713563011437,0.8786556634056211,global
74,0.32956300579443104,0.0,0.0,0.0,0.0,0.14285714285714285,0.0,0.23691076466926111,0.3639306807729345,global
75,0.39183795153350615,0.0,0.0,0.0,0.0,0.14285714285714285,0.0,0.3286872961546393,0.43800626081053085,global
76,0.4501857659579512,0.0,0.0,0.1111111111111111,0.1111111111111111,0.7142857142857143,0.0,0.6223266319259929,1.0206294139324694,global
77,0.3745896633643744,0.0,0.0,0.0,0.0,0.42857142857142855,0.0,0.34016783672503037,0.5751066469943511,global
78,0.5134584491196355,0.0,0.0,0.0,0.0,0.5714285714285714,0.0,0.7935484902084635,0.9112087512694523,global
79,0.5391133869703236,0.0,0.0,0.0,0.0,0.8571428571428571,0.0,0.7662998296104796,1.0585593925978145,global
8,0.43335469688125067,0.0,0.0,0.0,0.0,0.42857142857142855,0.0,0.4779312809087003,0.6654710447779447,global
80,0.5220265029309799,0.0,0.0,0.0,0.0,0.42857142857142855,0.0,0.5518008700104613,0.7482219640484866,global
81,0.45848747095981635,0.0,0.0,0.0,0.0,0.8571428571428571,0.0,0.7645884188616173,1.0094992786919654,global
82,0.4050268200077684,0.0,0.0,0.0,0.0,0.42857142857142855,0.0,0.48757824199357824,0.6523331030878066,global
83,0.3377792586556095,0.0,0.0,0.0,0.0,0.14285714285714285,0.0,0.19026552842200206,0.35020233799073797,global
84,0.4626166404722855,0.0,0.0,0.0,0.0,0.5714285714285714,0.0,0.5364923658642389,0.7778812163433526,global
85,0.3284415202832928,0.0,0.0,0.0,0.0,0.2857142857142857,0.0,0.28344382141192737,0.4532995835918895,global
86,0.46700679342364926,0.0,0.0,0.14285714285714285,0.14285714285714285,0.2857142857142857,0.0,0.3747332759554908,0.7586688150078145,global
87,0.4658911409071374,0.0,0.0,0.0,0.0,0.42857142857142855,0.0,0.5089688926749067,0.6974079558999594,global
88,0.43585244917092025,0.0,0.0,0.0,0.0,0.2857142857142857,0.0,0.4794567579972619,0.5961513155585998,global
89,0.5770890861794038,0.0,0.0,0.1111111111111111,0.1111111111111111,0.7142857142857143,0.0,0.6212826518639252,1.096353814040514,global
9,0.5949903251816054,0.0,0.0,0.07142857142857142,0.07142857142857142,0.8571428571428571,0.0,0.9829103398580922,1.2715869024807716,global
90,0.2129103983573844,0.0,0.0,0.0,0.0,0.0,0.0,0.0005731680664193122,0.12797550624099835,global
91,0.3674591350810341,0.0,0.0,0.2,0.2,0.2857142857142857,0.0,0.2876660436635124,0.7383990413711683,global
92,0.32424631733376647,0.0,0.0,0.0,0.0,0.2857142857142857,0.0,0.27247312535573165,0.4463941833996954,global
93,0.42032112881244155,0.0,0.0,0.0,0.0,0.7142857142857143,0.0,0.5550749865363063,0.8313655290448446,global
94,0.540384832128122,0.0,0.0,0.0,0.0,0.5714285714285714,0.0,0.708470918712958,0.8933335524763422,global
95,0.33329757445101593,0.0,0.0,0.0,0.0,0.2857142857142857,0.0,0.31512040172288586,0.46888384821690676,global
96,0.4812017427178977,0.0,0.0,0.0,0.0,0.5714285714285714,0.0,0.7166382003237145,0.8610906114745102,global
97,0.3754781982673329,0.0,0.0,0.16666666666666666,0.16666666666666666,0.14285714285714285,0.0,0.27729879426234283,0.624301674760575,global
98,0.5229202063101895,0.0,0.0,0.125,0.125,0.2857142857142857,0.0,0.4308974942995574,0.7914682643630795,global
99,0.2804020102357673,0.0,0.0,0.0,0.0,0.2857142857142857,0.0,0.19173180227577946,0.387791069908915,global
